,onefourtyfive_ago,onethirty_ago,onefifteen_ago,one_ago,fourtyfive_ago,thirty_ago,fifteen_ago,temp,feelslike,dew,humidity,precip,snow,snowdepth,windgust,windspeed,winddir,sealevelpressure,cloudcover,visibility,solarradiation,solarenergy,uvindex,year,month,day,time,Percent Output
4,-0.0008,-0.0008,-0.0008,-0.0008,-0.0008,-0.0008,-0.0008,25.0,14.1,11.4,55.86,0.0,0,0,18.9,11.7,10.0,1041.6,97.5,9.9,18.0,0.1,0.0,2018,1,1,8.0,0.01696
5,-0.0008,-0.0008,-0.0008,0.01696,0.02544,0.05808,0.08224000000000001,26.5,15.9,11.7,53.11,0.0,0,0,19.7,11.9,360.0,1043.0,94.3,9.9,266.0,1.0,3.0,2018,1,1,11.0,0.2528
45,0.5184000000000001,0.524,0.5272,0.524,0.52176,0.5121600000000001,-0.00064,54.9,54.9,20.9,26.37,0.0,0,0,18.3,2.3,355.0,1028.2,6.2,9.9,489.0,1.8,5.0,2018,1,3,15.0,0.5041599999999999
130,0.012159999999999999,0.022080000000000002,0.03056,0.043840000000000004,0.10528,0.08992000000000001,0.1624,58.1,58.1,53.9,85.91,0.0,0,0,17.2,7.8,182.0,1017.8,43.3,9.9,175.0,0.6,2.0,2018,1,7,10.0,0.1536
131,0.10528,0.08992000000000001,0.1624,0.1536,0.12272,0.10432000000000001,0.12912,61.8,61.8,54.7,77.42,0.0,0,0,21.7,8.2,191.0,1017.4,100.0,9.9,194.0,0.7,2.0,2018,1,7,11.0,0.14800000000000002
132,0.12272,0.10432000000000001,0.12912,0.14800000000000002,0.12352,0.07328,0.1472,65.7,65.7,55.8,70.36,0.0,0,0,29.9,13.4,191.0,1015.6,100.0,9.9,117.0,0.4,1.0,2018,1,7,12.0,0.07615999999999999
133,0.12352,0.07328,0.1472,0.07615999999999999,0.09072,0.1416,0.08976,66.8,66.8,56.5,69.54,0.0,0,0,25.7,13.6,181.0,1013.5,100.0,9.9,137.0,0.5,1.0,2018,1,7,13.0,0.056319999999999995
134,0.09072,0.1416,0.08976,0.056319999999999995,0.03392,0.06912,0.04496000000000001,66.5,66.5,56.5,70.06,0.0,0,0,23.3,9.1,191.0,1012.9,100.0,9.9,75.0,0.3,1.0,2018,1,7,14.0,0.041440000000000005
135,0.03392,0.06912,0.04496000000000001,0.041440000000000005,0.0304,0.038079999999999996,0.05104,66.4,66.4,56.8,71.11,0.0,0,0,17.8,8.5,202.0,1012.3,100.0,9.9,58.0,0.2,1.0,2018,1,7,15.0,0.06048
167,0.14768,0.17584,0.21488,0.21712,0.23216,0.24464,0.27808,61.8,61.8,52.8,72.33,0.0,0,0,20.8,8.8,166.0,1011.6,99.4,9.9,267.0,1.0,3.0,2018,1,10,13.0,0.30335999999999996
168,0.23216,0.24464,0.27808,0.30335999999999996,0.25136,0.30352,0.46192,65.8,65.8,52.2,61.51,0.0,0,0,17.2,10.1,188.0,1009.9,89.0,9.9,408.0,1.5,4.0,2018,1,10,14.0,0.44512
169,0.25136,0.30352,0.46192,0.44512,0.33824,0.39632,0.4744,69.3,69.3,51.8,53.77,0.0,0,0,25.3,10.7,167.0,1007.5,20.1,9.9,390.0,1.4,4.0,2018,1,10,15.0,0.49408
170,0.33824,0.39632,0.4744,0.49408,0.37183999999999995,0.32256,0.3016,70.1,70.1,51.7,52.22,0.0,0,0,19.7,9.1,192.0,1007.4,39.9,9.9,346.0,1.2,3.0,2018,1,10,16.0,0.36544
171,0.37183999999999995,0.32256,0.3016,0.36544,0.32415999999999995,0.30192,0.22576000000000002,69.3,69.3,52.5,55.07,0.0,0,0,20.8,11.0,156.0,1006.3,20.1,9.9,163.0,0.6,2.0,2018,1,10,17.0,0.12016
190,0.16,0.15872,0.21136,0.20928000000000002,0.21359999999999998,0.16096,0.13552,70.2,70.2,52.2,52.91,0.0,0,0,21.0,10.8,289.0,1008.9,41.5,9.9,182.0,0.7,2.0,2018,1,11,12.0,0.21536000000000002
191,0.21359999999999998,0.16096,0.13552,0.21536000000000002,0.26512,0.35119999999999996,0.17920000000000003,70.2,70.2,44.2,39.19,0.0,0,0,21.6,9.2,319.0,1008.7,61.0,9.9,218.0,0.8,2.0,2018,1,11,13.0,0.47247999999999996
192,0.26512,0.35119999999999996,0.17920000000000003,0.47247999999999996,0.4448,0.17679999999999998,0.18816,66.8,66.8,41.2,39.29,0.0,0,0,31.0,19.4,333.0,1009.3,83.9,8.3,372.0,1.3,4.0,2018,1,11,14.0,0.4432
193,0.4448,0.17679999999999998,0.18816,0.4432,0.47631999999999997,0.23392,0.38528,59.8,59.8,34.8,39.05,0.0,0,0,33.0,16.8,303.0,1011.6,86.8,9.8,445.0,1.6,4.0,2018,1,11,15.0,0.43520000000000003
194,0.47631999999999997,0.23392,0.38528,0.43520000000000003,0.31952,0.21600000000000003,0.21632,52.6,52.6,31.5,44.43,0.0,0,0,34.6,19.0,296.0,1013.9,39.9,9.8,286.0,1.0,3.0,2018,1,11,16.0,0.26096
195,0.31952,0.21600000000000003,0.21632,0.26096,0.33952,0.07232,0.05296,48.0,41.5,29.4,48.24,0.0,0,0,34.0,17.6,313.0,1016.4,21.6,9.9,89.0,0.3,1.0,2018,1,11,17.0,0.028319999999999998
196,0.33952,0.07232,0.05296,0.028319999999999998,0.012159999999999999,0.02,0.00048,45.2,39.5,28.4,51.66,0.0,0,0,31.7,11.8,323.0,1018.3,89.7,9.9,12.0,0.0,0.0,2018,1,11,18.0,-0.00464
197,0.012159999999999999,0.02,0.00048,-0.00464,-0.0014399999999999999,-0.0008,-0.0008,45.2,40.5,28.4,51.66,0.0,0,0,28.2,8.9,338.0,1019.6,11.3,9.9,113.0,0.4,1.0,2018,1,11,19.0,-0.00064
198,-0.0014399999999999999,-0.0008,-0.0008,-0.00064,-0.00064,-0.00064,-0.00064,47.2,42.3,22.5,37.46,0.0,0,0,21.1,10.7,323.0,1020.2,0.0,9.9,14.0,0.1,0.0,2018,1,11,20.0,-0.00064
211,-0.0014399999999999999,0.0017599999999999998,0.00848,0.0144,0.019039999999999998,0.022240000000000003,0.02464,37.2,29.7,13.6,37.48,0.0,0,0,17.5,11.3,318.0,1028.2,0.0,9.9,181.0,0.7,2.0,2018,1,12,9.0,0.0264
212,0.019039999999999998,0.022240000000000003,0.02464,0.0264,0.028319999999999998,0.03488,0.0416,40.9,33.7,12.8,31.31,0.0,0,0,18.9,12.7,350.0,1028.6,0.0,9.9,360.0,1.3,4.0,2018,1,12,10.0,0.04784
213,0.028319999999999998,0.03488,0.0416,0.04784,0.07712,0.09247999999999999,0.18,44.7,38.9,13.6,28.06,0.0,0,0,17.2,11.6,337.0,1028.7,0.0,9.9,485.0,1.7,5.0,2018,1,12,11.0,0.25568
214,0.07712,0.09247999999999999,0.18,0.25568,0.27472,0.30976,0.36816000000000004,48.7,44.7,14.5,25.07,0.0,0,0,20.8,9.2,342.0,1027.4,0.0,9.9,535.0,1.9,5.0,2018,1,12,12.0,0.40848
215,0.27472,0.30976,0.36816000000000004,0.40848,0.43776000000000004,0.46031999999999995,0.48128,52.6,52.6,13.6,20.94,0.0,0,0,16.1,12.3,334.0,1025.6,0.0,9.9,598.0,2.2,6.0,2018,1,12,13.0,0.5024000000000001
216,0.43776000000000004,0.46031999999999995,0.48128,0.5024000000000001,0.52144,0.5353600000000001,0.53776,54.9,54.9,12.8,18.49,0.0,0,0,17.2,6.6,2.0,1024.0,0.0,9.9,624.0,2.2,6.0,2018,1,12,14.0,0.54464
263,0.26783999999999997,0.3016,0.3456,0.38896000000000003,0.41840000000000005,0.44208,0.46064,56.1,56.1,34.5,44.06,0.0,0,0,19.7,6.5,180.0,1032.2,6.2,9.9,563.0,2.0,6.0,2018,1,14,13.0,0.48928
264,0.41840000000000005,0.44208,0.46064,0.48928,0.50368,0.5136,0.52656,58.9,58.9,35.1,40.7,0.0,0,0,19.7,10.5,208.0,1030.5,6.2,9.9,610.0,2.2,6.0,2018,1,14,14.0,0.53152
265,0.50368,0.5136,0.52656,0.53152,0.53424,0.52528,0.5128,60.0,60.0,34.9,38.98,0.0,0,0,18.3,7.6,218.0,1029.8,6.2,9.9,529.0,1.9,5.0,2018,1,14,15.0,0.5001599999999999
286,0.17424,0.17552,0.19760000000000003,0.2248,0.20976,0.23920000000000002,0.26896000000000003,61.9,61.9,49.9,64.52,0.0,0,0,23.4,6.6,184.0,1026.1,88.1,9.9,437.0,1.6,4.0,2018,1,15,12.0,0.31679999999999997
288,0.2,0.3544,0.4672,0.35984,0.40671999999999997,0.14512,0.18096,67.6,67.6,49.3,51.88,0.0,0,0,18.3,7.8,174.0,1023.0,89.0,9.9,330.0,1.2,3.0,2018,1,15,14.0,0.17920000000000003
289,0.40671999999999997,0.14512,0.18096,0.17920000000000003,0.30079999999999996,0.29056,0.18928,69.4,69.4,49.3,48.86,0.0,0,0,16.1,7.2,176.0,1022.5,97.5,9.9,200.0,0.7,2.0,2018,1,15,15.0,0.2968
306,-0.0008,-0.0008,-0.0008,-0.0008,-0.0008,-0.0011200000000000001,0.00208,26.6,14.6,13.6,57.49,0.0,0,0,23.4,15.3,2.0,1039.3,100.0,9.9,8.0,0.0,0.0,2018,1,16,8.0,0.0032
307,-0.0008,-0.0011200000000000001,0.00208,0.0032,0.0184,0.013919999999999998,0.01664,26.6,14.4,12.6,54.85,0.0,0,0,31.1,15.9,3.0,1040.4,100.0,9.9,26.0,0.1,0.0,2018,1,16,9.0,0.03216
308,0.0184,0.013919999999999998,0.01664,0.03216,0.04352,0.046239999999999996,0.08816,26.0,13.7,14.7,61.86,0.02,0,0,26.7,15.6,8.0,1041.8,100.0,5.4,87.0,0.3,1.0,2018,1,16,10.0,0.1024
309,0.04352,0.046239999999999996,0.08816,0.1024,0.06416000000000001,0.06208,0.05856,26.6,15.1,12.5,54.6,0.0,0,0,27.3,14.2,1.0,1042.1,100.0,9.2,79.0,0.3,1.0,2018,1,16,11.0,0.08960000000000001
310,0.06416000000000001,0.06208,0.05856,0.08960000000000001,0.06464,0.08528000000000001,0.12064,26.6,15.3,11.7,52.83,0.0,0,0,23.6,13.7,356.0,1041.8,100.0,9.9,106.0,0.4,1.0,2018,1,16,12.0,0.09391999999999999
311,0.06464,0.08528000000000001,0.12064,0.09391999999999999,0.10672000000000001,0.07936,0.10544,26.9,14.7,10.0,48.34,0.0,0,0,26.3,16.1,2.0,1040.8,100.0,9.9,131.0,0.5,1.0,2018,1,16,13.0,0.10336000000000001
312,0.10672000000000001,0.07936,0.10544,0.10336000000000001,0.12272,0.12944,0.1016,27.8,17.5,8.9,44.42,0.0,0,0,23.2,11.9,15.0,1040.4,100.0,9.9,137.0,0.5,1.0,2018,1,16,14.0,0.12672
313,0.12272,0.12944,0.1016,0.12672,0.13391999999999998,0.16896,0.17904,28.7,17.9,8.4,41.79,0.0,0,0,23.6,13.6,358.0,1040.1,100.0,9.9,168.0,0.6,2.0,2018,1,16,15.0,0.1568
314,0.13391999999999998,0.16896,0.17904,0.1568,0.12992,0.05535999999999999,0.03488,28.0,19.0,6.9,40.13,0.0,0,0,19.6,9.6,353.0,1040.4,100.0,9.9,80.0,0.3,1.0,2018,1,16,16.0,0.0416
315,0.12992,0.05535999999999999,0.03488,0.0416,0.04352,0.04272,0.01856,28.8,18.7,6.3,37.91,0.0,0,0,21.1,12.1,356.0,1040.2,100.0,9.9,43.0,0.2,0.0,2018,1,16,17.0,0.0064
316,0.04352,0.04272,0.01856,0.0064,0.00272,-0.00368,-0.00496,27.8,18.0,6.8,40.38,0.0,0,0,23.0,11.0,8.0,1040.5,100.0,9.9,12.0,0.0,0.0,2018,1,16,18.0,-0.00368
318,-0.00064,-0.00064,-0.00064,-0.0008,-0.0008,-0.0008,-0.0008,26.7,18.1,5.5,39.82,0.0,0,0,18.3,8.4,350.0,1041.9,100.0,9.9,4.0,0.0,0.0,2018,1,16,20.0,-0.0008
333,0.03456,0.043840000000000004,0.05104,0.06016,0.09151999999999999,0.11744,0.20431999999999997,28.3,21.6,7.7,41.27,0.0,0,0,19.7,6.3,20.0,1043.2,0.0,9.9,492.0,1.8,5.0,2018,1,17,11.0,0.29856
406,0.11616,0.152,0.16784,0.1408,0.18591999999999997,0.20912,0.23872,61.7,61.7,55.7,80.45,0.0,0,0,21.9,8.9,192.0,1017.8,100.0,8.6,303.0,1.1,3.0,2018,1,20,12.0,0.35856
408,0.39055999999999996,0.39632,0.45376,0.41264,0.36176,0.23776,0.1864,65.5,65.5,55.7,70.48,0.0,0,0,24.2,10.3,183.0,1015.7,48.1,9.9,275.0,1.0,3.0,2018,1,20,14.0,0.18736
409,0.36176,0.23776,0.1864,0.18736,0.16527999999999998,0.152,0.14272,63.8,63.8,55.9,75.42,0.0,0,0,19.4,9.1,186.0,1015.2,100.0,9.9,137.0,0.5,1.0,2018,1,20,15.0,0.12224
410,0.16527999999999998,0.152,0.14272,0.12224,0.11567999999999999,0.11424,0.08368,63.8,63.8,56.5,77.2,0.0,0,0,20.8,7.9,183.0,1014.9,100.0,9.9,106.0,0.4,1.0,2018,1,20,16.0,0.07008
426,-0.0008,-0.0008,-0.0008,-0.0008,-0.0008,-0.0008,-0.0014399999999999999,65.0,65.0,62.9,92.81,0.0,0,0,17.2,6.2,172.0,1013.1,100.0,6.2,10.0,0.0,0.0,2018,1,21,8.0,0.0022400000000000002
429,0.0216,0.013919999999999998,0.00768,0.01968,0.022080000000000002,0.02944,0.03936,66.8,66.8,64.7,92.89,0.0,0,0,20.8,7.0,180.0,1013.7,100.0,7.8,47.0,0.2,0.0,2018,1,21,11.0,0.06096
430,0.022080000000000002,0.02944,0.03936,0.06096,0.0304,0.05408,0.09215999999999999,68.5,68.5,64.6,87.45,0.0,0,0,29.4,10.3,180.0,1012.5,100.0,8.1,145.0,0.5,1.0,2018,1,21,12.0,0.15712
431,0.0304,0.05408,0.09215999999999999,0.15712,0.1368,0.09968,0.06912,69.5,69.5,63.7,81.77,0.0,0,0,29.1,11.6,188.0,1010.9,100.0,9.6,164.0,0.6,2.0,2018,1,21,13.0,0.05136
432,0.1368,0.09968,0.06912,0.05136,0.10048,0.09312,0.10272,70.2,70.2,63.1,78.2,0.0,0,0,22.4,10.2,189.0,1009.6,100.0,9.6,213.0,0.8,2.0,2018,1,21,14.0,0.15088
433,0.10048,0.09312,0.10272,0.15088,0.14896,0.15872,0.25568,71.6,71.6,63.7,76.13,0.0,0,0,23.4,9.5,190.0,1009.1,92.1,8.6,273.0,1.0,3.0,2018,1,21,15.0,0.13696
434,0.14896,0.15872,0.25568,0.13696,0.09648,0.0416,0.01664,70.1,70.1,62.9,77.96,0.0,0,0,20.8,9.2,187.0,1009.1,100.0,9.9,65.0,0.2,1.0,2018,1,21,16.0,0.016
435,0.09648,0.0416,0.01664,0.016,0.0192,0.01264,0.0336,69.7,69.7,63.5,80.58,0.0,0,0,18.6,8.2,172.0,1009.2,92.1,9.7,42.0,0.2,0.0,2018,1,21,17.0,0.022879999999999998
451,-0.00128,0.00272,0.01008,0.01584,0.02,0.022879999999999998,0.02512,51.3,51.3,24.0,34.19,0.0,0,0,16.1,8.2,332.0,1019.6,6.2,9.9,190.0,0.7,2.0,2018,1,22,9.0,0.02688
452,0.02,0.022879999999999998,0.02512,0.02688,0.02944,0.03744,0.044480000000000006,54.2,54.2,25.1,32.18,0.0,0,0,19.9,7.8,304.0,1020.6,6.2,9.9,376.0,1.4,4.0,2018,1,22,10.0,0.05072
453,0.02944,0.03744,0.044480000000000006,0.05072,0.07824,0.13248,0.20864000000000002,57.6,57.6,21.8,24.75,0.0,0,0,20.8,12.4,323.0,1021.1,6.2,9.9,487.0,1.8,5.0,2018,1,22,11.0,0.2616
455,0.29456,0.33552,0.364,0.41232,0.44880000000000003,0.4736,0.50048,63.9,63.9,19.8,18.15,0.0,0,0,23.7,7.5,344.0,1018.7,6.2,9.9,621.0,2.2,6.0,2018,1,22,13.0,0.5224
456,0.44880000000000003,0.4736,0.50048,0.5224,0.53936,0.55008,0.5584,64.7,64.7,19.5,17.45,0.0,0,0,21.5,9.8,318.0,1017.9,6.2,9.9,659.0,2.4,7.0,2018,1,22,14.0,0.56656
457,0.53936,0.55008,0.5584,0.56656,0.57216,0.5686399999999999,0.56416,64.5,64.5,19.2,17.39,0.0,0,0,24.4,12.3,306.0,1017.7,9.5,9.9,576.0,2.1,6.0,2018,1,22,15.0,0.55552
458,0.57216,0.5686399999999999,0.56416,0.55552,0.54192,0.52672,0.50256,64.0,64.0,18.9,17.43,0.0,0,0,24.0,11.6,337.0,1018.1,9.5,9.9,420.0,1.5,4.0,2018,1,22,16.0,0.47536
459,0.54192,0.52672,0.50256,0.47536,0.44432000000000005,0.40528,0.35872,62.7,62.7,18.9,18.23,0.0,0,0,20.8,11.2,323.0,1018.7,9.5,9.9,205.0,0.7,2.0,2018,1,22,17.0,0.2864
527,0.28256,0.34352,0.36528,0.34863999999999995,0.39344,0.42288,0.47264,61.7,61.7,27.2,26.82,0.0,0,0,17.2,8.7,147.0,1029.3,20.1,9.9,569.0,2.0,6.0,2018,1,25,13.0,0.48256
528,0.39344,0.42288,0.47264,0.48256,0.51632,0.5479999999999999,0.54896,63.9,63.9,27.9,25.49,0.0,0,0,17.8,11.4,155.0,1027.8,39.9,9.7,656.0,2.4,7.0,2018,1,25,14.0,0.5448
578,0.3728,0.36176,0.3232,0.28896,0.23392,0.23056000000000001,0.16143999999999997,66.9,66.9,54.9,65.42,0.0,0,0,19.7,10.1,17.0,1020.6,75.1,9.9,190.0,0.7,2.0,2018,1,27,16.0,0.136
599,0.29632000000000003,0.32287999999999994,0.35056,0.39344,0.43008,0.46192,0.48432000000000003,66.5,66.5,45.0,45.81,0.0,0,0,18.3,6.3,9.0,1025.0,6.2,9.9,616.0,2.2,6.0,2018,1,28,13.0,0.50144
600,0.43008,0.46192,0.48432000000000003,0.50144,0.51552,0.5296,0.5356799999999999,68.7,68.7,43.8,40.63,0.0,0,0,18.3,5.7,32.0,1024.0,6.2,9.9,645.0,2.3,6.0,2018,1,28,14.0,0.54112
619,-0.00128,0.00432,0.011040000000000001,0.016479999999999998,0.020640000000000002,0.02352,0.02576,49.2,45.8,26.8,41.51,0.0,0,0,20.8,8.0,340.0,1033.4,0.0,9.9,222.0,0.8,2.0,2018,1,29,9.0,0.02752
620,0.020640000000000002,0.02352,0.02576,0.02752,0.03072,0.038239999999999996,0.044800000000000006,55.0,55.0,22.7,28.27,0.0,0,0,21.9,9.8,343.0,1033.9,0.0,9.9,369.0,1.3,4.0,2018,1,29,10.0,0.056479999999999995
623,0.31216,0.34064,0.36832,0.41664,0.4512,0.48384,0.50768,64.7,64.7,25.7,22.74,0.0,0,0,19.7,9.8,358.0,1032.7,0.0,9.9,637.0,2.3,6.0,2018,1,29,13.0,0.52432
624,0.4512,0.48384,0.50768,0.52432,0.53696,0.55168,0.55744,66.6,66.6,22.7,18.77,0.0,0,0,21.9,10.8,348.0,1031.6,0.0,9.9,680.0,2.4,7.0,2018,1,29,14.0,0.56992
626,0.57328,0.56848,0.5632,0.55408,0.5403199999999999,0.5264,0.5024000000000001,65.7,65.7,21.9,18.65,0.0,0,0,19.9,9.3,2.0,1031.0,0.0,9.9,427.0,1.5,4.0,2018,1,29,16.0,0.47728000000000004
627,0.5403199999999999,0.5264,0.5024000000000001,0.47728000000000004,0.44944,0.40896,0.3664,63.9,63.9,22.7,20.58,0.0,0,0,16.1,12.4,6.0,1031.2,0.0,9.9,211.0,0.8,2.0,2018,1,29,17.0,0.30816
650,0.40848,0.42416,0.42016,0.39104,0.39136000000000004,0.41184,0.49664,64.6,64.6,26.9,23.93,0.0,0,0,17.2,8.1,182.0,1026.6,20.1,9.9,338.0,1.2,3.0,2018,1,30,16.0,0.2296
668,0.05088,0.0584,0.07744,0.11184,0.12816,0.13263999999999998,0.1048,54.2,54.2,48.4,80.69,0.0,0,0,17.2,9.6,205.0,1021.4,92.1,3.7,187.0,0.7,2.0,2018,1,31,10.0,0.096
669,0.12816,0.13263999999999998,0.1048,0.096,0.14208,0.19072,0.24992,59.3,59.3,48.8,68.18,0.0,0,0,23.3,10.5,186.0,1021.2,12.9,9.9,465.0,1.7,5.0,2018,1,31,11.0,0.2648
670,0.14208,0.19072,0.24992,0.2648,0.30864,0.34991999999999995,0.37695999999999996,64.1,64.1,47.1,53.98,0.0,0,0,20.7,8.4,194.0,1020.1,11.3,9.9,561.0,2.0,6.0,2018,1,31,12.0,0.41392
671,0.30864,0.34991999999999995,0.37695999999999996,0.41392,0.4432,0.48544,0.44848,67.3,67.3,41.8,39.39,0.0,0,0,22.1,11.5,203.0,1018.3,11.3,9.9,507.0,1.8,5.0,2018,1,31,13.0,0.43792000000000003
672,0.4432,0.48544,0.44848,0.43792000000000003,0.47792,0.5233599999999999,0.5272,69.9,69.9,40.5,34.39,0.0,0,0,21.5,10.5,185.0,1016.5,21.3,9.9,568.0,2.0,6.0,2018,1,31,14.0,0.49024
673,0.47792,0.5233599999999999,0.5272,0.49024,0.56224,0.54816,0.55776,71.6,71.6,37.7,28.96,0.0,0,0,24.4,13.3,191.0,1015.6,20.1,9.9,585.0,2.1,6.0,2018,1,31,15.0,0.55248
674,0.56224,0.54816,0.55776,0.55248,0.5272,0.54096,0.50096,70.0,70.0,38.3,31.43,0.0,0,0,21.5,12.3,192.0,1015.4,20.1,9.9,463.0,1.7,5.0,2018,1,31,16.0,0.44688
675,0.5272,0.54096,0.50096,0.44688,0.38064,0.33616,0.28687999999999997,69.7,69.7,39.6,33.27,0.0,0,0,20.8,7.2,190.0,1014.9,20.1,9.9,213.0,0.8,2.0,2018,1,31,17.0,0.29024
691,0.00624,0.01536,0.0232,0.0344,0.04496000000000001,0.03184,0.03328,64.2,64.2,45.5,50.56,0.0,0,0,23.0,9.3,335.0,1016.4,6.2,9.9,222.0,0.8,2.0,2018,3,1,9.0,0.03936
692,0.04496000000000001,0.03184,0.03328,0.03936,0.04688,0.0496,0.05392,66.0,66.0,45.0,46.52,0.0,0,0,18.3,11.9,349.0,1017.3,6.2,9.9,329.0,1.2,3.0,2018,3,1,10.0,0.12272
693,0.04688,0.0496,0.05392,0.12272,0.16544,0.2232,0.29744,67.2,67.2,48.3,50.57,0.0,0,0,20.0,10.1,345.0,1017.7,6.2,9.9,418.0,1.5,4.0,2018,3,1,11.0,0.36512
694,0.16544,0.2232,0.29744,0.36512,0.4168,0.43439999999999995,0.46624000000000004,69.0,69.0,49.4,49.7,0.0,0,0,20.8,12.2,335.0,1018.9,6.2,9.9,488.0,1.8,5.0,2018,3,1,12.0,0.50544
695,0.4168,0.43439999999999995,0.46624000000000004,0.50544,0.54096,0.51184,0.55824,67.4,67.4,48.9,51.41,0.0,0,0,20.1,12.8,7.0,1019.3,11.3,9.9,515.0,1.9,5.0,2018,3,1,13.0,0.60432
696,0.54096,0.51184,0.55824,0.60432,0.6256,0.65696,0.6872,66.2,66.2,47.8,51.43,0.0,0,0,22.2,12.4,354.0,1019.1,20.1,9.9,655.0,2.4,7.0,2018,3,1,14.0,0.57648
697,0.6256,0.65696,0.6872,0.57648,0.64048,0.60352,0.68128,66.6,66.6,47.8,50.75,0.0,0,0,18.9,9.5,351.0,1019.7,21.7,9.9,524.0,1.9,5.0,2018,3,1,15.0,0.648
698,0.64048,0.60352,0.68128,0.648,0.58336,0.61936,0.55216,65.3,65.3,47.8,53.08,0.0,0,0,23.0,11.6,353.0,1019.9,20.1,9.9,646.0,2.3,6.0,2018,3,1,16.0,0.25088
699,0.58336,0.61936,0.55216,0.25088,0.20335999999999999,0.15039999999999998,0.28096,62.3,62.3,47.8,58.85,0.0,0,0,19.9,14.0,8.0,1020.7,23.0,9.8,290.0,1.0,3.0,2018,3,1,17.0,0.30064
744,0.2,0.16896,0.1352,0.1424,0.3504,0.2752,0.23952,71.2,71.2,58.3,63.84,0.0,0,0,18.3,9.6,139.0,1020.1,100.0,9.9,304.0,1.1,3.0,2018,3,3,14.0,0.18256
748,0.03344,0.04192,0.0208,0.011040000000000001,0.01072,0.00416,-0.00192,63.4,63.4,62.3,96.27,0.02,0,0,21.9,7.3,124.0,1019.9,100.0,1.6,12.0,0.0,0.0,2018,3,3,18.0,-0.00416
767,0.06480000000000001,0.05744,0.24047999999999997,0.37984,0.37152,0.3568,0.40848,74.9,74.9,65.6,72.79,0.0,0,0,19.8,9.3,169.0,1015.3,96.9,9.9,453.0,1.6,5.0,2018,3,4,13.0,0.41616
768,0.37152,0.3568,0.40848,0.41616,0.22832,0.43808,0.33904,77.9,77.9,62.9,59.99,0.0,0,0,23.0,10.4,166.0,1013.9,89.3,9.9,508.0,1.8,5.0,2018,3,4,14.0,0.22608
769,0.22832,0.43808,0.33904,0.22608,0.07808,0.18896000000000002,0.30576000000000003,78.7,78.7,62.8,58.21,0.0,0,0,27.2,8.8,185.0,1012.9,89.7,9.9,199.0,0.7,2.0,2018,3,4,15.0,0.2104
770,0.07808,0.18896000000000002,0.30576000000000003,0.2104,0.1912,0.14384,0.16032,78.4,78.4,62.3,57.75,0.0,0,0,18.1,10.1,175.0,1012.5,96.9,9.9,172.0,0.6,2.0,2018,3,4,16.0,0.124
771,0.1912,0.14384,0.16032,0.124,0.19664,0.24128,0.22271999999999997,78.4,78.4,61.8,56.85,0.0,0,0,23.7,11.6,169.0,1011.9,78.0,9.9,213.0,0.8,2.0,2018,3,4,17.0,0.17312000000000002
772,0.19664,0.24128,0.22271999999999997,0.17312000000000002,0.25312,0.031200000000000002,0.13072,77.2,77.2,62.7,60.96,0.0,0,0,23.0,12.7,150.0,1011.5,48.7,9.9,92.0,0.3,1.0,2018,3,4,18.0,0.05392
792,0.52768,0.41216,0.49232,0.56464,0.52384,0.47600000000000003,0.09936,80.6,81.6,61.7,52.77,0.0,0,0,22.2,9.2,340.0,1010.9,80.2,9.9,187.0,0.7,2.0,2018,3,5,14.0,0.17328
793,0.52384,0.47600000000000003,0.09936,0.17328,0.16032,0.43584,0.62688,79.9,79.9,58.0,47.27,0.0,0,0,24.2,11.2,356.0,1010.9,94.3,9.9,440.0,1.6,4.0,2018,3,5,15.0,0.25904
794,0.16032,0.43584,0.62688,0.25904,0.18960000000000002,0.16448000000000002,0.45648000000000005,77.7,77.7,47.8,34.89,0.0,0,0,25.0,16.5,5.0,1011.1,97.1,9.9,202.0,0.7,2.0,2018,3,5,16.0,0.27104
795,0.18960000000000002,0.16448000000000002,0.45648000000000005,0.27104,0.40608,0.33728,0.33824,75.5,75.5,45.7,34.64,0.0,0,0,23.5,12.9,11.0,1012.0,20.1,9.9,241.0,0.9,2.0,2018,3,5,17.0,0.21423999999999999
796,0.40608,0.33728,0.33824,0.21423999999999999,0.13327999999999998,0.09472,0.05024,72.7,72.7,35.4,25.57,0.0,0,0,19.7,12.2,22.0,1012.7,20.1,9.9,61.0,0.2,1.0,2018,3,5,18.0,0.01456
815,0.4288,0.45136000000000004,0.48544,0.52496,0.55008,0.57568,0.596,70.9,70.9,19.8,14.28,0.0,0,0,17.2,5.7,20.0,1019.2,6.2,9.9,623.0,2.2,6.0,2018,3,6,13.0,0.61952
816,0.55008,0.57568,0.596,0.61952,0.63568,0.6431999999999999,0.66352,72.1,72.1,16.7,12.03,0.0,0,0,18.9,11.7,32.0,1018.2,20.1,9.9,670.0,2.4,7.0,2018,3,6,14.0,0.6656
817,0.63568,0.6431999999999999,0.66352,0.6656,0.6582399999999999,0.6728000000000001,0.65408,73.0,73.0,17.8,12.22,0.0,0,0,25.3,5.8,6.0,1017.8,20.1,9.9,744.0,2.7,7.0,2018,3,6,15.0,0.54592
819,0.6232,0.49056,0.43984,0.36607999999999996,0.47552,0.29408,0.24096,70.2,70.2,20.7,15.23,0.0,0,0,19.7,9.2,25.0,1018.0,20.1,9.9,254.0,0.9,3.0,2018,3,6,17.0,0.26224000000000003
834,-0.0008,-0.0008,-0.0008,0.00672,0.0152,0.02096,0.024319999999999998,47.3,41.6,20.2,33.86,0.0,0,0,20.8,13.5,17.0,1027.0,6.2,9.9,80.0,0.3,1.0,2018,3,7,8.0,0.027679999999999996
836,0.03104,0.032959999999999996,0.035840000000000004,0.044800000000000006,0.04976,0.05312,0.07488,53.8,53.8,20.9,27.38,0.0,0,0,24.2,8.5,12.0,1028.6,6.2,9.9,342.0,1.2,3.0,2018,3,7,10.0,0.16111999999999999
864,0.34912,0.57408,0.51968,0.4728,0.38624,0.62912,0.6616,69.8,69.8,28.8,21.55,0.0,0,0,18.2,9.4,183.0,1021.4,20.1,9.9,629.0,2.3,6.0,2018,3,8,14.0,0.66176
865,0.38624,0.62912,0.6616,0.66176,0.6536,0.6431999999999999,0.6683199999999999,70.0,70.0,26.9,19.86,0.0,0,0,20.8,11.9,166.0,1020.4,20.1,9.9,700.0,2.5,7.0,2018,3,8,15.0,0.59888
866,0.6536,0.6431999999999999,0.6683199999999999,0.59888,0.55344,0.56736,0.56672,69.7,69.7,25.6,18.97,0.0,0,0,20.8,10.4,172.0,1019.8,20.1,9.9,497.0,1.8,5.0,2018,3,8,16.0,0.41952
867,0.55344,0.56736,0.56672,0.41952,0.40464,0.40944,0.34128000000000003,67.6,67.6,27.3,21.9,0.0,0,0,20.8,10.7,171.0,1019.2,20.1,9.9,227.0,0.8,2.0,2018,3,8,17.0,0.21423999999999999
868,0.40464,0.40944,0.34128000000000003,0.21423999999999999,0.20079999999999998,0.1936,0.09968,65.2,65.2,27.8,24.33,0.0,0,0,19.0,8.1,166.0,1019.2,20.1,9.9,100.0,0.4,1.0,2018,3,8,18.0,0.03872
884,0.0704,0.07488,0.10592,0.14576,0.16992000000000002,0.17408,0.18688,62.9,62.9,53.6,71.62,0.0,0,0,18.3,9.6,177.0,1015.5,100.0,9.9,238.0,0.9,2.0,2018,3,9,10.0,0.21616
886,0.23056000000000001,0.22496,0.19056,0.19904,0.16192,0.1704,0.17632,69.1,69.1,55.1,61.12,0.0,0,0,21.8,11.4,195.0,1014.3,100.0,9.9,202.0,0.7,2.0,2018,3,9,12.0,0.19808
887,0.16192,0.1704,0.17632,0.19808,0.20768,0.20687999999999998,0.22111999999999998,71.0,71.0,55.3,57.75,0.0,0,0,24.6,10.7,180.0,1012.9,100.0,9.9,248.0,0.9,2.0,2018,3,9,13.0,0.14256
888,0.20768,0.20687999999999998,0.22111999999999998,0.14256,0.1592,0.14544,0.15344,84.3,84.6,61.2,45.9,0.0,0,0,21.0,9.4,204.0,1006.8,11.3,9.9,633.0,2.3,6.0,2018,3,10,13.0,0.6024
889,0.1592,0.14544,0.15344,0.6024,0.5809599999999999,0.60592,0.6,87.1,86.9,60.1,40.33,0.0,0,0,17.2,8.4,205.0,1005.6,11.3,9.9,624.0,2.2,6.0,2018,3,10,14.0,0.60736
890,0.5809599999999999,0.60592,0.6,0.60736,0.6009599999999999,0.52416,0.42544,88.4,87.2,57.7,35.54,0.0,0,0,16.1,6.9,146.0,1004.3,20.1,9.9,664.0,2.4,7.0,2018,3,10,15.0,0.54064
891,0.6009599999999999,0.52416,0.42544,0.54064,0.58144,0.56512,0.5404800000000001,88.7,88.2,59.7,37.82,0.0,0,0,17.2,8.4,178.0,1003.4,31.1,9.9,550.0,2.0,6.0,2018,3,10,16.0,0.45808
892,0.58144,0.56512,0.5404800000000001,0.45808,0.50432,0.41888,0.4336,87.7,87.3,59.7,38.95,0.0,0,0,21.6,12.2,160.0,1003.1,6.2,9.9,339.0,1.2,3.0,2018,3,10,17.0,0.28672000000000003
893,0.50432,0.41888,0.4336,0.28672000000000003,0.34096,0.2824,0.17344,85.6,85.2,59.3,41.03,0.0,0,0,20.5,12.5,146.0,1003.4,11.3,9.9,101.0,0.4,1.0,2018,3,10,18.0,0.02496
907,-0.0008,-0.0008,-0.0011200000000000001,-0.00096,0.00784,0.017920000000000002,0.032,67.1,67.1,57.5,71.44,0.0,0,0,28.2,16.1,357.0,1010.4,27.7,9.9,59.0,0.2,1.0,2018,3,11,9.0,0.054400000000000004
908,0.00784,0.017920000000000002,0.032,0.054400000000000004,0.08112,0.08960000000000001,0.08544,67.9,67.9,58.4,71.7,0.0,0,0,33.7,19.3,2.0,1012.1,92.1,8.5,85.0,0.3,1.0,2018,3,11,10.0,0.11903999999999999
909,0.08112,0.08960000000000001,0.08544,0.11903999999999999,0.1128,0.15632,0.18960000000000002,67.6,67.6,52.4,58.1,0.0,0,0,34.9,18.4,360.0,1013.8,100.0,9.9,154.0,0.6,2.0,2018,3,11,11.0,0.19696000000000002
910,0.1128,0.15632,0.18960000000000002,0.19696000000000002,0.16992000000000002,0.16752,0.11184,65.8,65.8,42.4,42.52,0.0,0,0,32.5,16.7,11.0,1015.2,100.0,9.9,125.0,0.5,1.0,2018,3,11,12.0,0.10096
911,0.16992000000000002,0.16752,0.11184,0.10096,0.10208,0.10528,0.10896,66.6,66.6,39.1,36.47,0.0,0,0,32.7,19.5,12.0,1015.9,100.0,9.9,89.0,0.3,1.0,2018,3,11,13.0,0.11424
912,0.10208,0.10528,0.10896,0.11424,0.08944,0.10112,0.16992000000000002,67.9,67.9,36.8,31.83,0.0,0,0,32.4,17.4,11.0,1015.9,100.0,9.9,127.0,0.5,1.0,2018,3,11,14.0,0.16832
913,0.08944,0.10112,0.16992000000000002,0.16832,0.26608,0.18224,0.12512,67.6,67.6,36.1,31.19,0.0,0,0,29.8,14.4,8.0,1016.1,100.0,9.9,138.0,0.5,1.0,2018,3,11,15.0,0.07136
914,0.26608,0.18224,0.12512,0.07136,0.07472000000000001,0.08432,0.07536,65.8,65.8,36.4,33.63,0.0,0,0,24.4,11.9,1.0,1016.7,100.0,9.9,101.0,0.4,1.0,2018,3,11,16.0,0.10848000000000001
915,0.07472000000000001,0.08432,0.07536,0.10848000000000001,0.10736000000000001,0.13727999999999999,0.12384,66.6,66.6,31.6,27.08,0.0,0,0,23.3,11.7,353.0,1017.3,99.4,9.9,153.0,0.6,2.0,2018,3,11,17.0,0.15408
916,0.10736000000000001,0.13727999999999999,0.12384,0.15408,0.16576000000000002,0.19888000000000003,0.18847999999999998,67.9,67.9,31.0,25.22,0.0,0,0,24.4,14.8,3.0,1017.6,61.3,9.9,199.0,0.7,2.0,2018,3,11,18.0,0.13776
917,0.16576000000000002,0.19888000000000003,0.18847999999999998,0.13776,0.0808,0.0776,0.05776,66.7,66.7,31.2,26.48,0.0,0,0,18.8,12.1,353.0,1018.5,86.8,9.9,65.0,0.2,1.0,2018,3,11,19.0,0.0248
918,0.0808,0.0776,0.05776,0.0248,0.0044800000000000005,-0.00384,-0.00368,63.2,63.2,30.3,28.92,0.0,0,0,22.0,12.3,351.0,1019.8,41.5,9.9,5.0,0.0,0.0,2018,3,11,20.0,-0.0008
931,-0.0008,-0.00128,0.0008,0.008960000000000001,0.01616,0.021920000000000002,0.02672,47.1,42.4,32.5,56.61,0.0,0,0,24.2,10.2,352.0,1028.3,6.2,9.9,78.0,0.3,1.0,2018,3,12,9.0,0.03072
932,0.01616,0.021920000000000002,0.02672,0.03072,0.03392,0.03712,0.044320000000000005,49.9,45.3,33.3,52.71,0.0,0,0,19.0,12.1,18.0,1028.3,6.2,9.9,221.0,0.8,2.0,2018,3,12,10.0,0.05776
933,0.03712,0.044320000000000005,0.05776,0.09312,0.06896,0.0776,0.11471999999999999,52.0,52.0,33.6,49.5,0.0,0,0,26.6,10.6,25.0,1028.5,6.2,9.9,365.0,1.3,4.0,2018,3,12,11.0,0.18832000000000002
934,0.06896,0.0776,0.11471999999999999,0.18832000000000002,0.21408000000000002,0.28096,0.3576,55.9,55.9,34.5,44.34,0.0,0,0,19.9,8.3,30.0,1028.8,11.3,9.9,550.0,2.0,6.0,2018,3,12,12.0,0.42223999999999995
935,0.21408000000000002,0.28096,0.3576,0.42223999999999995,0.45632,0.45984,0.51392,59.7,59.7,34.5,38.62,0.0,0,0,18.3,10.0,29.0,1027.8,11.3,9.9,582.0,2.1,6.0,2018,3,12,13.0,0.5476800000000001
936,0.45632,0.45984,0.51392,0.5476800000000001,0.57744,0.60208,0.6241599999999999,61.9,61.9,33.8,34.88,0.0,0,0,19.0,6.4,22.0,1026.7,11.3,9.9,694.0,2.5,7.0,2018,3,12,14.0,0.62432
937,0.57744,0.60208,0.6241599999999999,0.62432,0.61696,0.6702400000000001,0.61104,64.0,64.0,32.9,31.14,0.0,0,0,20.8,9.3,33.0,1025.5,11.3,9.9,656.0,2.4,7.0,2018,3,12,15.0,0.65712
938,0.61696,0.6702400000000001,0.61104,0.65712,0.6744,0.6823999999999999,0.6728000000000001,66.4,66.4,31.9,27.52,0.0,0,0,20.9,10.6,20.0,1024.2,11.3,9.9,693.0,2.5,7.0,2018,3,12,16.0,0.6616
939,0.6744,0.6823999999999999,0.6728000000000001,0.6616,0.64464,0.63136,0.6168,65.8,65.8,30.5,26.57,0.0,0,0,21.0,9.6,23.0,1023.9,11.3,9.9,600.0,2.2,6.0,2018,3,12,17.0,0.5926400000000001
960,0.43328000000000005,0.46863999999999995,0.49536,0.53168,0.56256,0.59232,0.61248,66.6,66.6,33.4,29.07,0.0,0,0,19.1,9.1,23.0,1025.1,17.2,9.9,689.0,2.5,7.0,2018,3,13,14.0,0.62624
962,0.64,0.64944,0.6507200000000001,0.6607999999999999,0.65984,0.6604800000000001,0.6358400000000001,69.6,69.6,32.5,25.22,0.0,0,0,18.3,8.6,26.0,1023.4,6.2,9.9,699.0,2.5,7.0,2018,3,13,16.0,0.57536
1005,0.03936,0.04192,0.04944,0.05872,0.0632,0.08784,0.13856,65.8,65.8,52.3,61.58,0.0,0,0,18.3,11.2,173.0,1017.1,6.2,9.9,370.0,1.3,4.0,2018,3,15,11.0,0.17568
1006,0.0632,0.08784,0.13856,0.17568,0.25424,0.36095999999999995,0.36064,68.7,68.7,51.6,54.5,0.0,0,0,25.7,13.8,195.0,1016.2,48.7,9.9,551.0,2.0,6.0,2018,3,15,12.0,0.30928
1007,0.25424,0.36095999999999995,0.36064,0.30928,0.35728000000000004,0.38816,0.33824,71.9,71.9,51.6,48.8,0.0,0,0,22.8,10.9,189.0,1015.3,89.0,9.9,535.0,1.9,5.0,2018,3,15,13.0,0.31152
1008,0.35728000000000004,0.38816,0.33824,0.31152,0.28848,0.44176000000000004,0.32783999999999996,74.4,74.4,51.5,44.7,0.0,0,0,20.8,10.3,187.0,1014.0,97.5,9.9,387.0,1.4,4.0,2018,3,15,14.0,0.24592
1009,0.28848,0.44176000000000004,0.32783999999999996,0.24592,0.18144,0.23376000000000002,0.15824,71.7,71.7,53.6,52.74,0.0,0,0,18.8,12.2,171.0,1013.3,97.5,9.9,194.0,0.7,2.0,2018,3,15,15.0,0.17024
1010,0.18144,0.23376000000000002,0.15824,0.17024,0.1576,0.08928000000000001,0.1112,70.8,70.8,54.5,56.43,0.0,0,0,20.7,9.5,175.0,1012.6,100.0,9.9,136.0,0.5,1.0,2018,3,15,16.0,0.11103999999999999
1011,0.1576,0.08928000000000001,0.1112,0.11103999999999999,0.11023999999999999,0.06591999999999999,0.05696,70.0,70.0,55.6,60.26,0.0,0,0,19.7,7.4,162.0,1012.2,100.0,9.9,81.0,0.3,1.0,2018,3,15,17.0,0.05744
1012,0.11023999999999999,0.06591999999999999,0.05696,0.05744,0.04336,0.0464,0.043680000000000004,70.0,70.0,55.6,60.26,0.0,0,0,19.8,11.9,170.0,1011.8,100.0,9.9,46.0,0.2,0.0,2018,3,15,18.0,0.045279999999999994
1013,0.04336,0.0464,0.043680000000000004,0.045279999999999994,0.02944,0.025920000000000002,0.011519999999999999,69.1,69.1,56.3,63.73,0.0,0,0,22.7,12.3,173.0,1011.7,100.0,9.9,23.0,0.1,0.0,2018,3,15,19.0,0.00192
1041,0.16304,0.16288,0.18128,0.2144,0.1552,0.26272,0.18768,75.1,75.1,65.2,71.23,0.0,0,0,20.8,8.7,191.0,1013.1,100.0,9.8,284.0,1.0,3.0,2018,3,17,12.0,0.24559999999999998
1044,0.18175999999999998,0.14784,0.25136,0.16576000000000002,0.20528,0.30879999999999996,0.24544,79.3,79.3,65.4,62.58,0.0,0,0,17.2,9.8,152.0,1009.5,91.5,9.8,326.0,1.2,3.0,2018,3,17,15.0,0.34735999999999995
1046,0.48112,0.31920000000000004,0.31616,0.37296,0.48607999999999996,0.50752,0.34624000000000005,83.4,85.0,64.3,52.69,0.0,0,0,23.0,9.8,169.0,1007.4,61.0,9.9,565.0,2.0,6.0,2018,3,17,17.0,0.24816
1047,0.48607999999999996,0.50752,0.34624000000000005,0.24816,0.4536,0.26752,0.2144,82.3,83.6,63.5,52.99,0.0,0,0,16.2,9.9,160.0,1007.1,72.9,9.9,369.0,1.3,4.0,2018,3,17,18.0,0.29968
1049,0.11599999999999999,0.056159999999999995,0.00736,0.02176,0.00656,-0.0028799999999999997,-0.00416,76.1,76.1,65.2,68.95,0.01,0,0,25.3,9.1,167.0,1007.5,75.1,9.9,23.0,0.1,0.0,2018,3,17,20.0,-0.0008
1066,0.19728,0.18736,0.28815999999999997,0.20576,0.17776,0.2824,0.26816,74.7,74.7,67.2,77.57,0.0,0,0,20.8,6.7,165.0,1009.2,62.0,9.6,300.0,1.1,3.0,2018,3,18,13.0,0.25824
1088,0.04256,0.0416,0.04944,0.05968,0.07136,0.08992000000000001,0.14400000000000002,70.6,70.6,24.6,17.69,0.0,0,0,21.7,10.5,319.0,1009.6,33.9,9.9,416.0,1.5,4.0,2018,3,19,11.0,0.19168
1089,0.07136,0.08992000000000001,0.14400000000000002,0.19168,0.24303999999999998,0.30207999999999996,0.37968,75.1,75.1,20.7,12.88,0.0,0,0,19.2,10.5,313.0,1009.4,6.2,9.9,588.0,2.1,6.0,2018,3,19,12.0,0.42272
1090,0.24303999999999998,0.30207999999999996,0.37968,0.42272,0.45968000000000003,0.49439999999999995,0.53424,77.5,77.5,20.0,11.55,0.0,0,0,24.4,13.3,315.0,1009.3,6.2,9.9,711.0,2.6,7.0,2018,3,19,13.0,0.56064
1091,0.45968000000000003,0.49439999999999995,0.53424,0.56064,0.58544,0.6128,0.62768,80.9,78.8,19.6,10.13,0.0,0,0,24.0,9.7,308.0,1008.0,6.2,9.9,803.0,2.9,8.0,2018,3,19,14.0,0.62848
1092,0.58544,0.6128,0.62768,0.62848,0.5808,0.55808,0.37823999999999997,80.3,78.3,17.3,9.38,0.0,0,0,24.3,13.4,299.0,1007.4,20.1,9.9,645.0,2.3,6.0,2018,3,19,15.0,0.6604800000000001
1093,0.5808,0.55808,0.37823999999999997,0.6604800000000001,0.61456,0.59376,0.6456000000000001,80.7,78.6,18.4,9.72,0.0,0,0,22.4,11.6,303.0,1006.7,20.1,9.9,740.0,2.7,7.0,2018,3,19,16.0,0.58672
1094,0.61456,0.59376,0.6456000000000001,0.58672,0.65904,0.62544,0.48496,80.2,78.3,21.7,11.39,0.0,0,0,20.8,11.8,317.0,1006.5,20.1,9.9,560.0,2.0,6.0,2018,3,19,17.0,0.56656
1095,0.65904,0.62544,0.48496,0.56656,0.5784,0.54384,0.51168,80.0,80.0,22.7,11.96,0.0,0,0,23.0,10.4,307.0,1006.7,11.3,9.9,407.0,1.5,4.0,2018,3,19,18.0,0.42256
1110,-0.0008,-0.00096,0.00544,0.012,0.01712,0.0208,0.02368,51.5,51.5,35.3,53.71,0.0,0,0,18.1,9.0,338.0,1019.5,6.2,9.9,115.0,0.4,1.0,2018,3,20,9.0,0.02576
1111,0.01712,0.0208,0.02368,0.02576,0.02752,0.0296,0.037599999999999995,54.2,54.2,35.9,49.96,0.0,0,0,19.5,11.5,347.0,1019.8,6.2,9.9,278.0,1.0,3.0,2018,3,20,10.0,0.04256
1113,0.044480000000000006,0.05296,0.14208,0.19984000000000002,0.24175999999999997,0.30576000000000003,0.37776000000000004,62.1,62.1,34.8,36.06,0.0,0,0,18.5,8.0,330.0,1019.2,6.2,9.9,609.0,2.2,6.0,2018,3,20,12.0,0.43936
1114,0.24175999999999997,0.30576000000000003,0.37776000000000004,0.43936,0.47744,0.5136,0.55568,65.1,65.1,33.9,31.29,0.0,0,0,20.9,9.2,330.0,1018.9,6.2,9.9,752.0,2.7,8.0,2018,3,20,13.0,0.58112
1116,0.60816,0.62832,0.6427200000000001,0.65904,0.66912,0.67888,0.68176,70.9,70.9,34.2,25.89,0.0,0,0,16.5,6.3,360.0,1017.1,6.2,9.9,733.0,2.6,7.0,2018,3,20,15.0,0.68304
1137,0.08768000000000001,0.10304,0.16576000000000002,0.22224,0.2528,0.30544,0.37168,66.8,66.8,35.2,30.95,0.0,0,0,17.2,10.0,127.0,1023.1,20.1,9.9,578.0,2.1,6.0,2018,3,21,12.0,0.37984
1138,0.2528,0.30544,0.37168,0.37984,0.41744,0.47744,0.50704,70.3,70.3,33.7,25.9,0.0,0,0,16.1,6.6,128.0,1022.7,0.0,9.9,713.0,2.6,7.0,2018,3,21,13.0,0.54176
1139,0.41744,0.47744,0.50704,0.54176,0.56992,0.5824,0.62032,73.3,73.3,32.0,21.86,0.0,0,0,18.1,8.8,117.0,1021.7,20.1,9.9,809.0,2.9,8.0,2018,3,21,14.0,0.6419199999999999
1140,0.56992,0.5824,0.62032,0.6419199999999999,0.6550400000000001,0.65968,0.6592,75.1,75.1,31.1,19.82,0.0,0,0,17.0,8.1,136.0,1021.2,20.1,9.9,721.0,2.6,7.0,2018,3,21,15.0,0.6559999999999999
1141,0.6550400000000001,0.65968,0.6592,0.6559999999999999,0.64544,0.66464,0.6275200000000001,75.4,75.4,40.9,28.95,0.0,0,0,19.7,8.7,112.0,1020.4,20.1,9.9,704.0,2.5,7.0,2018,3,21,16.0,0.60992
1142,0.64544,0.66464,0.6275200000000001,0.60992,0.63488,0.61376,0.55952,76.3,76.3,41.6,28.8,0.0,0,0,18.3,8.3,122.0,1019.9,20.1,9.9,584.0,2.1,6.0,2018,3,21,17.0,0.564
1143,0.61376,0.55952,0.564,0.54976,0.13104,0.48064,0.45872,76.1,76.1,40.9,28.34,0.0,0,0,19.7,10.1,149.0,1019.8,20.1,9.9,314.0,1.1,3.0,2018,3,21,18.0,0.3392
1144,0.13104,0.48064,0.45872,0.3392,0.2752,0.29488,0.12688,74.2,74.2,40.2,29.34,0.0,0,0,18.3,10.5,147.0,1020.0,42.7,9.9,119.0,0.4,1.0,2018,3,21,19.0,0.152
1160,0.03952,0.04752,0.05728,0.07968,0.10512,0.13616,0.22,70.4,70.4,56.2,60.79,0.0,0,0,19.2,11.2,169.0,1025.1,75.1,9.9,280.0,1.0,3.0,2018,3,22,11.0,0.22527999999999998
1161,0.10512,0.13616,0.22,0.22527999999999998,0.24719999999999998,0.32192,0.28864,72.9,72.9,55.6,54.45,0.0,0,0,21.3,10.9,175.0,1024.7,89.0,9.9,642.0,2.3,6.0,2018,3,22,12.0,0.424
1162,0.24719999999999998,0.32192,0.28864,0.424,0.39552,0.47119999999999995,0.5448,75.7,75.7,56.0,50.46,0.0,0,0,23.2,11.0,157.0,1024.2,42.7,9.9,592.0,2.1,6.0,2018,3,22,13.0,0.5736
1163,0.39552,0.47119999999999995,0.5448,0.5736,0.57472,0.5331199999999999,0.61456,78.1,78.1,53.9,43.23,0.0,0,0,23.4,11.7,178.0,1023.4,32.6,9.9,842.0,3.0,8.0,2018,3,22,14.0,0.6215999999999999
1164,0.57472,0.5331199999999999,0.61456,0.6215999999999999,0.6208,0.48176,0.48591999999999996,79.2,79.2,52.9,40.15,0.0,0,0,25.6,12.8,156.0,1022.5,50.0,9.9,562.0,2.0,6.0,2018,3,22,15.0,0.51088
1165,0.6208,0.48176,0.48591999999999996,0.51088,0.35968000000000006,0.35104,0.44768,79.8,79.8,52.7,39.06,0.0,0,0,25.7,18.1,162.0,1021.6,80.2,9.9,467.0,1.7,5.0,2018,3,22,16.0,0.30976
1166,0.35968000000000006,0.35104,0.44768,0.30976,0.22143999999999997,0.33520000000000005,0.256,79.8,79.8,52.9,39.38,0.0,0,0,25.0,11.0,170.0,1021.0,97.5,9.9,277.0,1.0,3.0,2018,3,22,17.0,0.28464
1167,0.22143999999999997,0.33520000000000005,0.256,0.28464,0.42128,0.46271999999999996,0.45808,77.3,77.3,52.3,41.81,0.0,0,0,28.4,15.1,163.0,1020.6,36.8,9.9,424.0,1.5,4.0,2018,3,22,18.0,0.41200000000000003
1168,0.42128,0.46271999999999996,0.45808,0.41200000000000003,0.38528,0.31968,0.26655999999999996,74.2,74.2,50.8,43.92,0.0,0,0,25.1,14.2,168.0,1020.7,6.2,9.9,169.0,0.6,2.0,2018,3,22,19.0,0.18816
1169,0.38528,0.31968,0.26655999999999996,0.18816,0.08048,0.00592,-0.00416,71.6,71.6,49.6,45.78,0.0,0,0,24.9,13.1,151.0,1021.2,6.2,9.9,26.0,0.1,0.0,2018,3,22,20.0,-0.00192
1183,0.00592,0.01168,0.01728,0.03232,0.0504,0.05712,0.06464,65.5,65.5,60.8,84.9,0.0,0,0,22.8,8.0,190.0,1019.3,100.0,9.8,56.0,0.2,1.0,2018,3,23,10.0,0.06496
1184,0.0504,0.05712,0.06464,0.06496,0.08096,0.07376,0.08848,68.5,68.5,61.5,78.4,0.0,0,0,31.1,9.2,184.0,1019.1,100.0,9.8,113.0,0.4,1.0,2018,3,23,11.0,0.10800000000000001
1185,0.08096,0.07376,0.08848,0.10800000000000001,0.11808,0.12592,0.1328,70.7,70.7,62.1,74.1,0.0,0,0,25.3,11.6,200.0,1019.0,100.0,9.9,145.0,0.5,1.0,2018,3,23,12.0,0.14768
1186,0.11808,0.12592,0.1328,0.14768,0.14096,0.12528,0.12576,72.2,72.2,62.1,70.53,0.0,0,0,24.4,11.3,190.0,1018.7,100.0,9.9,153.0,0.6,2.0,2018,3,23,13.0,0.11856
1187,0.14096,0.12528,0.12576,0.11856,0.12960000000000002,0.16928,0.20176,73.6,73.6,62.3,67.88,0.0,0,0,24.4,11.7,198.0,1017.7,100.0,9.9,219.0,0.8,2.0,2018,3,23,14.0,0.23344
1188,0.12960000000000002,0.16928,0.20176,0.23344,0.34048,0.2536,0.25712,76.9,76.9,62.1,60.27,0.0,0,0,29.1,11.7,178.0,1016.4,100.0,9.9,317.0,1.1,3.0,2018,3,23,15.0,0.22527999999999998
1189,0.34048,0.2536,0.25712,0.22527999999999998,0.23152,0.32016,0.44816,79.2,79.2,61.6,54.93,0.0,0,0,22.8,13.1,182.0,1015.3,100.0,9.9,311.0,1.1,3.0,2018,3,23,16.0,0.39520000000000005
1190,0.23152,0.32016,0.44816,0.39520000000000005,0.30528,0.27792,0.26304,79.0,79.0,61.4,54.94,0.0,0,0,21.3,12.7,185.0,1014.2,89.0,9.9,256.0,0.9,3.0,2018,3,23,17.0,0.32336
1191,0.30528,0.27792,0.26304,0.32336,0.22288,0.18896000000000002,0.34384,79.9,79.9,60.6,51.89,0.0,0,0,25.9,13.6,169.0,1013.5,89.0,9.9,236.0,0.8,2.0,2018,3,23,18.0,0.31744
1192,0.18896000000000002,0.34384,0.31744,0.1832,0.15408,0.08032,0.05296,76.6,76.6,60.4,57.29,0.0,0,0,24.9,14.7,163.0,1013.2,58.8,9.9,96.0,0.3,1.0,2018,3,23,19.0,0.0528
1193,0.15408,0.08032,0.05296,0.0528,0.0592,0.01504,-0.00192,74.0,74.0,60.4,62.57,0.0,0,0,22.8,10.4,163.0,1013.3,20.1,9.9,25.0,0.1,0.0,2018,3,23,20.0,-0.00192
1211,0.16128,0.22016,0.28896,0.39376,0.44543999999999995,0.41119999999999995,0.45984,80.3,82.3,65.5,60.75,0.0,0,0,16.1,8.9,223.0,1012.8,84.5,9.9,836.0,3.0,8.0,2018,3,24,14.0,0.39632
1213,0.45520000000000005,0.47008000000000005,0.45376,0.5428799999999999,0.56192,0.36416,0.40543999999999997,83.5,85.4,65.2,54.1,0.0,0,0,17.2,4.7,190.0,1010.8,89.0,9.9,511.0,1.8,5.0,2018,3,24,16.0,0.39248
1260,0.51392,0.52256,0.53744,0.59936,0.55584,0.556,0.5632,85.6,85.7,60.6,43.08,0.0,0,0,28.5,16.6,161.0,1009.5,14.2,9.9,776.0,2.8,8.0,2018,3,26,15.0,0.64416
1261,0.55584,0.556,0.5632,0.64416,0.6524800000000001,0.59648,0.51088,86.3,86.2,60.4,41.88,0.0,0,0,26.7,13.6,156.0,1008.8,12.9,9.9,551.0,2.0,6.0,2018,3,26,16.0,0.6504000000000001
1262,0.6524800000000001,0.59648,0.51088,0.6504000000000001,0.61904,0.6115200000000001,0.53936,84.1,84.0,59.4,43.19,0.0,0,0,27.8,16.7,160.0,1008.3,9.1,9.9,576.0,2.1,6.0,2018,3,26,17.0,0.5488000000000001
1263,0.61904,0.6115200000000001,0.53936,0.5488000000000001,0.544,0.5168,0.45712,83.0,82.7,58.0,42.66,0.0,0,0,28.2,13.8,151.0,1008.4,11.3,9.9,292.0,1.1,3.0,2018,3,26,18.0,0.30591999999999997
1264,0.544,0.5168,0.45712,0.30591999999999997,0.2912,0.14816000000000001,0.041120000000000004,79.9,79.9,57.9,47.04,0.0,0,0,25.0,14.0,158.0,1009.3,14.2,9.9,98.0,0.4,1.0,2018,3,26,19.0,0.02416
1265,0.2912,0.14816000000000001,0.041120000000000004,0.02416,0.008159999999999999,-0.0016,-0.0044800000000000005,76.9,76.9,58.8,53.69,0.0,0,0,21.6,11.6,152.0,1009.9,47.1,9.9,11.0,0.0,0.0,2018,3,26,20.0,-0.0016
1279,0.03056,0.031200000000000002,0.0352,0.04704,0.07904,0.08528000000000001,0.12896000000000002,74.9,74.9,64.9,70.88,0.0,0,0,19.3,13.2,148.0,1014.2,52.2,9.8,284.0,1.0,3.0,2018,3,27,10.0,0.15344
1280,0.07904,0.08528000000000001,0.12896000000000002,0.15344,0.18719999999999998,0.15408,0.23536,75.8,75.8,65.3,69.97,0.0,0,0,21.1,11.2,158.0,1014.3,96.9,9.8,221.0,0.8,2.0,2018,3,27,11.0,0.23199999999999998
1281,0.18719999999999998,0.15408,0.23536,0.23199999999999998,0.2608,0.19984000000000002,0.21488,78.7,78.7,64.9,62.49,0.0,0,0,17.5,9.2,157.0,1014.2,89.0,9.9,241.0,0.9,2.0,2018,3,27,12.0,0.20544
1282,0.2608,0.19984000000000002,0.21488,0.20544,0.20912,0.18704,0.16416,78.4,78.4,64.7,62.74,0.0,0,0,19.2,10.8,162.0,1014.0,94.6,9.8,307.0,1.1,3.0,2018,3,27,13.0,0.24495999999999998
1283,0.20912,0.18704,0.16416,0.24495999999999998,0.24495999999999998,0.17808,0.1264,79.1,79.1,64.3,60.77,0.0,0,0,16.1,8.3,160.0,1013.2,96.9,9.9,235.0,0.8,2.0,2018,3,27,14.0,0.15904
1284,0.24495999999999998,0.17808,0.1264,0.15904,0.11552,0.25920000000000004,0.36192,79.0,79.0,64.3,60.97,0.0,0,0,20.8,8.9,149.0,1012.5,91.5,9.9,244.0,0.9,2.0,2018,3,27,15.0,0.22016
1285,0.11552,0.25920000000000004,0.36192,0.22016,0.14464,0.33776000000000006,0.29712,80.6,82.0,63.2,55.65,0.0,0,0,17.2,11.7,145.0,1011.6,89.0,9.9,337.0,1.2,3.0,2018,3,27,16.0,0.13776
1286,0.14464,0.33776000000000006,0.29712,0.13776,0.18864,0.13168,0.15023999999999998,80.3,81.6,62.9,55.39,0.0,0,0,16.2,9.6,149.0,1011.5,94.6,9.8,140.0,0.5,1.0,2018,3,27,17.0,0.032639999999999995
1287,0.18864,0.13168,0.15023999999999998,0.032639999999999995,0.0014399999999999999,0.0152,0.0057599999999999995,68.1,68.1,61.7,80.2,0.0,0,0,22.5,13.4,8.0,1012.4,97.5,9.8,16.0,0.1,0.0,2018,3,27,18.0,0.00544
1288,0.0014399999999999999,0.0152,0.0057599999999999995,0.00544,0.00768,0.00384,-0.0016,64.2,64.2,61.5,90.74,0.17,0,0,21.4,11.8,15.0,1012.9,100.0,9.9,14.0,0.1,0.0,2018,3,27,19.0,0.00096
1301,-0.0008,-0.0008,-0.0008,-0.0008,-0.0008,-0.0008,0.00064,60.3,60.3,59.5,97.07,0.06,0,0,30.0,12.3,100.0,1009.8,100.0,6.6,24.0,0.1,0.0,2018,3,28,8.0,0.01424
1329,0.16768,0.17216,0.23920000000000002,0.25584,0.30112,0.38752000000000003,0.4064,68.2,68.2,60.6,76.83,0.0,0,0,17.2,5.6,208.0,1012.9,52.9,9.9,507.0,1.8,5.0,2018,3,29,12.0,0.45311999999999997
1330,0.30112,0.38752000000000003,0.4064,0.45311999999999997,0.49456000000000006,0.52608,0.5479999999999999,73.9,73.9,58.8,59.36,0.0,0,0,17.2,5.5,238.0,1012.3,6.2,9.1,772.0,2.8,8.0,2018,3,29,13.0,0.57216
1333,0.63104,0.63648,0.64672,0.64656,0.65024,0.6507200000000001,0.64864,83.3,81.1,43.8,24.95,0.0,0,0,16.1,7.3,222.0,1010.4,6.2,9.9,718.0,2.6,7.0,2018,3,29,16.0,0.6462399999999999
1334,0.65024,0.6507200000000001,0.64864,0.6462399999999999,0.6304,0.61712,0.59728,84.3,81.8,44.5,24.86,0.0,0,0,18.3,4.7,218.0,1010.5,6.2,9.9,637.0,2.3,6.0,2018,3,29,17.0,0.57264
1336,0.54976,0.5264,0.49744,0.45808,0.41664,0.36560000000000004,0.30304,80.1,78.9,40.2,24.14,0.0,0,0,17.4,10.2,338.0,1011.9,6.2,9.9,196.0,0.7,2.0,2018,3,29,19.0,0.23135999999999998
1352,0.03552,0.04352,0.054720000000000005,0.05776,0.0632,0.10976000000000001,0.18272,64.1,64.1,45.8,51.33,0.0,0,0,23.7,10.6,50.0,1026.3,6.2,9.9,472.0,1.7,5.0,2018,3,30,11.0,0.22448
1353,0.0632,0.10976000000000001,0.18272,0.22448,0.2816,0.36,0.41456000000000004,66.7,66.7,46.0,47.34,0.0,0,0,18.3,7.3,32.0,1026.4,6.2,9.9,582.0,2.1,6.0,2018,3,30,12.0,0.45887999999999995
1354,0.2816,0.36,0.41456000000000004,0.45887999999999995,0.49536,0.52752,0.5552,69.5,69.5,46.7,43.97,0.0,0,0,16.1,8.9,8.0,1025.6,6.2,9.9,802.0,2.9,8.0,2018,3,30,13.0,0.58064
1355,0.49536,0.52752,0.5552,0.58064,0.59904,0.61648,0.63168,69.8,69.8,47.6,45.1,0.0,0,0,21.6,6.3,58.0,1024.7,6.2,9.9,902.0,3.2,9.0,2018,3,30,14.0,0.6430400000000001
1375,0.01808,0.022559999999999997,0.0392,0.06336,0.10096,0.09519999999999999,0.08432,64.2,64.2,60.7,88.38,0.0,0,0,17.2,9.0,185.0,1020.7,100.0,9.4,109.0,0.4,1.0,2018,3,31,10.0,0.1024
1377,0.09183999999999999,0.1216,0.18944,0.228,0.2288,0.348,0.24816,71.7,71.7,60.7,68.32,0.0,0,0,17.5,8.3,192.0,1020.9,89.7,9.9,323.0,1.2,3.0,2018,3,31,12.0,0.26592
1378,0.2288,0.348,0.24816,0.26592,0.37552,0.36624,0.38128,75.6,75.6,59.9,58.26,0.0,0,0,18.9,12.1,179.0,1019.5,89.7,9.9,326.0,1.2,3.0,2018,3,31,13.0,0.52848
1379,0.37552,0.36624,0.38128,0.52848,0.59008,0.56992,0.5216,77.4,77.4,58.5,52.29,0.0,0,0,24.9,8.7,192.0,1018.7,50.0,9.9,809.0,2.9,8.0,2018,3,31,14.0,0.604
1380,0.59008,0.56992,0.5216,0.604,0.5539200000000001,0.6419199999999999,0.50528,79.4,79.4,58.4,48.76,0.0,0,0,21.9,10.9,181.0,1017.3,42.7,9.9,735.0,2.6,7.0,2018,3,31,15.0,0.48208
1381,0.5539200000000001,0.6419199999999999,0.50528,0.48208,0.65664,0.6368,0.62624,81.6,81.7,58.4,45.39,0.0,0,0,20.0,10.0,171.0,1016.2,21.7,9.9,698.0,2.5,7.0,2018,3,31,16.0,0.55008
1382,0.65664,0.6368,0.62624,0.55008,0.66128,0.54432,0.49520000000000003,81.3,81.5,58.2,45.36,0.0,0,0,23.0,8.5,180.0,1015.3,20.1,9.9,577.0,2.1,6.0,2018,3,31,17.0,0.59328
1383,0.66128,0.54432,0.49520000000000003,0.59328,0.5696,0.52704,0.4888,80.8,81.0,57.1,44.39,0.0,0,0,23.3,11.5,161.0,1014.7,20.1,9.9,404.0,1.5,4.0,2018,3,31,18.0,0.41952
1384,0.5696,0.52704,0.4888,0.41952,0.39280000000000004,0.33376,0.27392,78.3,78.3,57.5,48.89,0.0,0,0,23.8,14.7,163.0,1014.3,11.3,9.9,149.0,0.5,1.0,2018,3,31,19.0,0.18111999999999998
1398,0.028319999999999998,0.04016,0.05696,0.062400000000000004,0.0816,0.09759999999999999,0.1232,80.9,85.0,71.4,72.82,0.0,0,0,17.2,9.7,186.0,1014.2,89.7,7.6,820.0,3.0,8.0,2018,7,1,9.0,0.13568
1399,0.0816,0.09759999999999999,0.1232,0.13568,0.11216,0.12208000000000001,0.14864,84.5,89.3,70.6,63.16,0.0,0,0,18.3,10.6,208.0,1014.3,77.3,8.3,850.0,3.1,9.0,2018,7,1,10.0,0.17728000000000002
1400,0.11216,0.12208000000000001,0.14864,0.17728000000000002,0.21824000000000002,0.26048,0.30304,88.1,93.0,69.7,54.73,0.0,0,0,16.1,9.0,184.0,1014.1,6.2,9.2,829.0,3.0,8.0,2018,7,1,11.0,0.34448
1401,0.21824000000000002,0.26048,0.30304,0.34448,0.37904000000000004,0.41375999999999996,0.44704,91.2,95.9,68.7,47.77,0.0,0,0,20.8,6.9,206.0,1013.8,0.0,9.3,743.0,2.7,7.0,2018,7,1,12.0,0.47872
1402,0.37904000000000004,0.41375999999999996,0.44704,0.47872,0.50544,0.5305599999999999,0.54944,95.9,98.6,64.8,36.12,0.0,0,0,19.7,10.0,208.0,1013.1,0.0,9.4,615.0,2.2,6.0,2018,7,1,13.0,0.56688
1403,0.50544,0.5305599999999999,0.54944,0.56688,0.58368,0.60336,0.61248,99.5,101.5,62.8,30.21,0.0,0,0,21.6,10.0,189.0,1012.5,0.0,9.4,445.0,1.6,4.0,2018,7,1,14.0,0.62064
1404,0.58368,0.60336,0.61248,0.62064,0.63488,0.6411199999999999,0.63808,100.6,101.3,60.0,26.49,0.0,0,0,21.0,8.7,192.0,1011.8,0.0,9.4,237.0,0.9,2.0,2018,7,1,15.0,0.6368
1405,0.63488,0.6411199999999999,0.63808,0.6368,0.63712,0.62848,0.62144,102.6,103.0,58.8,23.93,0.0,0,0,18.0,7.3,168.0,1011.4,0.0,9.4,47.0,0.2,0.0,2018,7,1,16.0,0.60352
1406,0.63712,0.62848,0.62144,0.60352,0.59648,0.59488,0.5745600000000001,102.4,102.5,58.3,23.61,0.0,0,0,20.3,10.7,174.0,1010.6,0.0,9.4,12.0,0.0,0.0,2018,7,1,17.0,0.5552
1425,0.21328,0.24336,0.29584,0.344,0.38272,0.4152,0.44768,90.8,94.3,67.3,46.17,0.0,0,0,18.3,4.6,202.0,1015.0,0.0,9.8,761.0,2.7,8.0,2018,7,2,12.0,0.47712000000000004
1426,0.38272,0.4152,0.44768,0.47712000000000004,0.5001599999999999,0.524,0.54704,93.7,96.0,64.8,38.66,0.0,0,0,19.7,6.8,194.0,1014.6,0.0,9.8,634.0,2.3,6.0,2018,7,2,13.0,0.56512
1429,0.62304,0.62912,0.6273599999999999,0.6307200000000001,0.63216,0.63376,0.6201599999999999,99.6,102.0,63.4,30.8,0.0,0,0,17.2,5.3,150.0,1012.6,0.0,9.9,30.0,0.1,0.0,2018,7,2,16.0,0.62128
1430,0.63216,0.63376,0.6201599999999999,0.62128,0.6118399999999999,0.5968,0.58,100.6,101.9,61.1,27.59,0.0,0,0,18.3,10.0,176.0,1011.8,0.0,9.9,11.0,0.0,0.0,2018,7,2,17.0,0.56752
1448,0.07440000000000001,0.08848,0.13504,0.17952,0.21984,0.27072,0.30832,89.3,95.1,70.5,54.0,0.0,0,0,18.3,6.8,184.0,1014.3,6.2,9.8,840.0,3.0,8.0,2018,7,3,11.0,0.34176
1449,0.21984,0.27072,0.30832,0.34176,0.37695999999999996,0.41008,0.43823999999999996,91.6,96.5,68.9,47.63,0.0,0,0,17.2,9.6,196.0,1014.0,6.2,9.8,763.0,2.7,8.0,2018,7,3,12.0,0.46863999999999995
1475,0.44223999999999997,0.50288,0.5339200000000001,0.56304,0.32287999999999994,0.38992,0.3472,94.5,98.8,67.4,41.3,0.0,0,0,16.1,5.5,258.0,1012.8,85.5,9.9,46.0,0.2,0.0,2018,7,4,14.0,0.05088
1476,0.32287999999999994,0.38992,0.3472,0.05088,0.059359999999999996,0.0464,0.03424,78.4,78.4,74.9,89.16,0.5,0,0,33.4,8.3,123.0,1013.6,61.7,7.1,33.0,0.1,0.0,2018,7,4,15.0,0.012960000000000001
1500,0.50528,0.46592,0.45311999999999997,0.45280000000000004,0.60528,0.65424,0.65488,90.4,93.2,66.3,45.16,0.0,0,0,18.3,6.1,56.0,1021.1,31.1,9.9,239.0,0.9,2.0,2018,7,5,15.0,0.66976
1501,0.60528,0.65424,0.65488,0.66976,0.65664,0.37728,0.56176,91.9,94.7,65.9,42.6,0.0,0,0,17.2,11.1,82.0,1020.6,12.9,9.9,30.0,0.1,0.0,2018,7,5,16.0,0.6392
1502,0.65664,0.37728,0.56176,0.6392,0.61456,0.60224,0.58832,92.2,94.6,65.2,41.12,0.0,0,0,16.1,10.7,50.0,1020.0,11.3,9.9,8.0,0.0,0.0,2018,7,5,17.0,0.5656
1521,0.17568,0.292,0.2824,0.31120000000000003,0.3336,0.27056,0.452,89.7,97.2,72.2,56.56,0.0,0,0,17.2,8.0,9.0,1020.9,48.0,9.9,651.0,2.3,7.0,2018,7,6,12.0,0.46976
1523,0.50544,0.36,0.5256000000000001,0.54864,0.4536,0.52416,0.46112000000000003,91.8,96.6,68.8,47.21,0.0,0,0,17.2,8.0,58.0,1019.2,86.8,9.9,391.0,1.4,4.0,2018,7,6,14.0,0.59904
1524,0.4536,0.52416,0.46112000000000003,0.59904,0.64688,0.63776,0.61552,95.3,99.7,67.4,40.39,0.0,0,0,18.6,8.3,47.0,1017.8,32.6,9.9,246.0,0.9,2.0,2018,7,6,15.0,0.48304
1525,0.64688,0.63776,0.61552,0.48304,0.6481600000000001,0.5664,0.60304,94.6,97.4,65.2,38.16,0.0,0,0,19.4,9.5,65.0,1016.6,32.6,9.9,48.0,0.2,0.0,2018,7,6,16.0,0.43856
1548,0.5820799999999999,0.62192,0.62,0.63456,0.63776,0.63056,0.65024,91.9,97.5,69.7,48.54,0.0,0,0,16.1,6.7,14.0,1016.1,11.3,9.9,68.0,0.2,1.0,2018,7,7,15.0,0.61088
1549,0.63776,0.63056,0.65024,0.61088,0.54752,0.49296,0.32031999999999994,90.4,95.4,69.2,49.96,0.0,0,0,18.3,9.8,357.0,1015.3,61.0,9.9,26.0,0.1,0.0,2018,7,7,16.0,0.32464
1550,0.54752,0.49296,0.32031999999999994,0.32464,0.41936,0.29184,0.14896,86.1,90.8,69.9,58.48,0.0,0,0,34.7,6.5,52.0,1015.0,22.6,9.5,6.0,0.0,0.0,2018,7,7,17.0,0.14544
1574,0.66464,0.51408,0.48048,0.5273599999999999,0.46208,0.524,0.4752,91.2,96.0,68.8,48.13,0.0,0,0,16.1,6.5,100.0,1014.8,75.1,9.9,6.0,0.0,0.0,2018,7,8,17.0,0.24367999999999998
1589,-0.00064,-0.0014399999999999999,0.00016,0.0048,-0.00032,0.007039999999999999,0.011519999999999999,73.6,73.6,71.6,93.34,1.1,0,0,16.1,3.2,60.0,1020.9,99.3,2.1,304.0,1.1,3.0,2018,7,9,8.0,0.01344
1620,0.57008,0.59504,0.5888,0.61888,0.58384,0.62624,0.6352,92.1,98.8,70.9,50.13,0.0,0,0,17.2,1.8,318.0,1018.5,11.3,9.9,246.0,0.9,2.0,2018,7,10,15.0,0.64128
1667,0.52576,0.5364800000000001,0.54448,0.56464,0.58304,0.59936,0.6092799999999999,92.8,95.3,65.2,40.3,0.0,0,0,16.1,7.6,170.0,1016.7,11.3,9.9,458.0,1.6,5.0,2018,7,12,14.0,0.616
1689,0.22432,0.24303999999999998,0.292,0.3072,0.35152,0.38624,0.46512,88.2,92.7,69.2,53.57,0.0,0,0,17.9,5.2,186.0,1018.7,32.6,9.9,764.0,2.8,8.0,2018,7,13,12.0,0.48656
1691,0.51568,0.47696,0.57696,0.43200000000000005,0.5150399999999999,0.55952,0.5099199999999999,92.9,97.2,67.7,43.87,0.0,0,0,17.2,12.3,198.0,1017.5,31.1,9.9,471.0,1.7,5.0,2018,7,13,14.0,0.5835199999999999
1693,0.64288,0.64256,0.64288,0.644,0.6457599999999999,0.6427200000000001,0.6368,94.1,97.1,65.8,39.7,0.0,0,0,18.3,5.2,182.0,1016.2,31.1,9.9,55.0,0.2,1.0,2018,7,13,16.0,0.63104
1710,0.0296,0.03456,0.04304,0.06544,0.06432,0.059359999999999996,0.04816,80.6,85.0,72.6,76.64,0.0,0,0,19.7,7.3,208.0,1018.0,89.0,9.9,763.0,2.7,8.0,2018,7,14,9.0,0.09952
1711,0.06432,0.059359999999999996,0.04816,0.09952,0.07728,0.07504,0.06992,84.6,90.4,72.0,66.13,0.0,0,0,19.7,6.3,210.0,1018.1,72.6,9.9,854.0,3.1,9.0,2018,7,14,10.0,0.11503999999999999
1712,0.07728,0.07504,0.06992,0.11503999999999999,0.16047999999999998,0.2032,0.2984,87.3,93.2,71.1,58.72,0.0,0,0,23.7,9.2,192.0,1018.0,27.6,9.9,722.0,2.6,7.0,2018,7,14,11.0,0.35264
1714,0.3824,0.42448,0.45088,0.46704,0.49520000000000003,0.50528,0.54384,92.5,98.5,70.0,47.93,0.0,0,0,17.9,10.3,178.0,1017.3,7.8,9.9,637.0,2.3,6.0,2018,7,14,13.0,0.55312
1715,0.49520000000000003,0.50528,0.54384,0.55312,0.56736,0.6096,0.62656,93.5,98.8,68.9,44.95,0.0,0,0,19.7,9.6,170.0,1016.7,26.0,9.9,469.0,1.7,5.0,2018,7,14,14.0,0.62864
1717,0.63904,0.62896,0.544,0.69664,0.54832,0.58496,0.37792000000000003,96.2,100.4,66.9,38.54,0.0,0,0,19.7,8.8,182.0,1015.4,31.1,9.9,40.0,0.1,0.0,2018,7,14,16.0,0.6628799999999999
1734,0.01568,0.02848,0.05152,0.07888,0.06559999999999999,0.08736000000000001,0.0816,81.1,86.4,73.8,78.45,0.0,0,0,16.1,8.5,186.0,1016.3,89.0,9.4,587.0,2.1,6.0,2018,7,15,9.0,0.12656
1735,0.06559999999999999,0.08736000000000001,0.0816,0.12656,0.1744,0.13727999999999999,0.15808,83.9,90.8,73.7,71.33,0.0,0,0,20.8,8.3,186.0,1016.5,96.9,9.4,802.0,2.9,8.0,2018,7,15,10.0,0.13632
1736,0.1744,0.13727999999999999,0.15808,0.13632,0.23071999999999998,0.3528,0.28384,84.4,91.1,73.2,69.28,0.0,0,0,23.3,7.7,213.0,1016.5,94.6,9.5,703.0,2.5,7.0,2018,7,15,11.0,0.22463999999999998
1737,0.23071999999999998,0.3528,0.28384,0.22463999999999998,0.25824,0.272,0.34704,86.5,93.1,72.3,62.83,0.0,0,0,19.7,7.5,224.0,1016.5,99.4,9.5,655.0,2.4,7.0,2018,7,15,12.0,0.35776
1738,0.25824,0.272,0.34704,0.35776,0.4096,0.42448,0.45584,91.7,100.3,72.9,54.35,0.0,0,0,19.7,7.2,192.0,1016.2,86.8,9.5,593.0,2.1,6.0,2018,7,15,13.0,0.5336
1740,0.44656,0.50192,0.5088,0.6679999999999999,0.524,0.56272,0.52992,94.3,100.5,69.7,44.94,0.0,0,0,18.3,9.6,211.0,1014.9,31.1,9.4,230.0,0.8,2.0,2018,7,15,15.0,0.48016
1741,0.524,0.56272,0.52992,0.48016,0.62912,0.6512,0.49968,95.5,101.8,69.6,43.23,0.0,0,0,19.7,9.8,187.0,1014.1,32.6,9.4,52.0,0.2,1.0,2018,7,15,16.0,0.61136
1742,0.62912,0.6512,0.49968,0.61136,0.46976,0.44351999999999997,0.59296,96.2,101.4,68.2,40.26,0.0,0,0,19.7,8.1,170.0,1013.2,32.6,9.4,9.0,0.0,0.0,2018,7,15,17.0,0.5568
1758,0.02128,0.03552,0.04944,0.05728,0.06559999999999999,0.08528000000000001,0.0808,80.0,80.0,73.5,80.52,0.0,0,0,20.8,7.8,196.0,1016.7,71.6,8.3,782.0,2.8,8.0,2018,7,16,9.0,0.0888
1760,0.11359999999999999,0.12272,0.13552,0.17552,0.20912,0.25136,0.28704,87.1,93.4,71.7,60.25,0.0,0,0,17.2,6.4,202.0,1017.0,6.2,9.7,791.0,2.8,8.0,2018,7,16,11.0,0.3264
1761,0.20912,0.25136,0.28704,0.3264,0.36832,0.40304,0.43504,89.8,95.1,69.7,51.77,0.0,0,0,18.3,8.4,194.0,1017.0,6.2,9.2,710.0,2.6,7.0,2018,7,16,12.0,0.46448
1762,0.36832,0.40304,0.43504,0.46448,0.49008,0.5107200000000001,0.53328,92.6,98.3,69.5,47.06,0.0,0,0,19.7,8.6,190.0,1016.7,0.0,9.4,581.0,2.1,6.0,2018,7,16,13.0,0.55472
1763,0.49008,0.5107200000000001,0.53328,0.55472,0.56976,0.5856,0.59712,96.0,101.3,68.3,40.65,0.0,0,0,21.2,7.8,182.0,1016.2,6.2,9.4,412.0,1.5,4.0,2018,7,16,14.0,0.60304
1764,0.56976,0.5856,0.59712,0.60304,0.61328,0.61536,0.61808,97.0,100.7,66.0,36.58,0.0,0,0,20.6,6.8,208.0,1015.5,6.2,9.4,222.0,0.8,2.0,2018,7,16,15.0,0.6175999999999999
1765,0.61328,0.61536,0.61808,0.6175999999999999,0.61072,0.60688,0.6041599999999999,98.0,101.7,65.7,35.07,0.0,0,0,20.8,7.8,212.0,1014.9,6.2,9.4,56.0,0.2,1.0,2018,7,16,16.0,0.59456
1785,0.20576,0.22943999999999998,0.27327999999999997,0.32496,0.36976,0.40384,0.43567999999999996,89.8,94.7,69.3,51.02,0.0,0,0,19.0,8.2,200.0,1017.6,6.2,9.8,757.0,2.7,8.0,2018,7,17,12.0,0.46576
1786,0.36976,0.40384,0.43567999999999996,0.46576,0.48991999999999997,0.51152,0.53632,93.7,98.8,68.7,44.27,0.0,0,0,17.2,6.1,216.0,1017.0,6.2,9.8,623.0,2.2,6.0,2018,7,17,13.0,0.55824
1789,0.6215999999999999,0.62448,0.62176,0.63056,0.63648,0.62688,0.62256,98.6,99.7,61.3,29.43,0.0,0,0,17.2,5.3,240.0,1014.8,6.2,9.8,36.0,0.1,0.0,2018,7,17,16.0,0.6152000000000001
1807,0.044160000000000005,0.04704,0.04928,0.056159999999999995,0.06848,0.08144,0.11055999999999999,85.9,92.2,72.0,63.42,0.0,0,0,16.1,7.0,220.0,1015.4,6.2,9.8,847.0,3.0,8.0,2018,7,18,10.0,0.15088
1809,0.1864,0.20687999999999998,0.25456,0.3128,0.36288,0.40271999999999997,0.43584,93.7,97.3,66.7,41.35,0.0,0,0,16.1,7.9,194.0,1014.9,6.2,9.8,753.0,2.7,8.0,2018,7,18,12.0,0.46496000000000004
1810,0.36288,0.40271999999999997,0.43584,0.46496000000000004,0.49136,0.51152,0.53664,96.6,99.8,65.3,35.97,0.0,0,0,18.3,2.7,289.0,1014.3,6.2,9.8,635.0,2.3,6.0,2018,7,18,13.0,0.55408
1811,0.49136,0.51152,0.53664,0.55408,0.5723199999999999,0.58656,0.59728,97.9,101.0,64.9,34.15,0.0,0,0,18.3,8.2,207.0,1013.4,6.2,9.8,455.0,1.6,5.0,2018,7,18,14.0,0.6067199999999999
1831,0.045599999999999995,0.04304,0.045919999999999996,0.05296,0.062400000000000004,0.08048,0.10400000000000001,84.3,90.2,72.3,67.39,0.0,0,0,16.1,7.0,208.0,1013.6,6.2,9.8,843.0,3.0,8.0,2018,7,19,10.0,0.14688
1834,0.35600000000000004,0.39552,0.42832000000000003,0.45856,0.48528,0.512,0.53248,95.9,101.4,68.6,41.21,0.0,0,0,16.1,4.7,188.0,1012.4,6.2,9.9,612.0,2.2,6.0,2018,7,19,13.0,0.55424
1835,0.48528,0.512,0.53248,0.55424,0.5737599999999999,0.58912,0.5992000000000001,98.7,103.3,66.7,35.43,0.0,0,0,19.0,7.9,182.0,1011.6,0.0,9.9,449.0,1.6,4.0,2018,7,19,14.0,0.60816
1836,0.5737599999999999,0.58912,0.5992000000000001,0.60816,0.61552,0.6273599999999999,0.62944,100.8,103.1,62.8,29.03,0.0,0,0,19.9,7.4,188.0,1010.9,6.2,9.9,258.0,0.9,3.0,2018,7,19,15.0,0.63168
1837,0.61552,0.6273599999999999,0.62944,0.63168,0.6267199999999999,0.61568,0.60992,102.4,103.2,59.7,24.81,0.0,0,0,16.1,7.3,208.0,1010.3,6.2,9.9,31.0,0.1,0.0,2018,7,19,16.0,0.60352
1838,0.6267199999999999,0.61568,0.60992,0.60352,0.59248,0.5809599999999999,0.56848,101.4,102.7,61.0,26.74,0.0,0,0,17.2,7.3,186.0,1009.8,6.2,9.9,9.0,0.0,0.0,2018,7,19,17.0,0.5592
1854,0.02032,0.025920000000000002,0.0296,0.032959999999999996,0.036000000000000004,0.038079999999999996,0.0392,81.2,85.9,72.6,75.23,0.0,0,0,19.7,6.5,210.0,1013.6,6.2,9.4,824.0,3.0,8.0,2018,7,20,9.0,0.04688
1857,0.1784,0.19872,0.24416000000000002,0.30768,0.36288,0.40368000000000004,0.436,92.7,96.1,66.5,42.32,0.0,0,0,17.2,7.3,212.0,1013.6,6.2,9.9,742.0,2.7,7.0,2018,7,20,12.0,0.46656
1859,0.4936,0.5184000000000001,0.53872,0.5592,0.57648,0.58672,0.59728,98.7,100.4,62.4,30.46,0.0,0,0,21.9,8.1,207.0,1012.6,6.2,9.9,449.0,1.6,4.0,2018,7,20,14.0,0.61088
1862,0.6227199999999999,0.62336,0.6126400000000001,0.6041599999999999,0.59136,0.58368,0.5768,102.8,104.0,60.3,25.02,0.0,0,0,18.3,6.7,156.0,1011.4,6.6,9.9,9.0,0.0,0.0,2018,7,20,17.0,0.5585600000000001
1878,0.0208,0.03248,0.04192,0.037759999999999995,0.041280000000000004,0.0472,0.04704,79.8,79.8,72.2,77.71,0.0,0,0,20.8,8.0,200.0,1016.2,21.3,7.1,812.0,2.9,8.0,2018,7,21,9.0,0.05136
1880,0.0664,0.0848,0.1128,0.15328,0.17984000000000003,0.19344,0.26304,87.0,93.0,71.4,59.91,0.0,0,0,18.3,7.9,193.0,1015.8,6.2,9.9,816.0,2.9,8.0,2018,7,21,11.0,0.30432
1881,0.17984000000000003,0.19344,0.26304,0.30432,0.33648000000000006,0.39136000000000004,0.45744,90.2,95.3,69.4,50.61,0.0,0,0,20.3,6.0,202.0,1015.3,20.1,9.9,675.0,2.4,7.0,2018,7,21,12.0,0.47119999999999995
1884,0.5784,0.58896,0.60016,0.60224,0.62128,0.61968,0.63264,102.2,104.6,62.6,27.64,0.0,0,0,17.2,6.3,176.0,1013.4,11.3,9.9,246.0,0.9,2.0,2018,7,21,15.0,0.58704
1885,0.62128,0.61968,0.63264,0.58704,0.5512,0.5603199999999999,0.57696,101.2,102.8,61.5,27.41,0.0,0,0,21.9,9.9,203.0,1012.6,20.1,9.9,46.0,0.2,0.0,2018,7,21,16.0,0.544
1886,0.5512,0.5603199999999999,0.57696,0.544,0.54,0.55776,0.5848,101.8,103.4,61.3,26.67,0.0,0,0,17.0,7.9,198.0,1012.0,20.1,9.9,8.0,0.0,0.0,2018,7,21,17.0,0.58624
1904,0.07104,0.1072,0.13936,0.16079999999999997,0.184,0.20079999999999998,0.244,91.9,95.9,67.6,45.16,0.0,0,0,23.0,6.6,212.0,1013.9,11.3,9.8,777.0,2.8,8.0,2018,7,22,11.0,0.30256
1905,0.184,0.20079999999999998,0.244,0.30256,0.35776,0.39472,0.42928,96.2,99.6,65.7,36.99,0.0,0,0,19.7,7.8,226.0,1013.6,6.2,9.9,752.0,2.7,8.0,2018,7,22,12.0,0.4512
1906,0.35776,0.39472,0.42928,0.4512,0.45936,0.5136,0.52832,98.7,100.1,61.8,29.85,0.0,0,0,18.3,7.3,204.0,1012.8,20.1,9.9,640.0,2.3,6.0,2018,7,22,13.0,0.50112
1907,0.45936,0.5136,0.52832,0.50112,0.57184,0.58912,0.53024,101.1,102.3,60.7,26.76,0.0,0,0,19.7,5.8,196.0,1012.0,20.1,9.9,366.0,1.3,4.0,2018,7,22,14.0,0.5073599999999999
1909,0.52864,0.61392,0.60512,0.61328,0.62352,0.61872,0.61632,104.4,105.3,59.4,23.13,0.0,0,0,16.1,6.4,188.0,1010.7,20.1,9.9,39.0,0.1,0.0,2018,7,22,16.0,0.612
1910,0.62352,0.61872,0.61632,0.612,0.60496,0.58752,0.5809599999999999,104.6,104.1,56.3,20.56,0.0,0,0,18.3,5.4,132.0,1010.3,20.1,9.9,10.0,0.0,0.0,2018,7,22,17.0,0.5648
1950,0.007039999999999999,0.01936,0.02544,0.05024,0.07408000000000001,0.08592000000000001,0.08384,86.4,88.8,66.1,51.04,0.0,0,0,17.2,9.0,16.0,1013.7,20.1,9.9,765.0,2.8,8.0,2018,7,24,9.0,0.0736
1952,0.09776,0.12272,0.14864,0.16416,0.1728,0.196,0.2248,91.8,97.7,70.0,49.26,0.0,0,0,16.3,11.5,29.0,1014.2,20.1,9.9,818.0,2.9,8.0,2018,7,24,11.0,0.28064
1953,0.1728,0.196,0.2248,0.28064,0.34031999999999996,0.38432,0.41503999999999996,95.1,103.8,72.1,47.75,0.0,0,0,19.7,8.8,23.0,1014.4,11.3,9.9,747.0,2.7,7.0,2018,7,24,12.0,0.42144
1954,0.34031999999999996,0.38432,0.41503999999999996,0.42144,0.46384000000000003,0.4968,0.5144,96.0,104.9,72.1,46.27,0.0,0,0,23.5,5.5,50.0,1014.1,11.3,9.9,598.0,2.2,6.0,2018,7,24,13.0,0.52672
1955,0.46384000000000003,0.4968,0.5144,0.52672,0.5704,0.4376,0.49328000000000005,98.5,105.3,69.3,38.95,0.0,0,0,22.1,8.1,42.0,1013.8,20.1,9.9,428.0,1.5,4.0,2018,7,24,14.0,0.50048
1956,0.5704,0.4376,0.49328000000000005,0.50048,0.5544,0.59136,0.60576,99.4,104.0,66.4,34.36,0.0,0,0,21.9,10.7,60.0,1012.8,47.7,9.9,157.0,0.6,2.0,2018,7,24,15.0,0.60624
1957,0.5544,0.59136,0.60576,0.60624,0.6126400000000001,0.49616,0.6078399999999999,100.6,105.0,65.9,32.64,0.0,0,0,22.4,9.9,62.0,1012.7,32.6,9.9,39.0,0.1,0.0,2018,7,24,16.0,0.55072
1958,0.6126400000000001,0.49616,0.6078399999999999,0.55072,0.59888,0.5968,0.54592,99.1,101.6,63.6,31.47,0.0,0,0,18.7,7.0,62.0,1012.2,39.9,9.9,8.0,0.0,0.0,2018,7,24,17.0,0.55264
2003,0.4192,0.47152,0.5339200000000001,0.54192,0.47264,0.56992,0.5704,97.2,96.0,56.7,26.11,0.0,0,0,17.2,2.5,66.0,1015.1,20.1,9.9,437.0,1.6,4.0,2018,7,26,14.0,0.61088
2027,0.4704,0.49408,0.51968,0.54208,0.56192,0.58128,0.59712,98.2,97.1,56.6,25.25,0.0,0,0,17.9,8.1,86.0,1015.3,11.3,9.9,453.0,1.6,5.0,2018,7,27,14.0,0.60256
2028,0.56192,0.58128,0.59712,0.60256,0.61104,0.61936,0.62448,100.2,98.4,54.0,21.59,0.0,0,0,19.9,7.4,104.0,1014.9,11.3,9.9,254.0,0.9,3.0,2018,7,27,15.0,0.63264
2029,0.61104,0.61936,0.62448,0.63264,0.63968,0.6408,0.6312,101.7,99.9,53.5,20.23,0.0,0,0,18.3,8.5,140.0,1014.3,11.3,9.9,29.0,0.1,0.0,2018,7,27,16.0,0.62928
2030,0.63968,0.6408,0.6312,0.62928,0.60768,0.59792,0.58448,100.6,98.6,53.3,20.79,0.0,0,0,17.3,9.2,122.0,1014.0,11.3,9.9,7.0,0.0,0.0,2018,7,27,17.0,0.568
2052,0.56384,0.5784,0.5995199999999999,0.54832,0.6152000000000001,0.612,0.61728,98.5,100.9,63.5,31.91,0.0,0,0,17.2,8.7,192.0,1014.5,6.2,9.9,284.0,1.0,3.0,2018,7,28,15.0,0.62848
2077,0.60192,0.60768,0.60992,0.6144,0.61584,0.6032,0.60016,101.2,103.7,63.0,28.85,0.0,0,0,16.1,6.9,157.0,1012.0,6.2,9.9,39.0,0.1,0.0,2018,7,29,16.0,0.59376
2094,0.01088,0.01696,0.02544,0.03376,0.04016,0.04672,0.05408,82.9,89.2,73.7,73.76,0.0,0,0,17.2,7.3,221.0,1014.8,12.9,9.9,667.0,2.4,7.0,2018,7,30,9.0,0.064
2100,0.37968,0.31056,0.43136,0.37152,0.57408,0.61072,0.5745600000000001,98.7,101.7,64.5,32.78,0.0,0,0,18.3,6.8,44.0,1013.0,47.1,9.9,230.0,0.8,2.0,2018,7,30,15.0,0.57664
2102,0.54304,0.6048,0.43072000000000005,0.29504,0.32816,0.46671999999999997,0.54096,98.2,100.0,62.8,31.4,0.0,0,0,17.2,4.1,12.0,1011.7,11.3,9.9,7.0,0.0,0.0,2018,7,30,17.0,0.5207999999999999
2122,0.30207999999999996,0.32272,0.37392000000000003,0.29359999999999997,0.30656,0.32159999999999994,0.34192,92.3,97.9,69.5,47.54,0.0,0,0,18.3,6.5,6.0,1014.4,23.0,9.9,395.0,1.4,4.0,2018,7,31,13.0,0.43232
2123,0.30656,0.32159999999999994,0.34192,0.43232,0.38608,0.46944,0.36928,93.5,97.2,66.8,41.77,0.0,0,0,21.9,10.9,12.0,1013.7,30.7,9.9,241.0,0.9,2.0,2018,7,31,14.0,0.40656
2124,0.38608,0.46944,0.36928,0.40656,0.36863999999999997,0.2944,0.52944,94.9,99.2,67.3,40.67,0.0,0,0,17.2,8.4,38.0,1013.0,61.5,9.9,163.0,0.6,2.0,2018,7,31,15.0,0.35231999999999997
2125,0.36863999999999997,0.2944,0.52944,0.35231999999999997,0.34704,0.36448,0.3104,95.7,99.4,66.3,38.31,0.0,0,0,19.7,2.7,19.0,1012.9,42.7,9.9,48.0,0.2,0.0,2018,7,31,16.0,0.43456000000000006
2126,0.34704,0.36448,0.3104,0.43456000000000006,0.43488,0.37296,0.18495999999999999,95.7,95.9,60.3,30.99,0.0,0,0,17.9,4.7,52.0,1012.1,86.8,9.9,7.0,0.0,0.0,2018,7,31,17.0,0.46
2146,0.35152,0.38927999999999996,0.42351999999999995,0.45376,0.48448,0.47216,0.53776,93.6,92.2,56.8,29.21,0.0,0,0,18.3,6.1,8.0,1015.3,26.0,9.9,817.0,2.9,8.0,2018,8,1,13.0,0.55328
2147,0.48448,0.47216,0.53776,0.55328,0.57264,0.59216,0.59472,94.9,92.9,54.7,26.04,0.0,0,0,16.1,5.5,28.0,1014.5,11.3,9.9,856.0,3.1,9.0,2018,8,1,14.0,0.61376
2148,0.57264,0.59216,0.59472,0.61376,0.6264,0.6409600000000001,0.6352,97.6,95.2,53.0,22.52,0.0,0,0,23.7,9.2,26.0,1013.7,6.2,9.9,836.0,3.0,8.0,2018,8,1,15.0,0.6416
2149,0.6264,0.6409600000000001,0.6352,0.6416,0.63568,0.6424,0.62944,97.8,95.1,51.6,21.26,0.0,0,0,21.9,7.3,346.0,1013.1,6.2,9.9,754.0,2.7,8.0,2018,8,1,16.0,0.6288
2150,0.63568,0.6424,0.62944,0.6288,0.6184000000000001,0.60992,0.5936,98.7,95.5,49.2,18.87,0.0,0,0,23.7,8.0,12.0,1012.4,6.2,9.9,626.0,2.3,6.0,2018,8,1,17.0,0.57312
2195,0.33248,0.37936,0.41008,0.4472,0.4704,0.4968,0.5224,94.0,93.1,58.4,30.59,0.0,0,0,16.1,6.9,68.0,1015.6,6.2,9.9,806.0,2.9,8.0,2018,8,3,13.0,0.544
2196,0.4704,0.4968,0.5224,0.544,0.55984,0.5723199999999999,0.58768,96.8,95.8,57.0,26.69,0.0,0,0,21.9,7.5,98.0,1014.4,6.2,9.9,831.0,3.0,8.0,2018,8,3,14.0,0.59872
2197,0.55984,0.5723199999999999,0.58768,0.59872,0.596,0.62176,0.61072,96.7,95.6,56.9,26.67,0.0,0,0,19.7,11.0,106.0,1013.7,6.2,9.9,808.0,2.9,8.0,2018,8,3,15.0,0.59088
2198,0.596,0.62176,0.61072,0.59088,0.624,0.61792,0.60608,98.5,96.6,54.2,22.85,0.0,0,0,17.8,11.9,102.0,1013.1,6.2,9.9,730.0,2.6,7.0,2018,8,3,16.0,0.5390400000000001
2200,0.33216,0.60512,0.58304,0.56224,0.54256,0.46880000000000005,0.47264,97.2,95.0,53.5,23.23,0.0,0,0,17.1,9.3,122.0,1012.8,31.1,9.9,366.0,1.3,4.0,2018,8,3,18.0,0.44016
2201,0.54256,0.46880000000000005,0.47264,0.44016,0.4048,0.3568,0.32192,95.9,93.6,53.6,24.21,0.0,0,0,17.2,7.2,122.0,1012.7,12.0,9.9,205.0,0.7,2.0,2018,8,3,19.0,0.2688
2202,0.4048,0.3568,0.32192,0.2688,0.19184,0.1328,0.07968,92.6,90.8,55.5,28.68,0.0,0,0,17.2,10.6,123.0,1012.8,7.8,9.9,38.0,0.1,0.0,2018,8,3,20.0,0.018879999999999997
2217,0.18928,0.22384,0.29712,0.33392000000000005,0.41456000000000004,0.41247999999999996,0.48128,89.0,93.0,68.3,50.56,0.0,0,0,17.2,6.7,190.0,1015.5,23.0,9.9,565.0,2.0,6.0,2018,8,4,12.0,0.48031999999999997
2220,0.4752,0.308,0.47984000000000004,0.3968,0.68352,0.6332800000000001,0.23856000000000002,95.8,98.3,64.5,35.8,0.0,0,0,19.9,5.9,178.0,1013.2,83.9,9.9,758.0,2.7,8.0,2018,8,4,15.0,0.49776000000000004
2222,0.6075200000000001,0.42448,0.44944,0.40576,0.15984,0.10672000000000001,0.1936,93.9,96.9,65.8,39.91,0.0,0,0,22.2,9.3,118.0,1012.6,96.9,9.9,283.0,1.0,3.0,2018,8,4,17.0,0.08512
2223,0.15984,0.10672000000000001,0.1936,0.08512,0.44608,0.20736000000000002,0.20176,92.4,94.9,65.4,41.14,0.0,0,0,28.8,9.0,16.0,1012.6,86.8,9.9,93.0,0.3,1.0,2018,8,4,18.0,0.064
2224,0.44608,0.20736000000000002,0.20176,0.064,0.23472,0.26192,0.204,92.8,96.0,66.3,41.8,0.0,0,0,22.0,13.6,148.0,1012.7,75.1,9.9,132.0,0.5,1.0,2018,8,4,19.0,0.07968
2225,0.23472,0.26192,0.204,0.07968,0.14512,0.12016,0.06,90.7,94.3,67.4,46.58,0.0,0,0,25.9,15.3,134.0,1013.6,11.3,9.9,36.0,0.1,0.0,2018,8,4,20.0,0.00432
2226,0.07968,0.14512,0.12016,0.06,0.00432,-0.00384,-0.00064,88.0,90.5,66.3,48.73,0.0,0,0,23.6,11.6,159.0,1014.4,27.6,9.9,6.0,0.0,0.0,2018,8,4,21.0,-0.00064
2239,0.06,0.0552,0.09904,0.13424,0.13504,0.10736000000000001,0.16928,84.0,90.8,73.5,70.58,0.0,0,0,17.2,7.7,166.0,1019.0,89.0,9.9,190.0,0.7,2.0,2018,8,5,10.0,0.17504
2240,0.13504,0.10736000000000001,0.16928,0.17504,0.1384,0.23552,0.30624,89.3,94.9,70.3,53.7,0.0,0,0,17.2,8.3,162.0,1019.1,42.3,9.9,177.0,0.6,2.0,2018,8,5,11.0,0.33248
2241,0.1384,0.23552,0.30624,0.33248,0.29152,0.3344,0.4432,92.1,95.8,67.2,44.15,0.0,0,0,20.6,8.9,168.0,1019.0,42.7,9.9,498.0,1.8,5.0,2018,8,5,12.0,0.41584000000000004
2242,0.29152,0.3344,0.4432,0.41584000000000004,0.47856000000000004,0.46015999999999996,0.55376,91.8,94.5,65.9,42.63,0.0,0,0,20.8,8.9,154.0,1018.6,85.5,9.9,632.0,2.3,6.0,2018,8,5,13.0,0.42944000000000004
2243,0.47856000000000004,0.46015999999999996,0.55376,0.42944000000000004,0.28864,0.6075200000000001,0.5992000000000001,90.4,93.1,66.1,44.95,0.0,0,0,16.1,8.8,135.0,1018.1,86.8,9.9,722.0,2.6,7.0,2018,8,5,14.0,0.60832
2244,0.28864,0.6075200000000001,0.5992000000000001,0.60832,0.54704,0.58,0.6552,96.8,99.3,64.2,34.46,0.0,0,0,20.8,7.2,170.0,1016.9,42.7,9.9,634.0,2.3,6.0,2018,8,5,15.0,0.41168
2245,0.54704,0.58,0.6552,0.41168,0.24239999999999998,0.5860799999999999,0.27056,95.5,96.0,61.2,32.25,0.0,0,0,20.8,9.8,164.0,1016.5,21.7,9.9,376.0,1.4,4.0,2018,8,5,16.0,0.18736
2246,0.24239999999999998,0.5860799999999999,0.27056,0.18736,0.16815999999999998,0.5502400000000001,0.58224,96.4,97.3,61.7,31.98,0.0,0,0,31.1,7.4,156.0,1015.9,55.9,9.9,595.0,2.1,6.0,2018,8,5,17.0,0.27584
2247,0.16815999999999998,0.5502400000000001,0.58224,0.27584,0.33376,0.51456,0.48832000000000003,94.9,97.2,64.5,36.85,0.0,0,0,19.1,9.6,153.0,1016.1,85.5,9.9,387.0,1.4,4.0,2018,8,5,18.0,0.46015999999999996
2248,0.33376,0.51456,0.48832000000000003,0.46015999999999996,0.41088,0.39168,0.35600000000000004,92.8,94.0,63.0,37.28,0.0,0,0,18.3,11.1,160.0,1016.4,20.1,9.9,264.0,1.0,3.0,2018,8,5,19.0,0.33152000000000004
2271,0.456,0.13104,0.30224,0.49872,0.46576,0.48591999999999996,0.55584,92.2,97.3,69.0,46.92,0.0,0,0,24.0,11.9,128.0,1014.7,58.8,9.7,259.0,0.9,3.0,2018,8,6,18.0,0.50608
2273,0.44223999999999997,0.10384,0.22527999999999998,0.21088,0.244,0.18448,0.10384,89.4,94.6,69.7,52.47,0.0,0,0,17.2,13.1,143.0,1014.9,11.3,9.9,29.0,0.1,0.0,2018,8,6,20.0,0.026080000000000002
2274,0.244,0.18448,0.10384,0.026080000000000002,-0.0014399999999999999,-0.00384,-0.00064,85.6,90.6,70.4,60.46,0.0,0,0,16.1,10.0,152.0,1015.8,11.3,9.9,6.0,0.0,0.0,2018,8,6,21.0,-0.00064
2288,0.1272,0.11008,0.0832,0.16496,0.20032,0.22512000000000001,0.21359999999999998,89.0,94.5,70.3,54.14,0.0,0,0,19.0,8.0,192.0,1017.8,75.1,9.9,145.0,0.5,1.0,2018,8,7,11.0,0.29600000000000004
2289,0.20032,0.22512000000000001,0.21359999999999998,0.29600000000000004,0.33952,0.24111999999999997,0.30112,91.8,95.5,67.3,44.74,0.0,0,0,16.9,9.7,165.0,1017.4,33.9,9.9,584.0,2.1,6.0,2018,8,7,12.0,0.41536
2294,0.5056,0.6708799999999999,0.63968,0.58048,0.20112,0.36719999999999997,0.6457599999999999,98.6,102.5,65.9,34.66,0.0,0,0,16.1,8.3,167.0,1012.5,30.7,9.9,381.0,1.4,4.0,2018,8,7,17.0,0.50576
2295,0.20112,0.36719999999999997,0.6457599999999999,0.50576,0.56672,0.54336,0.35328000000000004,97.2,101.1,66.2,36.38,0.0,0,0,22.5,11.5,141.0,1012.3,52.1,9.9,461.0,1.7,5.0,2018,8,7,18.0,0.06672
2297,0.07024,0.0384,0.06816,0.26736,0.21472000000000002,0.16784,0.11103999999999999,92.1,95.6,66.9,43.76,0.0,0,0,20.8,7.6,169.0,1012.3,30.7,9.9,34.0,0.1,0.0,2018,8,7,20.0,0.022400000000000003
2311,0.04896,0.04928,0.0536,0.08064,0.13792,0.12448000000000001,0.09119999999999999,87.3,92.9,70.9,58.33,0.0,0,0,18.3,7.8,194.0,1016.3,50.0,9.9,70.0,0.3,1.0,2018,8,8,10.0,0.08896000000000001
2313,0.17600000000000002,0.21696000000000001,0.2696,0.31679999999999997,0.35776,0.40671999999999997,0.45584,91.3,95.4,67.9,46.35,0.0,0,0,18.3,6.7,214.0,1016.5,53.4,9.9,578.0,2.1,6.0,2018,8,8,12.0,0.44799999999999995
2314,0.35776,0.40671999999999997,0.45584,0.44799999999999995,0.45488,0.49344,0.58704,94.7,98.2,66.3,39.51,0.0,0,0,18.3,7.4,212.0,1015.8,19.7,9.9,822.0,3.0,8.0,2018,8,8,13.0,0.53328
2318,0.56592,0.6580800000000001,0.61696,0.6088,0.63808,0.6009599999999999,0.57136,99.0,101.8,64.2,32.23,0.0,0,0,17.2,11.3,173.0,1012.4,48.0,9.9,635.0,2.3,6.0,2018,8,8,17.0,0.55792
2319,0.63808,0.6009599999999999,0.57136,0.55792,0.53936,0.5168,0.48928,97.7,100.6,64.6,33.98,0.0,0,0,16.1,8.8,182.0,1011.7,9.5,9.9,448.0,1.6,4.0,2018,8,8,18.0,0.45887999999999995
2321,0.42351999999999995,0.37152,0.34128000000000003,0.29936,0.24272,0.17696,0.09632,92.5,93.5,62.8,37.52,0.0,0,0,23.9,11.4,157.0,1011.8,9.5,9.9,25.0,0.1,0.0,2018,8,8,20.0,0.01696
2342,0.59408,0.5660799999999999,0.57872,0.51264,0.45088,0.49888,0.41936,99.3,101.2,62.7,30.3,0.0,0,0,17.2,11.5,157.0,1012.4,30.7,9.9,557.0,2.0,6.0,2018,8,9,17.0,0.31312
2389,0.49216,0.64944,0.50272,0.39424,0.30928,0.35792,0.19760000000000003,93.9,98.3,67.7,42.64,0.0,0,0,23.0,11.5,72.0,1012.5,35.1,9.9,298.0,1.1,3.0,2018,8,11,16.0,0.20143999999999998
2391,0.19664,0.18111999999999998,0.08736000000000001,0.05712,0.02944,0.007039999999999999,0.01056,77.9,77.9,72.9,84.53,0.02,0,0,21.9,12.0,127.0,1014.5,100.0,7.0,26.0,0.1,0.0,2018,8,11,18.0,0.04496000000000001
2429,-0.00064,-0.00064,-0.0022400000000000002,0.00368,0.016,0.03232,0.044480000000000006,79.7,79.7,75.8,87.87,0.0,0,0,18.3,6.9,177.0,1015.8,96.2,6.3,57.0,0.2,1.0,2018,8,13,8.0,0.0736
2431,0.10352,0.13232,0.14416,0.13904,0.12288,0.10496,0.11552,84.6,91.8,73.7,69.79,0.0,0,0,26.1,12.2,179.0,1015.7,89.6,9.7,158.0,0.6,2.0,2018,8,13,10.0,0.12784
2432,0.12288,0.10496,0.11552,0.12784,0.15839999999999999,0.24911999999999998,0.23856000000000002,88.2,94.1,70.9,56.55,0.0,0,0,18.3,12.3,168.0,1015.9,89.6,9.8,187.0,0.7,2.0,2018,8,13,11.0,0.23376000000000002
2433,0.15839999999999999,0.24911999999999998,0.23856000000000002,0.23376000000000002,0.34256,0.30368,0.35584000000000005,90.8,96.2,69.7,50.09,0.0,0,0,26.6,13.0,177.0,1015.9,63.4,9.8,372.0,1.3,4.0,2018,8,13,12.0,0.504
2434,0.34256,0.30368,0.35584000000000005,0.504,0.52896,0.47792,0.49328000000000005,92.8,97.1,67.7,44.01,0.0,0,0,27.0,10.2,164.0,1015.4,52.1,9.8,850.0,3.1,9.0,2018,8,13,13.0,0.50848
2435,0.52896,0.47792,0.49328000000000005,0.50848,0.47584000000000004,0.50448,0.61904,94.3,98.1,66.8,40.72,0.0,0,0,27.4,14.2,168.0,1014.2,61.5,9.8,648.0,2.3,6.0,2018,8,13,14.0,0.52112
2436,0.47584000000000004,0.50448,0.61904,0.52112,0.58848,0.3944,0.5096,95.3,97.7,64.5,36.49,0.0,0,0,37.5,13.9,171.0,1013.3,50.1,9.8,718.0,2.6,7.0,2018,8,13,15.0,0.48432000000000003
2437,0.58848,0.3944,0.5096,0.48432000000000003,0.50688,0.31312,0.43248,95.9,98.0,63.9,35.05,0.0,0,0,24.2,13.0,169.0,1012.5,34.3,9.8,544.0,2.0,5.0,2018,8,13,16.0,0.56912
2438,0.50688,0.31312,0.43248,0.56912,0.42463999999999996,0.55472,0.53808,97.2,98.4,62.0,31.53,0.0,0,0,24.2,12.5,165.0,1011.9,48.0,9.8,590.0,2.1,6.0,2018,8,13,17.0,0.28848
2439,0.42463999999999996,0.55472,0.53808,0.28848,0.31712,0.29488,0.26848,95.9,96.8,61.7,32.43,0.0,0,0,23.9,13.8,157.0,1011.6,59.1,9.8,434.0,1.6,4.0,2018,8,13,18.0,0.30624
2440,0.31712,0.29488,0.26848,0.30624,0.3048,0.31824,0.26768000000000003,93.6,94.1,61.5,34.56,0.0,0,0,24.2,13.7,156.0,1011.4,34.3,9.8,217.0,0.8,2.0,2018,8,13,19.0,0.19519999999999998
2441,0.3048,0.31824,0.26768000000000003,0.19519999999999998,0.0408,0.02176,0.01168,89.7,90.9,63.4,41.78,0.0,0,0,19.7,12.3,152.0,1012.0,17.2,9.8,30.0,0.1,0.0,2018,8,13,20.0,-0.0016
2455,0.05376,0.08064,0.10192,0.12528,0.11327999999999999,0.10896,0.12752,83.5,88.2,70.7,65.35,0.0,0,0,20.4,9.5,184.0,1014.5,48.7,9.4,147.0,0.5,1.0,2018,8,14,10.0,0.15888
2456,0.11327999999999999,0.10896,0.12752,0.15888,0.17936,0.12416,0.16304,88.6,92.9,68.9,52.38,0.0,0,0,22.1,11.3,177.0,1014.5,12.9,9.4,202.0,0.7,2.0,2018,8,14,11.0,0.18847999999999998
2457,0.17936,0.12416,0.16304,0.18847999999999998,0.25984,0.35008,0.30896,89.2,94.8,70.4,54.04,0.0,0,0,24.2,14.5,190.0,1014.4,89.0,9.3,361.0,1.3,4.0,2018,8,14,12.0,0.41136
2458,0.25984,0.35008,0.30896,0.41136,0.50512,0.48368,0.43392000000000003,93.4,97.5,67.5,42.96,0.0,0,0,18.4,10.2,166.0,1013.9,35.1,9.8,611.0,2.2,6.0,2018,8,14,13.0,0.43248
2459,0.50512,0.48368,0.43392000000000003,0.43248,0.37951999999999997,0.52128,0.55264,95.1,98.4,65.9,38.47,0.0,0,0,23.9,9.0,168.0,1013.3,52.1,9.8,760.0,2.7,8.0,2018,8,14,14.0,0.55216
2460,0.37951999999999997,0.52128,0.55264,0.55216,0.5860799999999999,0.54176,0.51616,96.4,99.6,65.4,36.35,0.0,0,0,19.7,9.4,181.0,1012.4,52.1,9.8,621.0,2.2,6.0,2018,8,14,15.0,0.54928
2461,0.5860799999999999,0.54176,0.51616,0.54928,0.45776000000000006,0.46896,0.4888,97.6,100.7,65.0,34.58,0.0,0,0,18.3,9.8,175.0,1011.6,41.5,9.9,613.0,2.2,6.0,2018,8,14,16.0,0.38304000000000005
2462,0.45776000000000006,0.46896,0.4888,0.38304000000000005,0.5784,0.51744,0.244,96.7,100.1,65.5,36.11,0.0,0,0,17.2,7.4,192.0,1011.0,41.5,9.9,393.0,1.4,4.0,2018,8,14,17.0,0.4224
2463,0.5784,0.51744,0.244,0.4224,0.26016,0.21056,0.29952,95.8,99.4,66.0,37.84,0.0,0,0,18.3,8.4,174.0,1010.8,39.9,9.9,326.0,1.2,3.0,2018,8,14,18.0,0.11712
2464,0.26016,0.21056,0.29952,0.11712,0.2112,0.17824,0.25808,94.0,96.9,65.7,39.64,0.0,0,0,19.7,10.0,171.0,1010.7,31.1,9.9,123.0,0.4,1.0,2018,8,14,19.0,0.25872
2465,0.2112,0.17824,0.25808,0.25872,0.07615999999999999,0.0632,0.02384,91.9,94.5,65.6,42.11,0.0,0,0,19.7,7.6,152.0,1010.7,16.4,9.9,32.0,0.1,0.0,2018,8,14,20.0,-0.00016
2481,0.19984000000000002,0.22624,0.20224,0.31584,0.37168,0.42656,0.42560000000000003,92.3,97.2,68.7,46.17,0.0,0,0,16.1,9.6,198.0,1015.0,25.2,9.9,332.0,1.2,3.0,2018,8,15,12.0,0.50608
2482,0.37168,0.42656,0.42560000000000003,0.50608,0.54272,0.53136,0.55216,94.2,97.8,66.5,40.42,0.0,0,0,18.3,7.6,170.0,1014.5,16.4,9.9,775.0,2.8,8.0,2018,8,15,13.0,0.56704
2483,0.54272,0.53136,0.55216,0.56704,0.58176,0.36752,0.62176,96.3,99.8,65.9,37.11,0.0,0,0,19.0,8.3,181.0,1013.8,14.2,9.9,895.0,3.2,9.0,2018,8,15,14.0,0.49328000000000005
2484,0.58176,0.36752,0.62176,0.49328000000000005,0.62928,0.57296,0.65024,98.2,101.9,65.6,34.67,0.0,0,0,24.2,7.1,172.0,1013.1,32.6,9.9,870.0,3.1,9.0,2018,8,15,15.0,0.6215999999999999
2485,0.62928,0.57296,0.65024,0.6215999999999999,0.56688,0.6344,0.63536,99.4,101.9,63.6,31.22,0.0,0,0,20.2,5.9,166.0,1012.3,32.6,9.9,721.0,2.6,7.0,2018,8,15,16.0,0.56384
2486,0.56688,0.6344,0.63536,0.56384,0.5843200000000001,0.49024,0.552,100.5,103.0,63.2,29.72,0.0,0,0,17.2,8.0,188.0,1012.0,33.9,9.9,646.0,2.3,6.0,2018,8,15,17.0,0.51008
2504,0.06464,0.1,0.08368,0.08128,0.17232,0.21696000000000001,0.22768,90.6,96.8,70.7,52.25,0.0,0,0,21.0,7.7,196.0,1016.9,23.0,9.9,220.0,0.8,2.0,2018,8,16,11.0,0.29168
2505,0.17232,0.21696000000000001,0.22768,0.29168,0.24688,0.41631999999999997,0.42176,93.6,99.8,69.9,46.37,0.0,0,0,23.0,9.8,177.0,1016.7,32.6,9.9,231.0,0.8,2.0,2018,8,16,12.0,0.48832000000000003
2506,0.24688,0.41631999999999997,0.42176,0.48832000000000003,0.42479999999999996,0.47984000000000004,0.37968,96.6,103.2,69.5,41.6,0.0,0,0,23.0,7.4,194.0,1016.1,50.0,9.9,837.0,3.0,8.0,2018,8,16,13.0,0.55184
2507,0.42479999999999996,0.47984000000000004,0.37968,0.55184,0.5728,0.54352,0.61024,99.3,104.1,66.9,35.09,0.0,0,0,18.5,8.8,172.0,1015.5,11.3,9.9,855.0,3.1,9.0,2018,8,16,14.0,0.52752
2508,0.5728,0.54352,0.61024,0.52752,0.58704,0.5744,0.49744,99.3,104.2,67.0,35.2,0.0,0,0,20.1,8.7,178.0,1014.7,38.7,9.9,654.0,2.4,7.0,2018,8,16,15.0,0.55536
2509,0.58704,0.5744,0.49744,0.55536,0.59088,0.60656,0.6435200000000001,100.1,104.4,65.9,33.0,0.0,0,0,22.4,8.8,172.0,1014.0,41.5,9.9,629.0,2.3,6.0,2018,8,16,16.0,0.39328
2511,0.45887999999999995,0.30128,0.31936,0.60256,0.50032,0.45183999999999996,0.31152,100.2,103.7,64.8,31.64,0.0,0,0,20.8,6.3,178.0,1012.9,11.3,9.9,476.0,1.7,5.0,2018,8,16,18.0,0.37728
2529,0.1512,0.19168,0.23936,0.28608,0.33536,0.38415999999999995,0.42064,94.0,97.5,66.5,40.67,0.0,0,0,18.2,10.4,208.0,1017.2,0.0,9.9,148.0,0.5,1.0,2018,8,17,12.0,0.45264000000000004
2530,0.33536,0.38415999999999995,0.42064,0.45264000000000004,0.47952,0.50608,0.52784,97.4,100.4,65.0,34.79,0.0,0,0,17.2,8.4,188.0,1016.8,6.2,9.9,779.0,2.8,8.0,2018,8,17,13.0,0.5476800000000001
2531,0.47952,0.50608,0.52784,0.5476800000000001,0.57008,0.5846399999999999,0.59568,99.6,101.5,62.5,29.84,0.0,0,0,17.0,7.3,174.0,1015.9,6.2,9.9,801.0,2.9,8.0,2018,8,17,14.0,0.60544
2532,0.57008,0.5846399999999999,0.59568,0.60544,0.60976,0.61376,0.62096,102.1,102.5,58.9,24.39,0.0,0,0,17.1,8.1,157.0,1014.9,6.2,9.9,819.0,2.9,8.0,2018,8,17,15.0,0.62544
2533,0.60976,0.61376,0.62096,0.62544,0.61952,0.6177600000000001,0.6089600000000001,101.7,101.5,57.8,23.62,0.0,0,0,16.1,10.0,151.0,1014.1,6.2,9.9,741.0,2.7,7.0,2018,8,17,16.0,0.60048
2534,0.61952,0.6177600000000001,0.6089600000000001,0.60048,0.59152,0.5744,0.56496,103.2,103.2,57.8,22.6,0.0,0,0,18.3,9.4,161.0,1013.4,6.2,9.9,610.0,2.2,6.0,2018,8,17,17.0,0.54128
2559,0.57776,0.56192,0.54928,0.52112,0.48656,0.48432000000000003,0.45776000000000006,100.8,101.4,59.8,26.09,0.0,0,0,18.3,7.4,146.0,1010.1,19.7,9.9,424.0,1.5,4.0,2018,8,18,18.0,0.42479999999999996
2560,0.48656,0.48432000000000003,0.45776000000000006,0.42479999999999996,0.38848,0.34991999999999995,0.2992,98.7,98.7,59.1,27.1,0.0,0,0,16.1,8.2,154.0,1009.9,21.6,9.9,220.0,0.8,2.0,2018,8,18,19.0,0.24192
2574,0.0088,0.02144,0.04256,0.06192,0.0768,0.08208,0.10896,80.1,84.2,72.9,78.87,0.0,0,0,18.3,11.0,199.0,1012.7,90.5,9.9,103.0,0.4,1.0,2018,8,19,9.0,0.11488
2575,0.0768,0.08208,0.10896,0.11488,0.12048,0.10592,0.11584,84.3,89.4,71.0,64.45,0.0,0,0,24.2,11.0,180.0,1012.8,61.5,9.9,141.0,0.5,1.0,2018,8,19,10.0,0.16608
2577,0.19904,0.20768,0.23120000000000002,0.27136,0.33168,0.37392000000000003,0.41824,92.1,97.8,69.7,48.11,0.0,0,0,17.2,7.3,168.0,1012.5,17.2,9.9,190.0,0.7,2.0,2018,8,19,12.0,0.46880000000000005
2578,0.33168,0.37392000000000003,0.41824,0.46880000000000005,0.49119999999999997,0.43792000000000003,0.4984,94.7,99.0,67.4,41.0,0.0,0,0,19.7,7.8,200.0,1011.7,17.2,9.9,746.0,2.7,7.0,2018,8,19,13.0,0.52464
2579,0.49119999999999997,0.43792000000000003,0.4984,0.52464,0.56784,0.58736,0.59552,97.6,100.3,64.4,33.85,0.0,0,0,17.2,8.6,202.0,1011.0,17.2,9.9,760.0,2.7,8.0,2018,8,19,14.0,0.62688
2580,0.56784,0.58736,0.59552,0.62688,0.6328,0.63376,0.64032,100.5,103.1,63.4,29.94,0.0,0,0,18.3,8.7,192.0,1010.1,17.2,9.9,818.0,2.9,8.0,2018,8,19,15.0,0.43968
2582,0.6550400000000001,0.59424,0.63824,0.61216,0.58448,0.5176,0.50304,101.6,103.0,60.9,26.45,0.0,0,0,20.8,9.3,188.0,1008.2,17.2,9.9,530.0,1.9,5.0,2018,8,19,17.0,0.52352
2601,0.16368,0.20912,0.24960000000000002,0.29216000000000003,0.33392000000000005,0.37504,0.4104,94.0,99.9,69.5,45.09,0.0,0,0,19.7,7.3,233.0,1015.2,11.3,9.9,144.0,0.5,1.0,2018,8,20,12.0,0.46336
2602,0.33392000000000005,0.37504,0.4104,0.46336,0.46768,0.47152,0.332,95.7,100.1,67.2,39.49,0.0,0,0,18.3,7.1,188.0,1014.7,75.1,9.9,594.0,2.1,6.0,2018,8,20,13.0,0.5672
2672,0.056479999999999995,0.06848,0.08656000000000001,0.11696,0.14880000000000002,0.18608,0.22368,91.8,95.0,66.5,43.6,0.0,0,0,18.3,5.2,190.0,1017.3,0.0,9.9,490.0,1.8,5.0,2018,8,23,11.0,0.26448
2673,0.14880000000000002,0.18608,0.22368,0.26448,0.31264,0.37439999999999996,0.40880000000000005,95.6,97.7,63.9,35.36,0.0,0,0,19.7,9.3,185.0,1016.7,0.0,9.9,225.0,0.8,2.0,2018,8,23,12.0,0.43951999999999997
2674,0.31264,0.37439999999999996,0.40880000000000005,0.43951999999999997,0.46399999999999997,0.48847999999999997,0.51488,98.5,100.9,63.6,32.02,0.0,0,0,19.7,7.4,168.0,1015.8,0.0,9.9,621.0,2.2,6.0,2018,8,23,13.0,0.53552
2678,0.59392,0.5896,0.5745600000000001,0.58416,0.53728,0.55472,0.54304,101.6,103.6,61.9,27.46,0.0,0,0,18.1,9.7,166.0,1012.1,38.7,9.9,565.0,2.0,6.0,2018,8,23,17.0,0.43888
2695,0.0504,0.0472,0.0472,0.04224,0.05264,0.06464,0.07984,85.0,89.6,70.0,60.93,0.0,0,0,19.9,9.3,190.0,1014.4,28.9,9.9,180.0,0.6,2.0,2018,8,24,10.0,0.10528
2696,0.05264,0.06464,0.07984,0.10528,0.14944000000000002,0.20864000000000002,0.25120000000000003,89.1,93.0,68.2,50.36,0.0,0,0,20.8,10.0,210.0,1014.3,9.5,9.9,536.0,1.9,5.0,2018,8,24,11.0,0.29424
2697,0.14944000000000002,0.20864000000000002,0.25120000000000003,0.29424,0.33936,0.38144,0.41888,93.4,96.8,66.5,41.48,0.0,0,0,20.3,7.4,180.0,1013.8,6.2,9.9,234.0,0.8,2.0,2018,8,24,12.0,0.44848
2698,0.33936,0.38144,0.41888,0.44848,0.47615999999999997,0.50272,0.52992,95.1,96.8,63.4,35.35,0.0,0,0,19.2,8.3,210.0,1012.8,6.2,9.9,580.0,2.1,6.0,2018,8,24,13.0,0.55104
2699,0.47615999999999997,0.50272,0.52992,0.55104,0.56768,0.5832,0.59744,98.1,99.2,61.4,30.02,0.0,0,0,17.5,6.2,161.0,1012.1,6.2,9.9,772.0,2.8,8.0,2018,8,24,14.0,0.6072
2700,0.56768,0.5832,0.59744,0.6072,0.616,0.62352,0.62368,99.9,101.4,61.7,28.68,0.0,0,0,19.0,8.4,186.0,1011.1,6.2,9.9,802.0,2.9,8.0,2018,8,24,15.0,0.6215999999999999
2702,0.61824,0.61792,0.6041599999999999,0.5952000000000001,0.5824,0.57184,0.55408,101.5,103.0,61.0,26.71,0.0,0,0,17.2,7.6,134.0,1009.7,6.2,9.9,572.0,2.1,6.0,2018,8,24,17.0,0.528
2703,0.5824,0.57184,0.55408,0.528,0.5081600000000001,0.48351999999999995,0.44864,100.9,101.6,60.0,26.25,0.0,0,0,18.3,7.3,160.0,1009.4,6.2,9.9,391.0,1.4,4.0,2018,8,24,18.0,0.41648
2704,0.5081600000000001,0.48351999999999995,0.44864,0.41648,0.3768,0.32864,0.276,99.1,100.0,60.7,28.44,0.0,0,0,16.1,6.7,150.0,1009.6,6.2,9.9,188.0,0.7,2.0,2018,8,24,19.0,0.22111999999999998
2705,0.3768,0.32864,0.276,0.22111999999999998,0.15456,0.0768,0.01456,96.0,96.1,60.0,30.45,0.0,0,0,17.2,10.0,143.0,1010.0,6.2,9.9,22.0,0.1,0.0,2018,8,24,20.0,-0.00336
2722,0.3848,0.39024000000000003,0.43488,0.35312,0.45264000000000004,0.5132800000000001,0.53344,93.7,96.7,65.9,40.18,0.0,0,0,17.2,7.4,140.0,1015.4,32.6,9.9,483.0,1.7,5.0,2018,8,25,13.0,0.56464
2723,0.45264000000000004,0.5132800000000001,0.53344,0.56464,0.5513600000000001,0.49808,0.59456,96.2,99.0,65.0,36.04,0.0,0,0,16.1,5.9,156.0,1014.7,12.9,9.9,740.0,2.7,7.0,2018,8,25,14.0,0.60064
2724,0.5513600000000001,0.49808,0.59456,0.60064,0.60512,0.6201599999999999,0.62192,98.4,101.6,64.8,33.44,0.0,0,0,18.3,7.0,168.0,1013.8,9.1,9.9,837.0,3.0,8.0,2018,8,25,15.0,0.61824
2725,0.60512,0.6201599999999999,0.62192,0.61824,0.62176,0.41008,0.52512,98.5,101.0,63.7,32.14,0.0,0,0,17.9,7.3,160.0,1013.1,36.2,9.9,674.0,2.4,7.0,2018,8,25,16.0,0.44064
2746,0.33168,0.39280000000000004,0.44624,0.49392,0.4456,0.38192,0.54448,94.8,98.9,67.2,40.61,0.0,0,0,17.2,7.8,189.0,1015.9,39.9,9.9,509.0,1.8,5.0,2018,8,26,13.0,0.5158400000000001
2747,0.4456,0.38192,0.54448,0.5158400000000001,0.50112,0.54816,0.42944000000000004,98.0,100.6,64.1,33.13,0.0,0,0,18.3,6.4,182.0,1015.1,14.2,9.9,745.0,2.7,7.0,2018,8,26,14.0,0.612
2748,0.50112,0.54816,0.42944000000000004,0.612,0.6464,0.45392000000000005,0.38927999999999996,97.7,99.8,63.4,32.65,0.0,0,0,21.0,5.9,148.0,1014.4,12.9,9.9,658.0,2.4,7.0,2018,8,26,15.0,0.536
2749,0.6464,0.45392000000000005,0.38927999999999996,0.536,0.55008,0.44223999999999997,0.61376,99.7,101.8,62.8,30.02,0.0,0,0,17.2,7.5,172.0,1013.1,33.9,9.9,699.0,2.5,7.0,2018,8,26,16.0,0.61648
2751,0.59568,0.57888,0.564,0.43168,0.43520000000000003,0.35952,0.39392000000000005,99.1,100.6,62.0,29.69,0.0,0,0,17.2,8.6,141.0,1012.0,31.1,9.9,421.0,1.5,4.0,2018,8,26,18.0,0.25184
2753,0.27712,0.29984,0.26896000000000003,0.21344000000000002,0.14336000000000002,0.05824,0.00752,95.2,95.9,61.7,33.17,0.0,0,0,19.7,6.3,156.0,1011.8,14.2,9.9,20.0,0.1,0.0,2018,8,26,20.0,-0.004
2767,0.051840000000000004,0.07232,0.10224,0.09183999999999999,0.09295999999999999,0.07296,0.08432,84.3,89.4,71.1,64.65,0.0,0,0,20.8,8.7,205.0,1014.8,65.3,9.9,252.0,0.9,3.0,2018,8,27,10.0,0.08784
2768,0.09295999999999999,0.07296,0.08432,0.08784,0.09423999999999999,0.17648,0.22416,86.9,92.1,70.4,58.07,0.0,0,0,19.7,12.0,200.0,1014.7,75.1,9.9,541.0,1.9,5.0,2018,8,27,11.0,0.27376
2769,0.09423999999999999,0.17648,0.22416,0.27376,0.40784,0.44688,0.43311999999999995,91.8,96.5,68.6,46.8,0.0,0,0,19.7,7.4,200.0,1014.4,32.6,9.9,457.0,1.6,5.0,2018,8,27,12.0,0.4656
2770,0.40784,0.44688,0.43311999999999995,0.4656,0.50448,0.51568,0.5584,94.5,98.6,67.2,40.94,0.0,0,0,19.9,11.0,198.0,1013.5,50.0,9.9,457.0,1.6,5.0,2018,8,27,13.0,0.56752
2771,0.50448,0.51568,0.5584,0.56752,0.44911999999999996,0.44432000000000005,0.58032,96.7,101.0,66.8,37.83,0.0,0,0,20.8,8.4,192.0,1012.7,86.1,9.9,543.0,2.0,5.0,2018,8,27,14.0,0.62096
2773,0.47936,0.39952,0.45072,0.56064,0.61232,0.56896,0.65376,99.9,102.8,63.9,31.0,0.0,0,0,20.8,10.4,192.0,1010.7,72.7,9.9,616.0,2.2,6.0,2018,8,27,16.0,0.63312
2774,0.61232,0.56896,0.65376,0.63312,0.57952,0.5585600000000001,0.30912,99.6,102.4,63.9,31.33,0.0,0,0,16.1,9.7,159.0,1010.3,68.3,9.9,586.0,2.1,6.0,2018,8,27,17.0,0.57936
2775,0.57952,0.5585600000000001,0.30912,0.57936,0.54592,0.22416,0.47344,98.3,100.3,63.1,31.7,0.0,0,0,21.9,9.9,151.0,1009.9,45.6,9.9,414.0,1.5,4.0,2018,8,27,18.0,0.43072000000000005
2776,0.54592,0.22416,0.47344,0.43072000000000005,0.20672000000000001,0.30768,0.30416,98.1,100.4,63.7,32.6,0.0,0,0,21.2,8.6,152.0,1009.3,36.7,9.9,205.0,0.7,2.0,2018,8,27,19.0,0.24015999999999998
2791,0.03968,0.06112,0.084,0.06656,0.08624000000000001,0.1024,0.06304,86.1,92.1,71.7,62.29,0.0,0,0,24.2,10.6,193.0,1014.3,32.6,9.9,304.0,1.1,3.0,2018,8,28,10.0,0.08800000000000001
2792,0.08624000000000001,0.1024,0.06304,0.08800000000000001,0.10448,0.22128,0.2824,91.1,96.6,69.7,49.69,0.0,0,0,19.2,8.8,180.0,1014.4,42.7,9.9,647.0,2.3,6.0,2018,8,28,11.0,0.308
2793,0.10448,0.22128,0.2824,0.308,0.32848,0.3688,0.40592,93.6,97.5,67.2,42.15,0.0,0,0,21.9,7.9,168.0,1014.2,12.9,9.9,491.0,1.8,5.0,2018,8,28,12.0,0.45296
2794,0.32848,0.3688,0.40592,0.45296,0.47968000000000005,0.45248,0.49872,96.7,99.7,65.0,35.47,0.0,0,0,23.0,8.8,186.0,1013.6,32.6,9.9,402.0,1.4,4.0,2018,8,28,13.0,0.52528
2795,0.47968000000000005,0.45248,0.49872,0.52528,0.55536,0.58512,0.60576,98.0,101.0,64.8,33.87,0.0,0,0,18.3,6.4,210.0,1013.1,12.9,9.9,599.0,2.2,6.0,2018,8,28,14.0,0.62032
2796,0.55536,0.58512,0.60576,0.62032,0.6177600000000001,0.61824,0.62368,99.6,102.0,63.4,30.8,0.0,0,0,17.1,8.1,155.0,1012.1,11.3,9.9,809.0,2.9,8.0,2018,8,28,15.0,0.61248
2797,0.6177600000000001,0.61824,0.62368,0.61248,0.61584,0.6175999999999999,0.61808,100.6,102.4,62.0,28.39,0.0,0,0,19.9,8.6,176.0,1011.2,12.9,9.9,727.0,2.6,7.0,2018,8,28,16.0,0.6064
2799,0.39568,0.46832,0.53456,0.56336,0.51536,0.4976,0.47584000000000004,100.7,102.3,61.7,28.04,0.0,0,0,24.2,8.7,160.0,1010.6,41.5,9.9,421.0,1.5,4.0,2018,8,28,18.0,0.41247999999999996
2800,0.51536,0.4976,0.47584000000000004,0.41247999999999996,0.34384,0.37904000000000004,0.2544,98.0,98.9,61.1,29.85,0.0,0,0,16.1,10.6,153.0,1010.6,39.9,9.9,182.0,0.7,2.0,2018,8,28,19.0,0.18816
2801,0.34384,0.37904000000000004,0.2544,0.18816,0.1648,0.08816,0.01232,90.6,95.3,68.9,49.16,0.0,0,0,21.9,12.6,121.0,1011.4,39.9,9.9,43.0,0.2,0.0,2018,8,28,20.0,-0.0022400000000000002
2816,0.045279999999999994,0.052000000000000005,0.0632,0.09872,0.14144,0.172,0.23440000000000003,90.9,97.0,70.4,51.12,0.0,0,0,17.2,6.4,202.0,1016.0,31.1,9.9,566.0,2.0,6.0,2018,8,29,11.0,0.27904
2822,0.61312,0.26,0.5192,0.50064,0.50512,0.47247999999999996,0.58128,90.6,96.5,70.3,51.41,0.0,0,0,34.4,19.5,117.0,1013.4,81.0,6.1,359.0,1.3,4.0,2018,8,29,17.0,0.57936
2823,0.50512,0.47247999999999996,0.58128,0.57936,0.4448,0.36112,0.29264,91.8,97.1,69.4,48.21,0.0,0,0,32.2,9.3,143.0,1012.6,20.1,9.9,341.0,1.2,3.0,2018,8,29,18.0,0.33872
2824,0.4448,0.36112,0.29264,0.33872,0.36496,0.18032,0.15103999999999998,90.3,96.7,71.1,53.41,0.0,0,0,18.9,12.9,108.0,1013.1,20.1,9.9,141.0,0.5,1.0,2018,8,29,19.0,0.07072
2825,0.36496,0.18032,0.15103999999999998,0.07072,0.08704,0.06112,0.00672,84.6,90.7,72.4,66.96,0.0,0,0,20.8,14.1,111.0,1014.3,20.1,9.9,20.0,0.1,0.0,2018,8,29,20.0,-0.00416
2844,0.58128,0.49439999999999995,0.47568,0.63408,0.61072,0.564,0.6067199999999999,96.2,99.3,65.4,36.59,0.0,0,0,16.1,5.5,114.0,1013.8,48.7,9.9,817.0,2.9,8.0,2018,8,30,15.0,0.61072
2845,0.61072,0.564,0.6067199999999999,0.61072,0.60624,0.60432,0.6032,96.4,98.5,63.7,34.26,0.0,0,0,16.1,4.6,92.0,1013.2,14.2,9.9,707.0,2.5,7.0,2018,8,30,16.0,0.62064
2871,0.58672,0.57408,0.56256,0.53728,0.4608,0.48064,0.45311999999999997,97.4,99.1,62.8,32.19,0.0,0,0,16.1,10.6,138.0,1009.6,11.3,9.9,405.0,1.5,4.0,2018,8,31,18.0,0.41600000000000004
