DateTime,"ANNEX_AW1_AVERAGE_CURRENT","ANNEX_AW2_AVERAGE_CURRENT","ANNEX_AW3_AVERAGE_CURRENT","ANNEX_AW4_AVERAGE_CURRENT","ANNEX_AW5_AVERAGE_CURRENT","ANNEX_AW6_AVERAGE_CURRENT","ANNEX_AW7_AVERAGE_CURRENT","ANNEX_AW8_AVERAGE_CURRENT","ANNEX_AW9_AVERAGE_CURRENT"
2021-08-12 00:00:01,0,52.0099983215332,15.769999504089355,48.41999816894531,70.68000030517578,304.94000244140625,45.87999725341797,0,67.22000122070312
2021-08-12 00:14:25,0,50,15.289999961853027,45.709999084472656,67.25,337.97998046875,51.709999084472656,0,63.39999771118164
2021-08-12 00:28:49,0,52.369998931884766,15.199999809265137,45.439998626708984,70.5199966430664,327.8699951171875,51.39999771118164,0,63.30999755859375
2021-08-12 00:43:13,0,49,16.979999542236328,47.28999710083008,66.54999542236328,301.67999267578125,47.11000061035156,0,67.45999908447266
2021-08-12 00:57:37,0,50,15.639999389648438,45.73999786376953,70.4000015258789,298.94000244140625,47.279998779296875,0,67.43000030517578
2021-08-12 01:12:01,0,52.06999969482422,15.09999942779541,47,66.12999725341797,323.47998046875,50.2599983215332,0,62.939998626708984
2021-08-12 01:26:25,0,52,15.699999809265137,48.31999969482422,66.27999877929688,326.8399963378906,50.53999710083008,0,67.08000183105469
2021-08-12 01:40:49,0,49,15.170000076293945,45.52000045776367,71.19999694824219,299.2599792480469,46.73999786376953,0,62.84000015258789
2021-08-12 01:55:13,0,50.57999801635742,15.809999465942383,47.03999710083008,69.77999877929688,314.2799987792969,49.62999725341797,0,66.7699966430664
2021-08-12 02:09:37,0,47,14.969999313354492,45.62999725341797,66.04000091552734,281.97998046875,44.75,0,62.779998779296875
2021-08-12 02:24:01,0,48.91999816894531,15.219999313354492,46.90999984741211,69.6199951171875,280.6300048828125,44.31999969482422,0,63
2021-08-12 02:38:25,0,46,16.119998931884766,45.28999710083008,66.40999603271484,310.0899963378906,47.15999984741211,0,65.73999786376953
2021-08-12 02:52:49,0,46,16.06999969482422,46.88999938964844,68.63999938964844,293.07000732421875,45.45000076293945,0,62.84000015258789
2021-08-12 03:07:13,0,47.86000061035156,15.630000114440918,45.619998931884766,66.56999969482422,311.53997802734375,47.31999969482422,0,65.6199951171875
2021-08-12 03:21:37,0,45,16.260000228881836,45.0099983215332,68.4000015258789,312.2799987792969,47.68000030517578,0,66.11000061035156
2021-08-12 03:36:01,0,47.459999084472656,15.639999389648438,47.20000076293945,65.97000122070312,301.91998291015625,45.82999801635742,0,62.27000045776367
2021-08-12 03:50:25,0,47.28999710083008,15.6899995803833,45.61000061035156,68.43000030517578,301.5899963378906,45.98999786376953,0,62.779998779296875
2021-08-12 04:04:49,0,45,16.09000015258789,46.97999954223633,65.88999938964844,319.28997802734375,48.43000030517578,0,67.04000091552734
2021-08-12 04:19:13,0,45,16.059999465942383,46.91999816894531,68.54000091552734,295.2200012207031,42.43000030517578,0,62.82999801635742
2021-08-12 04:33:37,0,47.619998931884766,15.779999732971191,45.06999969482422,65.6199951171875,404.3599853515625,59.8599967956543,0,65.69999694824219
2021-08-12 04:48:01,0,45,16.079999923706055,47.14999771118164,68.29999542236328,402.3899841308594,62.32999801635742,0,62.97999954223633
2021-08-12 05:02:25,0,48.55999755859375,15.239999771118164,44.93000030517578,65.97999572753906,327.7200012207031,50.31999969482422,0,66.3699951171875
2021-08-12 05:16:49,0,49.119998931884766,15.719999313354492,45.25,66.54999542236328,394.8999938964844,51.28999710083008,0,66.18000030517578
2021-08-12 05:31:13,0,46,15.219999313354492,46.869998931884766,69.3699951171875,344.9499816894531,60.82999801635742,0,62.77000045776367
2021-08-12 05:45:37,0,47,15.289999961853027,45.43000030517578,70.19999694824219,354.1199951171875,55.03999710083008,0,67.20999908447266
2021-08-12 06:00:01,0,51.13999938964844,15.769999504089355,48.53999710083008,67.47000122070312,398.2699890136719,62.2599983215332,0,62.439998626708984
2021-08-12 06:14:25,0,50.11000061035156,15.639999389648438,47.28999710083008,69.73999786376953,375.3699951171875,61.959999084472656,0,73.3699951171875
2021-08-12 06:28:49,0,52.64999771118164,15.199999809265137,52.55999755859375,66.29999542236328,289.91998291015625,44.7599983215332,0,63.279998779296875
2021-08-12 06:43:13,0,52,15.5,47.72999954223633,67.29999542236328,316.6300048828125,47.0099983215332,0,63.23999786376953
2021-08-12 06:57:37,0,55,17.06999969482422,49.91999816894531,70.15999603271484,347.1099853515625,51.72999954223633,0,70.08999633789062
2021-08-12 07:12:01,0,53,15.479999542236328,48.68000030517578,71.93999481201172,315,47.209999084472656,0,73.4000015258789
2021-08-12 07:26:25,0,54.939998626708984,16.649999618530273,50.15999984741211,67.58000183105469,347.7099914550781,50.87999725341797,0,64.18999481201172
2021-08-12 07:40:49,0,52,15.569999694824219,51.54999923706055,68.69999694824219,313.92999267578125,47.34000015258789,0,64.15999603271484
2021-08-12 07:55:13,0,55.31999969482422,17.260000228881836,48.45000076293945,71.58000183105469,349.4700012207031,51.43000030517578,0,69.30999755859375
2021-08-12 08:09:37,0,51.89999771118164,17.06999969482422,48.029998779296875,69.20999908447266,316.239990234375,47.05999755859375,0,64.31999969482422
2021-08-12 08:24:01,0,55.02000045776367,15.339999198913574,50.56999969482422,72.7699966430664,350.1499938964844,51.369998931884766,0,69.61000061035156
2021-08-12 08:38:25,0,52.5099983215332,15.889999389648438,48.70000076293945,70,323.0899963378906,47.619998931884766,0,65.58000183105469
2021-08-12 08:52:49,0,56.66999816894531,15.420000076293945,54.04999923706055,73.04999542236328,364.47998046875,52.31999969482422,0,75.43000030517578
2021-08-12 09:07:13,0,53,20.65999984741211,53.099998474121094,71.29999542236328,344.6499938964844,49.75,0,65.3699951171875
2021-08-12 09:21:37,0,55.53999710083008,15.429999351501465,49.779998779296875,74.04999542236328,384.0899963378906,55.30999755859375,0,70.52999877929688
2021-08-12 09:36:01,0,54,15.549999237060547,50.55999755859375,72.12999725341797,350.3599853515625,52.48999786376953,0,66.6199951171875
2021-08-12 09:50:25,0,56.28999710083008,17.049999237060547,54.57999801635742,76.6500015258789,370.91998291015625,56.41999816894531,0,71.47999572753906
2021-08-12 10:04:49,0,53,15.429999351501465,51.849998474121094,73.43000030517578,366.7200012207031,54.619998931884766,0,70.52999877929688
2021-08-12 10:19:13,0,56.88999938964844,17.239999771118164,55.34000015258789,77.58999633789062,351.1600036621094,52.32999801635742,0,67.06999969482422
2021-08-12 10:33:37,0,57,17.31999969482422,52.36000061035156,73.77999877929688,376.8599853515625,56.09000015258789,0,67.66999816894531
2021-08-12 10:48:01,0,54,15.420000076293945,55.98999786376953,77.97000122070312,327.8399963378906,48.2599983215332,0,73.48999786376953
2021-08-12 11:02:25,0,57.349998474121094,15.40999984741211,55.209999084472656,74.44999694824219,369.9100036621094,49.87999725341797,0,73.45999908447266
2021-08-12 11:16:49,0,53.54999923706055,15.929999351501465,52.80999755859375,79.72999572753906,341.8899841308594,54.32999801635742,0,68.6199951171875
2021-08-12 11:31:13,0,53,15.529999732971191,52.23999786376953,73.98999786376953,349.07000732421875,53.7599983215332,0,68.54000091552734
2021-08-12 11:45:37,0,56.43000030517578,17.149999618530273,55.27000045776367,78.33000183105469,367.92999267578125,51.03999710083008,0,79.88999938964844
2021-08-12 12:00:01,0,54,15.399999618530273,51.96999740600586,78.02999877929688,349.04998779296875,51.53999710083008,0,69.19999694824219
2021-08-12 12:14:25,0,57.41999816894531,15.899999618530273,55.19999694824219,74.30999755859375,377.91998291015625,54.369998931884766,0,78.66999816894531
2021-08-12 12:28:49,0,57.52000045776367,15.399999618530273,54.709999084472656,74.5999984741211,353.489990234375,52.34000015258789,0,71.93999481201172
2021-08-12 12:43:13,0,53,16.100000381469727,52.27000045776367,78.90999603271484,386.3500061035156,55.03999710083008,0,68.61000061035156
2021-08-12 12:57:37,0,57,16.15999984741211,52.79999923706055,77.80999755859375,385.7200012207031,56.15999984741211,0,79.33000183105469
2021-08-12 13:12:01,0,53.77000045776367,15.279999732971191,55.68000030517578,74.2699966430664,333.6499938964844,47.689998626708984,0,68.72000122070312
2021-08-12 13:26:25,0,53,15.319999694824219,53.16999816894531,77.62999725341797,355.6099853515625,50.689998626708984,0,72.69999694824219
2021-08-12 13:40:49,0,54.939998626708984,17.19999885559082,56.44999694824219,74.40999603271484,327.3500061035156,46.13999938964844,0,69.29000091552734
2021-08-12 13:55:13,0,56.07999801635742,15.1899995803833,55.73999786376953,73.88999938964844,335.7799987792969,47.11000061035156,0,72.79999542236328
2021-08-12 14:09:37,0,53,15.819999694824219,52.80999755859375,77.18000030517578,304,45.16999816894531,0,68.9000015258789
2021-08-12 14:24:01,0,53,15.299999237060547,54.959999084472656,73.72999572753906,302.3699951171875,44.18000030517578,0,81.83000183105469
2021-08-12 14:38:25,0,54.599998474121094,15.84999942779541,52.13999938964844,77.0199966430664,321.3699951171875,46.22999954223633,0,69.11000061035156
2021-08-12 14:52:49,0,52,15.920000076293945,51.96999740600586,72.73999786376953,318.4100036621094,44.88999938964844,0,69.13999938964844
2021-08-12 15:07:13,0,55,15.380000114440918,54.81999969482422,78.41999816894531,331.75,47.12999725341797,0,78.81999969482422
2021-08-12 15:21:37,0,51.959999084472656,16.119998931884766,52.41999816894531,76.3699951171875,326.29998779296875,47.32999801635742,0,69.0199966430664
2021-08-12 15:36:01,0,55.31999969482422,15.329999923706055,55.25,81.06999969482422,300.72998046875,44.56999969482422,0,79.3699951171875
2021-08-12 15:50:25,0,51,15.839999198913574,54.849998474121094,78.80999755859375,298.82000732421875,43.71999740600586,0,73.47000122070312
2021-08-12 16:04:49,0,53.97999954223633,15.299999237060547,52.279998779296875,73.66999816894531,320.57000732421875,46.03999710083008,0,68.18999481201172
2021-08-12 16:19:13,0,52,15.899999618530273,53.87999725341797,73.98999786376953,324.5199890136719,44.63999938964844,0,67.8699951171875
2021-08-12 16:33:37,0,55,15.309999465942383,51.93000030517578,76.79999542236328,305.3800048828125,46.39999771118164,0,74.72000122070312
2021-08-12 16:48:01,0,54.27000045776367,15.949999809265137,54.709999084472656,76.33999633789062,313.29998779296875,43.96999740600586,0,71.13999938964844
2021-08-12 17:02:25,0,51.96999740600586,15.279999732971191,51.79999923706055,72.63999938964844,295.2599792480469,45.89999771118164,0,67.65999603271484
2021-08-12 17:16:49,0,54,15.00999927520752,54.52000045776367,73.08000183105469,299.7799987792969,45.61000061035156,0,71
2021-08-12 17:31:13,0,52,17.139999389648438,51.13999938964844,75.7699966430664,283.75,43.46999740600586,0,66.93999481201172
2021-08-12 17:45:37,0,52,15.229999542236328,50.7599983215332,72.18000030517578,295.8999938964844,44.25,0,70.33999633789062
2021-08-12 18:00:01,0,54.43000030517578,16.139999389648438,52.94999694824219,75.70999908447266,317.29998779296875,46.59000015258789,0,66.97999572753906
2021-08-12 18:14:25,0,54,15.179999351501465,51.279998779296875,74.43000030517578,334.1600036621094,44.41999816894531,0,66.3499984741211
2021-08-12 18:28:49,0,52,17.19999885559082,54.87999725341797,71.88999938964844,310.55999755859375,47.849998474121094,0,71.37999725341797
2021-08-12 18:43:13,0,54.0099983215332,15.269999504089355,53.47999954223633,74.97000122070312,341.91998291015625,45.619998931884766,0,69.47000122070312
2021-08-12 18:57:37,0,51,16.559999465942383,49.95000076293945,71.33999633789062,316.1999816894531,49.02000045776367,0,66.33000183105469
2021-08-12 19:12:01,0,52.959999084472656,16.5,49.78999710083008,70.4000015258789,313.3299865722656,46.38999938964844,0,65.9000015258789
2021-08-12 19:26:25,0,50,16.239999771118164,51.46999740600586,73.8699951171875,337.3500061035156,49.66999816894531,0,69.4000015258789
2021-08-12 19:40:49,0,53.27000045776367,16.520000457763672,52.96999740600586,72.7699966430664,342.3999938964844,49.98999786376953,0,65.7699966430664
2021-08-12 19:55:13,0,50,15.799999237060547,49.63999938964844,69.38999938964844,312.67999267578125,46.029998779296875,0,68.79000091552734
2021-08-12 20:09:37,0,50,17.760000228881836,51.68000030517578,72.5999984741211,332.0899963378906,49.2599983215332,0,65.56999969482422
2021-08-12 20:24:01,0,52.27000045776367,15.889999389648438,49.11000061035156,68.79999542236328,300.9599914550781,45.88999938964844,0,74.3699951171875
2021-08-12 20:38:25,0,52.65999984741211,16.510000228881836,50.53999710083008,68.56999969482422,284.8399963378906,44.369998931884766,0,67.86000061035156
2021-08-12 20:52:49,0,50,15.699999809265137,48.90999984741211,71.04000091552734,304.66998291015625,46.98999786376953,0,64.77999877929688
2021-08-12 21:07:13,0,50,25.760000228881836,48.98999786376953,72.20999908447266,297.05999755859375,47.119998931884766,0,68.93999481201172
2021-08-12 21:21:37,0,52.93000030517578,15.679999351501465,51.15999984741211,68.98999786376953,327.2699890136719,44.93000030517578,0,64.62999725341797
2021-08-12 21:36:01,0,52,15.289999961853027,48.369998931884766,71.88999938964844,333.75,47.849998474121094,0,67.68000030517578
2021-08-12 21:50:25,0,50,15.859999656677246,50.22999954223633,67.80999755859375,351.5799865722656,51.31999969482422,0,62.88999938964844
2021-08-12 22:04:49,0,49,15.949999809265137,50.459999084472656,70.4000015258789,339.75,48.939998626708984,0,70.05999755859375
2021-08-12 22:19:13,0,51.27000045776367,15.420000076293945,48.0099983215332,67.27999877929688,361.4100036621094,51.849998474121094,0,64.15999603271484
2021-08-12 22:33:37,0,52.02000045776367,15.339999198913574,49.5099983215332,68.06999969482422,343.6600036621094,49.13999938964844,0,63.59000015258789
2021-08-12 22:48:01,0,49,15.90999984741211,45.529998779296875,70.9000015258789,364.8899841308594,51.599998474121094,0,66.23999786376953
2021-08-12 23:02:25,0,49,15.339999198913574,46.45000076293945,69.6500015258789,366,48.79999923706055,0,63.82999801635742
2021-08-12 23:16:49,0,51.40999984741211,17.19999885559082,49.53999710083008,66.91999816894531,341.8299865722656,52.599998474121094,0,66.62999725341797
2021-08-12 23:31:13,0,52,15.449999809265137,46.29999923706055,69.91999816894531,342.30999755859375,49.37999725341797,0,63.64999771118164
2021-08-12 23:45:37,0,48,16.06999969482422,48.07999801635742,67.05999755859375,362.16998291015625,51.71999740600586,0,70.97999572753906
2021-08-13 00:00:01,0,49,15.399999618530273,46.05999755859375,69.5999984741211,354.6099853515625,50.71999740600586,0,63.47999954223633
2021-08-13 00:14:25,0,50.779998779296875,17.5,47.779998779296875,66.02999877929688,339.5,48.06999969482422,0,68.56999969482422
2021-08-13 00:28:49,0,51.39999771118164,15.359999656677246,47.36000061035156,66.30999755859375,355.6199951171875,50.849998474121094,0,67.58000183105469
2021-08-13 00:43:13,0,49,15.9399995803833,45.68000030517578,70.37999725341797,340.7599792480469,48.29999923706055,0,63.52000045776367
2021-08-13 00:57:37,0,49,15.639999389648438,47.20000076293945,68.88999938964844,353.1999816894531,50.80999755859375,0,67.73999786376953
2021-08-13 01:12:01,0,51.48999786376953,16.389999389648438,45.72999954223633,66.47999572753906,330.32000732421875,47.68000030517578,0,63.3599967956543
2021-08-13 01:26:25,0,49,15.25,45.80999755859375,68.6199951171875,337.92999267578125,48.189998626708984,0,62.43000030517578
2021-08-13 01:40:49,0,51.40999984741211,15.829999923706055,46.75,65.52999877929688,322.25,46.66999816894531,0,66.83999633789062
2021-08-13 01:55:13,0,49.21999740600586,15.269999504089355,47.14999771118164,65.11000061035156,331.04998779296875,47.52000045776367,0,63.57999801635742
2021-08-13 02:09:37,0,46.61000061035156,15.65999984741211,45.39999771118164,68.36000061035156,283.2599792480469,42.89999771118164,0,66.04000091552734
2021-08-13 02:24:01,0,47.459999084472656,14.979999542236328,45.30999755859375,64.68000030517578,280.5799865722656,42.20000076293945,0,63.15999984741211
2021-08-13 02:38:25,0,45,16.020000457763672,47.09000015258789,67.47000122070312,301.8500061035156,44.71999740600586,0,65.93000030517578
2021-08-13 02:52:49,0,47,16.84000015258789,44.619998931884766,64.66999816894531,300.1999816894531,45.55999755859375,0,63.05999755859375
2021-08-13 03:07:13,0,45,15.619999885559082,47.189998626708984,68.73999786376953,318.16998291015625,43.79999923706055,0,65.8699951171875
2021-08-13 03:21:37,0,44.71999740600586,16.239999771118164,44.61000061035156,65.45999908447266,308.04998779296875,43.56999969482422,0,66.22000122070312
2021-08-13 03:36:01,0,47.86000061035156,15.59999942779541,46.37999725341797,68.29999542236328,296.8699951171875,45.189998626708984,0,62.27000045776367
2021-08-13 03:50:25,0,46.619998931884766,15.75999927520752,44.68000030517578,64.69999694824219,297.8299865722656,44.02000045776367,0,62.599998474121094
2021-08-13 04:04:49,0,45,16.139999389648438,46.189998626708984,68.95999908447266,319.6600036621094,45.82999801635742,0,65.22999572753906
2021-08-13 04:19:13,0,45,15.670000076293945,46.72999954223633,65.65999603271484,302.78997802734375,45.97999954223633,0,62.80999755859375
2021-08-13 04:33:37,0,46.88999938964844,16.19999885559082,44.98999786376953,68.51000213623047,320.1600036621094,44.43000030517578,0,70.43000030517578
2021-08-13 04:48:01,0,45,15.880000114440918,44.02000045776367,65.04999542236328,308.9499816894531,44.459999084472656,0,65.76000213623047
2021-08-13 05:02:25,0,47.11000061035156,16.34000015258789,46.93000030517578,68.22999572753906,334.72998046875,48.099998474121094,0,62.81999969482422
2021-08-13 05:16:49,0,46,16.190000534057617,45.30999755859375,67.98999786376953,337.9700012207031,49.029998779296875,0,65.75
2021-08-13 05:31:13,0,48,15.109999656677246,46.95000076293945,64.65999603271484,278.16998291015625,43.02000045776367,0,62.689998626708984
2021-08-13 05:45:37,0,47,15.170000076293945,45.80999755859375,65.23999786376953,285.3899841308594,44.209999084472656,0,62.40999984741211
2021-08-13 06:00:01,0,51,15.729999542236328,47.959999084472656,68.37999725341797,352.28997802734375,51.97999954223633,0,73.68000030517578
2021-08-13 06:14:25,0,49,15.819999694824219,47.41999816894531,67.95999908447266,348.989990234375,54.25,0,62.55999755859375
2021-08-13 06:28:49,0,54.55999755859375,15.429999351501465,50.14999771118164,65.12999725341797,314.9499816894531,47.80999755859375,0,65.91999816894531
2021-08-13 06:43:13,0,55,15.460000038146973,47.36000061035156,69.33999633789062,344.1300048828125,51.96999740600586,0,62.81999969482422
2021-08-13 06:57:37,0,52,17.19999885559082,50.36000061035156,65.5,321.03997802734375,48.65999984741211,0,66.81999969482422
2021-08-13 07:12:01,0,52,15.519999504089355,48.05999755859375,70.08000183105469,344.1099853515625,52.38999938964844,0,68.01000213623047
2021-08-13 07:26:25,0,54.439998626708984,16.049999237060547,52.53999710083008,66.63999938964844,319.6300048828125,49.15999984741211,0,62.88999938964844
2021-08-13 07:40:49,0,52.22999954223633,15.460000038146973,50.849998474121094,65.97999572753906,316.9499816894531,48.72999954223633,0,65.79999542236328
2021-08-13 07:55:13,0,55,16.079999923706055,48.12999725341797,71.29999542236328,349.25,52.84000015258789,0,63.12999725341797
2021-08-13 08:09:37,0,52,15.479999542236328,48.599998474121094,70.6199951171875,314.1199951171875,52.41999816894531,0,67.94999694824219
2021-08-13 08:24:01,0,55.12999725341797,17.28999900817871,50.65999984741211,68.0999984741211,350.72998046875,48.349998474121094,0,63.689998626708984
2021-08-13 08:38:25,0,56.18000030517578,15.479999542236328,48.709999084472656,69.02999877929688,331.72998046875,50.369998931884766,0,67.7699966430664
2021-08-13 08:52:49,0,52,16.149999618530273,51.53999710083008,74.23999786376953,368.75,55.14999771118164,0,65.29000091552734
2021-08-13 09:07:13,0,52,15.579999923706055,53.40999984741211,70.38999938964844,346.4700012207031,50.90999984741211,0,65.68999481201172
2021-08-13 09:21:37,0,55.23999786376953,17.469999313354492,48.78999710083008,73.72000122070312,382.5,56.96999740600586,0,77.2699966430664
2021-08-13 09:36:01,0,54,16.170000076293945,50.05999755859375,71.7699966430664,347.1000061035156,58.39999771118164,0,66.79999542236328
2021-08-13 09:50:25,0,57,15.529999732971191,52.21999740600586,74.38999938964844,379.5899963378906,51.09000015258789,0,77.15999603271484
2021-08-13 10:04:49,0,58,15.420000076293945,49.70000076293945,72.22000122070312,381.30999755859375,51.84000015258789,0,69.73999786376953
2021-08-13 10:19:13,0,54,15.960000038146973,54.27000045776367,75.97000122070312,338.79998779296875,50.80999755859375,0,67.81999969482422
2021-08-13 10:33:37,0,54,15.630000114440918,50.89999771118164,77.08999633789062,371.3399963378906,51.72999954223633,0,79.40999603271484
2021-08-13 10:48:01,0,57,17.31999969482422,54.25,73.45999908447266,341.8399963378906,51.099998474121094,0,67.0199966430664
2021-08-13 11:02:25,0,54,16.459999084472656,51.05999755859375,73.37999725341797,359.28997802734375,50.93000030517578,0,67.73999786376953
2021-08-13 11:16:49,0,56.959999084472656,15.880000114440918,55.27000045776367,76.62999725341797,384.80999755859375,51.619998931884766,0,76.36000061035156
2021-08-13 11:31:13,0,56.779998779296875,16.350000381469727,51.28999710083008,77.0199966430664,381.22998046875,51.59000015258789,0,67.98999786376953
2021-08-13 11:45:37,0,54,18.049999237060547,54.23999786376953,73.88999938964844,396.8399963378906,51.02000045776367,0,73.01000213623047
2021-08-13 12:00:01,0,58.119998931884766,16.619998931884766,51.81999969482422,74.23999786376953,398.69000244140625,50.88999938964844,0,73.47999572753906
2021-08-13 12:14:25,0,54,15.989999771118164,53.82999801635742,77.41999816894531,350.7099914550781,52.27000045776367,0,68.11000061035156
2021-08-13 12:28:49,0,57.55999755859375,16.40999984741211,51.38999938964844,76.33000183105469,347.28997802734375,51.86000061035156,0,68.30999755859375
2021-08-13 12:43:13,0,54.79999923706055,15.839999198913574,54.90999984741211,74.04000091552734,298.4599914550781,50.97999954223633,0,71.33000183105469
2021-08-13 12:57:37,0,56.66999816894531,15.84999942779541,52.16999816894531,74.0199966430664,299.1300048828125,51.709999084472656,0,67.77999877929688
2021-08-13 13:12:01,0,53.96999740600586,16.529998779296875,54.94999694824219,77.00999450683594,326.03997802734375,50.88999938964844,0,71.86000061035156
2021-08-13 13:26:25,0,53,15.869999885559082,56.7599983215332,74.13999938964844,329.6199951171875,51.37999725341797,0,74.0199966430664
2021-08-13 13:40:49,0,56,16.369998931884766,52.27000045776367,76.97999572753906,309.0799865722656,50.32999801635742,0,67.72000122070312
2021-08-13 13:55:13,0,53,16.28999900817871,51.31999969482422,75.0999984741211,299.8299865722656,51.34000015258789,0,74.93999481201172
2021-08-13 14:09:37,0,56.119998931884766,15.59999942779541,55.46999740600586,78.3699951171875,316.3800048828125,50.5099983215332,0,67.8499984741211
2021-08-13 14:24:01,0,53,15.799999237060547,55.62999725341797,74,309.1099853515625,51.119998931884766,0,73.29999542236328
2021-08-13 14:38:25,0,56,15.269999504089355,51.94999694824219,77.6199951171875,331.7200012207031,51.869998931884766,0,67.5999984741211
2021-08-13 14:52:49,0,55.209999084472656,15.309999465942383,51.41999816894531,74.11000061035156,302.05999755859375,51.779998779296875,0,67.81999969482422
2021-08-13 15:07:13,0,52,15.84999942779541,54.48999786376953,77.66999816894531,327.03997802734375,51.119998931884766,0,74.36000061035156
2021-08-13 15:21:37,0,52,15.839999198913574,51.79999923706055,74.54000091552734,305.82000732421875,51.21999740600586,0,67.31999969482422
2021-08-13 15:36:01,0,55,15.420000076293945,53.94999694824219,78.15999603271484,331.94000244140625,51.77000045776367,0,72.29000091552734
2021-08-13 15:50:25,0,55.0099983215332,15.829999923706055,54.2599983215332,79.33999633789062,308.739990234375,51.79999923706055,0,71.56999969482422
2021-08-13 16:04:49,0,51,15.40999984741211,51.57999801635742,74.3499984741211,346.7099914550781,47.349998474121094,0,67.83999633789062
2021-08-13 16:19:13,0,51,15.880000114440918,51.32999801635742,76.69999694824219,310.07000732421875,45.89999771118164,0,70.29000091552734
2021-08-13 16:33:37,0,54.57999801635742,15.559999465942383,53.31999969482422,73.3499984741211,346.66998291015625,50.25,0,66.6500015258789
2021-08-13 16:48:01,0,51,15.579999923706055,50.52000045776367,76.11000061035156,303.03997802734375,45.459999084472656,0,69.6500015258789
2021-08-13 17:02:25,0,53.55999755859375,15.839999198913574,53.119998931884766,72.91999816894531,334.5,48.79999923706055,0,66.47999572753906
2021-08-13 17:16:49,0,51,17.119998931884766,50.54999923706055,75.36000061035156,339.1999816894531,50.28999710083008,0,69.52999877929688
2021-08-13 17:31:13,0,53.56999969482422,15.15999984741211,52.80999755859375,71.91999816894531,298.0099792480469,44.86000061035156,0,66.18999481201172
2021-08-13 17:45:37,0,53.279998779296875,15.179999351501465,52.09000015258789,71.61000061035156,332.6099853515625,49.07999801635742,0,71.33000183105469
2021-08-13 18:00:01,0,51,17.079999923706055,50.53999710083008,74.5999984741211,291.8399963378906,44.71999740600586,0,65.65999603271484
2021-08-13 18:14:25,0,53.29999923706055,16.06999969482422,51.56999969482422,74.26000213623047,337.91998291015625,49.30999755859375,0,73.45999908447266
2021-08-13 18:28:49,0,51,15.359999656677246,49.72999954223633,70.73999786376953,290.69000244140625,43.279998779296875,0,65.41999816894531
2021-08-13 18:43:13,0,53.779998779296875,15.809999465942383,49.099998474121094,69.88999938964844,296.3899841308594,43.32999801635742,0,65.27999877929688
2021-08-13 18:57:37,0,50.939998626708984,15.1899995803833,50.529998779296875,73.36000061035156,338.3299865722656,48.48999786376953,0,70.94999694824219
2021-08-13 19:12:01,0,51,15.6899995803833,48.62999725341797,69.83999633789062,345.19000244140625,47.28999710083008,0,64.73999786376953
2021-08-13 19:26:25,0,55,17.309999465942383,53.09000015258789,73.06999969482422,377.4700012207031,53.36000061035156,0,69.26000213623047
2021-08-13 19:40:49,0,50,15.809999465942383,50.61000061035156,73.19999694824219,368.8999938964844,52.82999801635742,0,64.62999725341797
2021-08-13 19:55:13,0,53,16.559999465942383,48.65999984741211,70.26000213623047,385.1199951171875,54.39999771118164,0,68.63999938964844
2021-08-13 20:09:37,0,50.90999984741211,17.8799991607666,48.25,70.48999786376953,389.6000061035156,53.59000015258789,0,65.04999542236328
2021-08-13 20:24:01,0,53.279998779296875,16.03999900817871,50.599998474121094,75.1500015258789,375.22998046875,56.04999923706055,0,68.16999816894531
2021-08-13 20:38:25,0,53.43000030517578,15.969999313354492,51.209999084472656,73.88999938964844,369.5,53.209999084472656,0,69.45999908447266
2021-08-13 20:52:49,0,50,16.59000015258789,48.12999725341797,71.51000213623047,382.2699890136719,54.72999954223633,0,65.05999755859375
2021-08-13 21:07:13,0,53,16.549999237060547,49.849998474121094,73.41999816894531,353.80999755859375,51.599998474121094,0,68.23999786376953
2021-08-13 21:21:37,0,50,15.929999351501465,47.52000045776367,69.16999816894531,388.9700012207031,57.37999725341797,0,64.43000030517578
2021-08-13 21:36:01,0,53,15.899999618530273,49.39999771118164,73.12999725341797,385.9499816894531,58.23999786376953,0,64.47000122070312
2021-08-13 21:50:25,0,50,16.529998779296875,47.23999786376953,67.97999572753906,351.8999938964844,51.39999771118164,0,68.51000213623047
2021-08-13 22:04:49,0,49,15.90999984741211,49.52000045776367,69.83000183105469,351.4700012207031,52.72999954223633,0,67.98999786376953
2021-08-13 22:19:13,0,52,16.68000030517578,47.39999771118164,67.25,374.1199951171875,56.53999710083008,0,63.66999816894531
2021-08-13 22:33:37,0,49,15.729999542236328,47.68000030517578,66.88999938964844,380.44000244140625,58.779998779296875,0,68.77999877929688
2021-08-13 22:48:01,0,52.06999969482422,16.119998931884766,46.32999801635742,70.08000183105469,335.69000244140625,49.98999786376953,0,63.73999786376953
2021-08-13 23:02:25,0,49,15.90999984741211,47.88999938964844,67.87999725341797,382.1399841308594,56.94999694824219,0,63.31999969482422
2021-08-13 23:16:49,0,52,15.579999923706055,45.90999984741211,71,342.3899841308594,51.52000045776367,0,68.18000030517578
2021-08-13 23:31:13,0,50,15.839999198913574,47.46999740600586,69.77999877929688,359.8500061035156,50.81999969482422,0,62.97999954223633
2021-08-13 23:45:37,0,51.959999084472656,15.34999942779541,45.529998779296875,66.8499984741211,337.30999755859375,55.37999725341797,0,65.69999694824219
2021-08-14 00:00:01,0,51.16999816894531,15.589999198913574,45.61000061035156,66.76000213623047,338.739990234375,50.82999801635742,0,67.86000061035156
2021-08-14 00:14:25,0,48.939998626708984,15.960000038146973,47.47999954223633,69.54999542236328,361.2799987792969,55.56999969482422,0,62.07999801635742
2021-08-14 00:28:49,0,49,15.449999809265137,45.20000076293945,66.43000030517578,380.989990234375,49.90999984741211,0,62.6099967956543
2021-08-14 00:43:13,0,51.2599983215332,15.9399995803833,48.02000045776367,69.86000061035156,324.22998046875,59.12999725341797,0,68.62999725341797
2021-08-14 00:57:37,0,49,15.399999618530273,47.23999786376953,66.80999755859375,336.2200012207031,49.87999725341797,0,62.44999694824219
2021-08-14 01:12:01,0,52,15.859999656677246,45.20000076293945,70.90999603271484,373.9700012207031,54.61000061035156,0,67.52999877929688
2021-08-14 01:26:25,0,49,15.809999465942383,45.23999786376953,70.3699951171875,334.57000732421875,53.88999938964844,0,67.80999755859375
2021-08-14 01:40:49,0,50.5099983215332,15.569999694824219,47.18000030517578,67.12999725341797,369.5199890136719,49.209999084472656,0,63.38999938964844
2021-08-14 01:55:13,0,50,15.6899995803833,47.59000015258789,66.88999938964844,368,54.82999801635742,0,62.56999969482422
2021-08-14 02:09:37,0,46,15.34999942779541,44.709999084472656,69.95999908447266,306.239990234375,45.52000045776367,0,65.48999786376953
2021-08-14 02:24:01,0,46,15.229999542236328,44.599998474121094,69.83000183105469,306.05999755859375,44.95000076293945,0,65.1199951171875
2021-08-14 02:38:25,0,47.75,15.869999885559082,46.099998474121094,66.18000030517578,335.6499938964844,48.64999771118164,0,62.37999725341797
2021-08-14 02:52:49,0,47,15.229999542236328,46.52000045776367,68.86000061035156,336.16998291015625,45.2599983215332,0,66.97000122070312
2021-08-14 03:07:13,0,45,15.4399995803833,43.97999954223633,66.22999572753906,312.1099853515625,48.349998474121094,0,62.88999938964844
2021-08-14 03:21:37,0,47.72999954223633,15.519999504089355,45.16999816894531,68.47999572753906,311.8999938964844,45.619998931884766,0,65.18999481201172
2021-08-14 03:36:01,0,45,15.09999942779541,47.84000015258789,66.58000183105469,356.6199951171875,53.69999694824219,0,62.54999923706055
2021-08-14 03:50:25,0,47.07999801635742,15.229999542236328,44.599998474121094,66.11000061035156,329.03997802734375,48.20000076293945,0,62.16999816894531
2021-08-14 04:04:49,0,45,16.229999542236328,46.14999771118164,69.45999908447266,354.489990234375,52.14999771118164,0,65.20999908447266
2021-08-14 04:19:13,0,45,16.149999618530273,44.32999801635742,68.65999603271484,345.7599792480469,53.52000045776367,0,62.07999801635742
2021-08-14 04:33:37,0,47.06999969482422,15.710000038146973,47.16999816894531,66.11000061035156,287.47998046875,44.20000076293945,0,64.31999969482422
2021-08-14 04:48:01,0,44.439998626708984,15.609999656677246,44.66999816894531,65.40999603271484,285.7200012207031,42.57999801635742,0,64.7699966430664
2021-08-14 05:02:25,0,46.53999710083008,16.119998931884766,47.12999725341797,68.43000030517578,261.4599914550781,45.939998626708984,0,61.779998779296875
2021-08-14 05:16:49,0,44,16.229999542236328,45.029998779296875,65.5999984741211,280.489990234375,43.89999771118164,0,61.89999771118164
2021-08-14 05:31:13,0,47.09000015258789,15.710000038146973,46.28999710083008,68.54000091552734,269.7099914550781,45.56999969482422,0,64.94999694824219
2021-08-14 05:45:37,0,48,15.739999771118164,45.21999740600586,65.79000091552734,270.4700012207031,44.029998779296875,0,62.189998626708984
2021-08-14 06:00:01,0,45,16.119998931884766,47.48999786376953,68.88999938964844,285.5799865722656,46.779998779296875,0,67.44999694824219
2021-08-14 06:14:25,0,44,15.839999198913574,46.66999816894531,68.3699951171875,289.9100036621094,44.959999084472656,0,64.95999908447266
2021-08-14 06:28:49,0,47.37999725341797,16.19999885559082,48.84000015258789,65.86000061035156,277.04998779296875,46.86000061035156,0,61.71999740600586
2021-08-14 06:43:13,0,46.95000076293945,16.19999885559082,47.56999969482422,66.44999694824219,273.4700012207031,44.939998626708984,0,61.529998779296875
2021-08-14 06:57:37,0,44,15.399999618530273,49.93000030517578,69.68999481201172,287.6600036621094,46.619998931884766,0,65.5999984741211
2021-08-14 07:12:01,0,47.56999969482422,15.389999389648438,49.62999725341797,69.8499984741211,290.489990234375,47.09000015258789,0,65.48999786376953
2021-08-14 07:26:25,0,45,15.549999237060547,48.45000076293945,66.4000015258789,277.0899963378906,45.18000030517578,0,61.94999694824219
2021-08-14 07:40:49,0,45,15.329999923706055,47.96999740600586,69.77999877929688,280.1300048828125,44.89999771118164,0,61.73999786376953
2021-08-14 07:55:13,0,47.21999740600586,15.59999942779541,49.709999084472656,66.56999969482422,311.54998779296875,48.45000076293945,0,65.79000091552734
2021-08-14 08:09:37,0,47,15.389999389648438,49.45000076293945,69.7699966430664,298.2699890136719,46.52000045776367,0,72.91999816894531
2021-08-14 08:24:01,0,44,15.670000076293945,47.79999923706055,66.38999938964844,334.6999816894531,50.73999786376953,0,61.80999755859375
2021-08-14 08:38:25,0,45.959999084472656,15.359999656677246,50.03999710083008,67.31999969482422,316.6499938964844,50.82999801635742,0,66.8499984741211
2021-08-14 08:52:49,0,49,15.929999351501465,47.25,69.93999481201172,339.4700012207031,47.70000076293945,0,62.31999969482422
2021-08-14 09:07:13,0,48,15.589999198913574,47.95000076293945,69.8699951171875,322.1300048828125,52.0099983215332,0,67.05999755859375
2021-08-14 09:21:37,0,50.31999969482422,15.84999942779541,50.40999984741211,67,359.3299865722656,48.709999084472656,0,62.64999771118164
2021-08-14 09:36:01,0,48,15.569999694824219,51.27000045776367,67.83999633789062,364.41998291015625,48.97999954223633,0,62.73999786376953
2021-08-14 09:50:25,0,50.47999954223633,15.869999885559082,48.40999984741211,72.04999542236328,330.1199951171875,53.88999938964844,0,73.1199951171875
2021-08-14 10:04:49,0,49.939998626708984,15.75999927520752,48.62999725341797,67.18000030517578,331.07000732421875,49.599998474121094,0,65.48999786376953
2021-08-14 10:19:13,0,51.97999954223633,15.469999313354492,51.619998931884766,70.3699951171875,359.2599792480469,54.05999755859375,0,62.81999969482422
2021-08-14 10:33:37,0,49,15.779999732971191,52.15999984741211,67.97000122070312,356.5799865722656,54.05999755859375,0,62.14999771118164
2021-08-14 10:48:01,0,52.03999710083008,15.369999885559082,48.96999740600586,70.4000015258789,323.1000061035156,49.52000045776367,0,65.63999938964844
2021-08-14 11:02:25,0,49,15.309999465942383,48.63999938964844,72.31999969482422,323.6199951171875,53.11000061035156,0,62.48999786376953
2021-08-14 11:16:49,0,51.25,15.65999984741211,51.39999771118164,67.81999969482422,352.0299987792969,49.279998779296875,0,65.94999694824219
2021-08-14 11:31:13,0,49,15.569999694824219,52.12999725341797,67.58000183105469,358.8399963378906,54.189998626708984,0,62.21999740600586
2021-08-14 11:45:37,0,51.27000045776367,15.319999694824219,49.029998779296875,70.66999816894531,319.6499938964844,49.84000015258789,0,66.79999542236328
2021-08-14 12:00:01,0,51.05999755859375,15.529999732971191,48.7599983215332,67.58999633789062,350.7099914550781,53.23999786376953,0,62.529998779296875
2021-08-14 12:14:25,0,49,15.299999237060547,50.5099983215332,70.97999572753906,330.6099853515625,50.619998931884766,0,70.70999908447266
2021-08-14 12:28:49,0,49,15.339999198913574,49.14999771118164,71.69999694824219,320.3800048828125,53.47999954223633,0,62.15999984741211
2021-08-14 12:43:13,0,51.07999801635742,16.139999389648438,51.209999084472656,68.04000091552734,352.82000732421875,49.0099983215332,0,70.18000030517578
2021-08-14 12:57:37,0,49,15.979999542236328,52.7599983215332,68.43000030517578,312.6499938964844,53.18000030517578,0,62.28999710083008
2021-08-14 13:12:01,0,51.349998474121094,16.270000457763672,49.529998779296875,72.70999908447266,349.75,48.05999755859375,0,67.30999755859375
2021-08-14 13:26:25,0,49,16.25,51.78999710083008,71.58999633789062,322.05999755859375,49.28999710083008,0,62.39999771118164
2021-08-14 13:40:49,0,52.369998931884766,15.880000114440918,49.279998779296875,68.18999481201172,352.05999755859375,52.73999786376953,0,65.83999633789062
2021-08-14 13:55:13,0,52.459999084472656,16.18000030517578,51.75,71.37999725341797,308.80999755859375,47.81999969482422,0,65.5999984741211
2021-08-14 14:09:37,0,50,15.719999313354492,49.15999984741211,67.88999938964844,356.92999267578125,54.34000015258789,0,62.53999710083008
2021-08-14 14:24:01,0,51.47999954223633,16.34000015258789,49.20000076293945,71.5,361.22998046875,54.47999954223633,0,65.95999908447266
2021-08-14 14:38:25,0,49,15.960000038146973,50.95000076293945,67.83000183105469,292.6199951171875,46.20000076293945,0,62.06999969482422
2021-08-14 14:52:49,0,49,16.079999923706055,52.04999923706055,72.37999725341797,333.3500061035156,50.55999755859375,0,62.65999984741211
2021-08-14 15:07:13,0,51.29999923706055,15.299999237060547,49.30999755859375,67.88999938964844,283.05999755859375,44.57999801635742,0,66.7699966430664
2021-08-14 15:21:37,0,52.5,15.25999927520752,51.23999786376953,68.05999755859375,316.47998046875,48.72999954223633,0,62.59000015258789
2021-08-14 15:36:01,0,49.849998474121094,15.729999542236328,48.79999923706055,71.56999969482422,270.25,44.57999801635742,0,66.62999725341797
2021-08-14 15:50:25,0,49,15.529999732971191,51.709999084472656,71.44999694824219,271.5299987792969,43.91999816894531,0,62.31999969482422
2021-08-14 16:04:49,0,51.529998779296875,15.269999504089355,49,68.0999984741211,307.5,48.32999801635742,0,66.51000213623047
2021-08-14 16:19:13,0,49,15.269999504089355,48.959999084472656,70.54000091552734,279.489990234375,44.869998931884766,0,67.5999984741211
2021-08-14 16:33:37,0,51.40999984741211,15.569999694824219,50.619998931884766,68.33999633789062,308.0099792480469,48.39999771118164,0,63.04999923706055
2021-08-14 16:48:01,0,49,15.179999351501465,48.439998626708984,68.54999542236328,311.6499938964844,44.56999969482422,0,67.20999908447266
2021-08-14 17:02:25,0,51.16999816894531,15.579999923706055,50.98999786376953,72.12999725341797,273.6099853515625,48.12999725341797,0,62.18000030517578
2021-08-14 17:16:49,0,49,15.25999927520752,50.68000030517578,71.15999603271484,278.3699951171875,45.34000015258789,0,65.86000061035156
2021-08-14 17:31:13,0,52.029998779296875,15.50999927520752,48.06999969482422,68.0999984741211,306.1600036621094,48.21999740600586,0,62.529998779296875
2021-08-14 17:45:37,0,49,15.34999942779541,50.32999801635742,70.86000061035156,306.7699890136719,47.80999755859375,0,65.76000213623047
2021-08-14 18:00:01,0,52.23999786376953,15.619999885559082,48.099998474121094,67.69999694824219,279.47998046875,45.279998779296875,0,62.619998931884766
2021-08-14 18:14:25,0,52.04999923706055,15.609999656677246,50.029998779296875,70.27999877929688,282.6399841308594,45.40999984741211,0,62.0099983215332
2021-08-14 18:28:49,0,50,15.25999927520752,48.05999755859375,67.77999877929688,310.8699951171875,48.15999984741211,0,66.52999877929688
2021-08-14 18:43:13,0,52.79999923706055,15.639999389648438,50.63999938964844,69.81999969482422,290.4700012207031,45.16999816894531,0,62.209999084472656
2021-08-14 18:57:37,0,49,15.389999389648438,47.86000061035156,67.19999694824219,333.80999755859375,50.80999755859375,0,65.1500015258789
2021-08-14 19:12:01,0,51.59000015258789,15.489999771118164,46.73999786376953,67.5999984741211,327.79998779296875,49.45000076293945,0,62.189998626708984
2021-08-14 19:26:25,0,49.81999969482422,15.639999389648438,49.28999710083008,70.73999786376953,351.6600036621094,52.439998626708984,0,66
2021-08-14 19:40:49,0,51,15.649999618530273,49.71999740600586,67.5999984741211,347.19000244140625,49.29999923706055,0,65.16999816894531
2021-08-14 19:55:13,0,48,15.369999885559082,47.80999755859375,70.20999908447266,331.17999267578125,51.89999771118164,0,61.90999984741211
2021-08-14 20:09:37,0,49,15.399999618530273,49.03999710083008,71.48999786376953,342.8899841308594,50.939998626708984,0,62.52000045776367
2021-08-14 20:24:01,0,46,16.43000030517578,47.36000061035156,67.68999481201172,319.8399963378906,48.28999710083008,0,66.58999633789062
2021-08-14 20:38:25,0,46,16.34000015258789,47.689998626708984,67.37999725341797,312.5,47.18000030517578,0,66.15999603271484
2021-08-14 20:52:49,0,48,16.079999923706055,49.029998779296875,70.36000061035156,360.3500061035156,52.439998626708984,0,61.68000030517578
2021-08-14 21:07:13,0,46,15.969999313354492,48.96999740600586,70.33999633789062,367.78997802734375,57.099998474121094,0,61.96999740600586
2021-08-14 21:21:37,0,47.59000015258789,16.5,47.209999084472656,67.37999725341797,327.25,49.689998626708984,0,65.0199966430664
2021-08-14 21:36:01,0,45,16.600000381469727,46.14999771118164,66.68999481201172,343.75,51.349998474121094,0,62.14999771118164
2021-08-14 21:50:25,0,47,16,48.71999740600586,69.6199951171875,299.97998046875,47.95000076293945,0,65.25
2021-08-14 22:04:49,0,45,16.1299991607666,47.779998779296875,66.6199951171875,300.1199951171875,48.63999938964844,0,66.01000213623047
2021-08-14 22:19:13,0,47.16999816894531,15.839999198913574,46.65999984741211,70,279.5299987792969,45.14999771118164,0,61.90999984741211
2021-08-14 22:33:37,0,46.959999084472656,15.90999984741211,47.91999816894531,69.73999786376953,295.7799987792969,46.709999084472656,0,62.38999938964844
2021-08-14 22:48:01,0,44.79999923706055,16.170000076293945,45.0099983215332,65.79000091552734,317.53997802734375,48.96999740600586,0,65.01000213623047
2021-08-14 23:02:25,0,45,16.399999618530273,44.95000076293945,66.18999481201172,292.80999755859375,45.80999755859375,0,67.05999755859375
2021-08-14 23:16:49,0,47.619998931884766,15.299999237060547,47.119998931884766,68.8699951171875,322.8699951171875,49.87999725341797,0,62.119998931884766
2021-08-14 23:31:13,0,47.47999954223633,15.309999465942383,44.15999984741211,66.1199951171875,312.9100036621094,50.21999740600586,0,61.82999801635742
2021-08-14 23:45:37,0,45,15.539999961853027,46.689998626708984,69.16999816894531,290.7599792480469,46.71999740600586,0,65.16999816894531
2021-08-15 00:00:01,0,46.779998779296875,15.269999504089355,45.959999084472656,66.0199966430664,290.55999755859375,46.03999710083008,0,61.959999084472656
2021-08-15 00:14:25,0,44,15.889999389648438,44.65999984741211,68.29000091552734,317.9100036621094,50.45000076293945,0,66.18000030517578
2021-08-15 00:28:49,0,44,15.559999465942383,44.459999084472656,69.04999542236328,307.69000244140625,48.57999801635742,0,61.89999771118164
2021-08-15 00:43:13,0,46,15.15999984741211,46.689998626708984,66.19999694824219,261.67999267578125,44.47999954223633,0,65.27999877929688
2021-08-15 00:57:37,0,46.0099983215332,15.429999351501465,44.38999938964844,66.61000061035156,239.86000061035156,39.90999984741211,0,64.91999816894531
2021-08-15 01:12:01,0,44,14.969999313354492,46.68000030517578,69.81999969482422,344.5099792480469,46.849998474121094,0,61.37999725341797
2021-08-15 01:26:25,0,45,15.59999942779541,47.15999984741211,69.62999725341797,368.80999755859375,54.06999969482422,0,64.56999969482422
2021-08-15 01:40:49,0,47.369998931884766,15.119999885559082,44.43000030517578,66.68999481201172,273.16998291015625,43.47999954223633,0,61.44999694824219
2021-08-15 01:55:13,0,45,15.219999313354492,46.23999786376953,69.5199966430664,326.6399841308594,44.93000030517578,0,64.83000183105469
2021-08-15 02:09:37,0,46.56999969482422,14.989999771118164,44.70000076293945,66.05999755859375,287.4599914550781,49.31999969482422,0,60.869998931884766
2021-08-15 02:24:01,0,47.099998474121094,14.920000076293945,43.57999801635742,66.63999938964844,292.1099853515625,46.03999710083008,0,61.40999984741211
2021-08-15 02:38:25,0,44,15.170000076293945,46.5099983215332,69.33000183105469,303.19000244140625,47.68000030517578,0,64.54000091552734
2021-08-15 02:52:49,0,44,14.949999809265137,46.0099983215332,69.81999969482422,307.54998779296875,47.459999084472656,0,61.369998931884766
2021-08-15 03:07:13,0,47,15.279999732971191,44.5,66.75,289.6999816894531,45.779998779296875,0,65.3699951171875
2021-08-15 03:21:37,0,44,15.339999198913574,46.0099983215332,69.52999877929688,289.7599792480469,45.96999740600586,0,63.82999801635742
2021-08-15 03:36:01,0,46,15.059999465942383,44.54999923706055,67.06999969482422,301.4499816894531,47.189998626708984,0,61.279998779296875
2021-08-15 03:50:25,0,46.5099983215332,15.039999961853027,44.53999710083008,66.52999877929688,296.44000244140625,46.43000030517578,0,64.25
2021-08-15 04:04:49,0,44,15.25,46.63999938964844,70.47000122070312,310.92999267578125,47.87999725341797,0,61.029998779296875
2021-08-15 04:19:13,0,44.869998931884766,15.229999542236328,44.41999816894531,66.83999633789062,298.4700012207031,46.25,0,61.34000015258789
2021-08-15 04:33:37,0,46.53999710083008,14.989999771118164,46.189998626708984,69.29999542236328,307.2200012207031,47.81999969482422,0,68.40999603271484
2021-08-15 04:48:01,0,44,15.109999656677246,44.88999938964844,69.04999542236328,301.25,46.39999771118164,0,61.31999969482422
2021-08-15 05:02:25,0,45.87999725341797,16.190000534057617,47.12999725341797,66.5999984741211,324.7200012207031,50.31999969482422,0,65.33000183105469
2021-08-15 05:16:49,0,44,16.09000015258789,46.48999786376953,66.26000213623047,328.4599914550781,50.72999954223633,0,64.3699951171875
2021-08-15 05:31:13,0,46.54999923706055,15.739999771118164,44.369998931884766,69.33999633789062,299.9499816894531,46.06999969482422,0,61.439998626708984
2021-08-15 05:45:37,0,45,16.239999771118164,45.02000045776367,66.30999755859375,313.16998291015625,47.29999923706055,0,61.53999710083008
2021-08-15 06:00:01,0,47.18000030517578,15.829999923706055,48.47999954223633,69.6199951171875,341.8599853515625,51.72999954223633,0,63.689998626708984
2021-08-15 06:14:25,0,45,16.100000381469727,46.779998779296875,69.52999877929688,355.8299865722656,48.619998931884766,0,61.47999954223633
2021-08-15 06:28:49,0,47.189998626708984,15.779999732971191,48.90999984741211,66.55999755859375,319.7799987792969,53.709999084472656,0,64.12999725341797
2021-08-15 06:43:13,0,46.459999084472656,15.880000114440918,47.439998626708984,66.41999816894531,324.05999755859375,48.31999969482422,0,61.73999786376953
2021-08-15 06:57:37,0,44.5099983215332,16.1299991607666,49.32999801635742,69.4000015258789,358.0299987792969,53.5,0,64.44999694824219
2021-08-15 07:12:01,0,46.78999710083008,16.149999618530273,47.619998931884766,69.15999603271484,323.1000061035156,48.39999771118164,0,61.81999969482422
2021-08-15 07:26:25,0,44,15.25,50.20000076293945,66.8699951171875,356.05999755859375,54.029998779296875,0,65.80999755859375
2021-08-15 07:40:49,0,44,15.449999809265137,49.619998931884766,67.48999786376953,328.0299987792969,49.18000030517578,0,64.11000061035156
2021-08-15 07:55:13,0,46.68000030517578,15.239999771118164,47.13999938964844,70.56999969482422,368.5299987792969,55.27000045776367,0,61.3599967956543
2021-08-15 08:09:37,0,44,15.210000038146973,47.80999755859375,66.61000061035156,336.2699890136719,51.56999969482422,0,61.459999084472656
2021-08-15 08:24:01,0,46.37999725341797,15.489999771118164,49.189998626708984,69.76000213623047,389.3199768066406,59.41999816894531,0,65.75
2021-08-15 08:38:25,0,44,15.25999927520752,47.459999084472656,67.44999694824219,355.17999267578125,54.69999694824219,0,62.21999740600586
2021-08-15 08:52:49,0,49.619998931884766,15.679999351501465,49.5099983215332,70.93000030517578,390.66998291015625,61.97999954223633,0,65.76000213623047
2021-08-15 09:07:13,0,51,15.299999237060547,49.86000061035156,67.5999984741211,295.05999755859375,58.459999084472656,0,72.93000030517578
2021-08-15 09:21:37,0,48,15.569999694824219,47.52000045776367,70.05999755859375,360.30999755859375,44.7599983215332,0,62.34000015258789
2021-08-15 09:36:01,0,48,15.639999389648438,48.39999771118164,66.68999481201172,326.5799865722656,47.28999710083008,0,62.04999923706055
2021-08-15 09:50:25,0,51,15.420000076293945,50.77000045776367,69.8699951171875,354.2200012207031,51.459999084472656,0,66.19999694824219
2021-08-15 10:04:49,0,51.28999710083008,15.380000114440918,47.62999725341797,67.3499984741211,362.7699890136719,52.65999984741211,0,62.14999771118164
2021-08-15 10:19:13,0,49,15.59999942779541,49.5099983215332,70.98999786376953,332,48.07999801635742,0,72.72000122070312
2021-08-15 10:33:37,0,49,15.319999694824219,48.31999969482422,71.3499984741211,354.4700012207031,48.13999938964844,0,62.41999816894531
2021-08-15 10:48:01,0,51.06999969482422,15.569999694824219,50.89999771118164,68.31999969482422,328.3999938964844,52.619998931884766,0,74.5999984741211
2021-08-15 11:02:25,0,52,15.559999465942383,48.709999084472656,71.18999481201172,333.54998779296875,48.71999740600586,0,66.0999984741211
2021-08-15 11:16:49,0,49,15.299999237060547,50.45000076293945,68.23999786376953,363.5699768066406,52.88999938964844,0,62.6099967956543
2021-08-15 11:31:13,0,50.869998931884766,15.559999465942383,50.43000030517578,68.1199951171875,376.3299865722656,49.86000061035156,0,62.439998626708984
2021-08-15 11:45:37,0,48.72999954223633,15.199999809265137,48.43000030517578,71.3699951171875,344.2699890136719,54.61000061035156,0,67.88999938964844
2021-08-15 12:00:01,0,49,15.269999504089355,48.61000061035156,68.06999969482422,320.6600036621094,53.23999786376953,0,62.5099983215332
2021-08-15 12:14:25,0,51.71999740600586,15.429999351501465,51.36000061035156,70.93000030517578,352.1999816894531,45.91999816894531,0,67.7699966430664
2021-08-15 12:28:49,0,49,15.199999809265137,48.21999740600586,68.5999984741211,318.54998779296875,50.349998474121094,0,70.97999572753906
2021-08-15 12:43:13,0,51.119998931884766,15.569999694824219,50.86000061035156,70.83000183105469,353.66998291015625,45.48999786376953,0,62.55999755859375
2021-08-15 12:57:37,0,49,15.359999656677246,51.19999694824219,71.02999877929688,315.03997802734375,45.209999084472656,0,66.0199966430664
2021-08-15 13:12:01,0,51.62999725341797,16.59000015258789,48.439998626708984,68.56999969482422,338.1099853515625,48.89999771118164,0,62.349998474121094
2021-08-15 13:26:25,0,51.56999969482422,15.90999984741211,48.599998474121094,68.76000213623047,335.8299865722656,46.46999740600586,0,62.57999801635742
2021-08-15 13:40:49,0,45,16.229999542236328,52.12999725341797,73.11000061035156,275.0899963378906,50.689998626708984,0,68.04999542236328
2021-08-15 13:55:13,0,44.84000015258789,15.929999351501465,52.0099983215332,70.83999633789062,276.72998046875,46.349998474121094,0,67.80999755859375
2021-08-15 14:09:37,0,46.95000076293945,16.15999984741211,49.22999954223633,67.69999694824219,266.3399963378906,44.54999923706055,0,63.19999694824219
2021-08-15 14:24:01,0,46.7599983215332,17.309999465942383,48.89999771118164,67.91999816894531,272.2200012207031,45.20000076293945,0,68.45999908447266
2021-08-15 14:38:25,0,45,15.969999313354492,52.57999801635742,70.95999908447266,254.20999145507812,42.43000030517578,0,63.47999954223633
2021-08-15 14:52:49,0,47,16.420000076293945,47.279998779296875,68.4000015258789,263.8899841308594,43.11000061035156,0,66.2699966430664
2021-08-15 15:07:13,0,44,13.429999351501465,50.81999969482422,71.11000061035156,350.5099792480469,54.84000015258789,0,63.27000045776367
2021-08-15 15:21:37,0,46.939998626708984,15.369999885559082,50.23999786376953,68.54999542236328,307.239990234375,53.53999710083008,0,66.62999725341797
2021-08-15 15:36:01,0,45,15.609999656677246,48.15999984741211,71.97000122070312,270.4700012207031,45.75,0,64
2021-08-15 15:50:25,0,47,15.34999942779541,51.07999801635742,68.5999984741211,266.25,44,0,68.69999694824219
2021-08-15 16:04:49,0,44,22.489999771118164,48.36000061035156,71.98999786376953,305.0799865722656,48.2599983215332,0,63.47999954223633
2021-08-15 16:19:13,0,44,15.449999809265137,50.96999740600586,68.70999908447266,304.2599792480469,47.84000015258789,0,63.279998779296875
2021-08-15 16:33:37,0,46,15.819999694824219,47.689998626708984,71.56999969482422,287.2799987792969,45.52000045776367,0,67.1199951171875
2021-08-15 16:48:01,0,44,15.359999656677246,49.89999771118164,72.25,294.739990234375,46.36000061035156,0,67.8699951171875
2021-08-15 17:02:25,0,46.349998474121094,15.710000038146973,48.39999771118164,68.54000091552734,321.6399841308594,49.71999740600586,0,63.8599967956543
2021-08-15 17:16:49,0,45,15.380000114440918,49.54999923706055,71.54000091552734,291.3599853515625,44.529998779296875,0,66.61000061035156
2021-08-15 17:31:13,0,46.689998626708984,15.670000076293945,47.87999725341797,68.52999877929688,326.1999816894531,48.619998931884766,0,63.87999725341797
2021-08-15 17:45:37,0,46.05999755859375,15.65999984741211,49.46999740600586,69.12999725341797,324.3999938964844,48.77000045776367,0,72
2021-08-15 18:00:01,0,44,15.4399995803833,48.20000076293945,71.8699951171875,298.2599792480469,45.30999755859375,0,63.1099967956543
2021-08-15 18:14:25,0,44,15.569999694824219,49.0099983215332,71.43000030517578,299.97998046875,46.11000061035156,0,62.439998626708984
2021-08-15 18:28:49,0,48.28999710083008,15.229999542236328,47.81999969482422,68.68999481201172,285.05999755859375,44.709999084472656,0,66.56999969482422
2021-08-15 18:43:13,0,46,15.289999961853027,49.0099983215332,71.62999725341797,288.3800048828125,44.48999786376953,0,62.29999923706055
2021-08-15 18:57:37,0,48.03999710083008,15.769999504089355,47.39999771118164,68.40999603271484,320.3500061035156,47.54999923706055,0,65.5999984741211
2021-08-15 19:12:01,0,48.59000015258789,15.609999656677246,47.78999710083008,72.04999542236328,318.92999267578125,46.40999984741211,0,66.33000183105469
2021-08-15 19:26:25,0,45.98999786376953,15.399999618530273,49.5099983215332,68.47999572753906,333.79998779296875,48.279998779296875,0,62.52000045776367
2021-08-15 19:40:49,0,48,15.369999885559082,50.03999710083008,68.33000183105469,347.739990234375,51.18000030517578,0,65.31999969482422
2021-08-15 19:55:13,0,45,24.56999969482422,47.31999969482422,71.5999984741211,316.0199890136719,46.37999725341797,0,61.93000030517578
2021-08-15 20:09:37,0,45.38999938964844,15.699999809265137,47.099998474121094,70.27999877929688,342.17999267578125,50.5099983215332,0,62.279998779296875
2021-08-15 20:24:01,0,42.90999984741211,15.399999618530273,49.02000045776367,67.90999603271484,322.3599853515625,46.90999984741211,0,67
2021-08-15 20:38:25,0,43,15.589999198913574,48.71999740600586,71.22000122070312,339.07000732421875,49.79999923706055,0,65.2699966430664
2021-08-15 20:52:49,0,44.7599983215332,16.270000457763672,47,67.7699966430664,316.25,46.709999084472656,0,62.349998474121094
2021-08-15 21:07:13,0,44.56999969482422,16.299999237060547,48.619998931884766,67.8699951171875,323.2799987792969,47.099998474121094,0,61.8599967956543
2021-08-15 21:21:37,0,42,16.020000457763672,47.25,71.29999542236328,337.3699951171875,49.7599983215332,0,66.13999938964844
2021-08-15 21:36:01,0,42,16.010000228881836,48.57999801635742,67.5999984741211,338.44000244140625,49.849998474121094,0,65.0199966430664
2021-08-15 21:50:25,0,44.36000061035156,16.420000076293945,46.7599983215332,71.68000030517578,307.2200012207031,46.41999816894531,0,61.82999801635742
2021-08-15 22:04:49,0,42,16.260000228881836,46.25,70.11000061035156,298.1000061035156,43.779998779296875,0,62.46999740600586
2021-08-15 22:19:13,0,44.709999084472656,15.829999923706055,47.93000030517578,67.44999694824219,320.32000732421875,46.89999771118164,0,69.93999481201172
2021-08-15 22:33:37,0,42,16.18000030517578,48.119998931884766,67.54000091552734,318.739990234375,46.20000076293945,0,61.869998931884766
2021-08-15 22:48:01,0,44.189998626708984,15.929999351501465,45.06999969482422,70.5,332.5799865722656,49.98999786376953,0,64.87999725341797
2021-08-15 23:02:25,0,43,15.859999656677246,46.48999786376953,69.6199951171875,326.67999267578125,49.68000030517578,0,64.62999725341797
2021-08-15 23:16:49,0,45,16.229999542236328,45.05999755859375,66.38999938964844,310.8399963378906,45.96999740600586,0,61.779998779296875
2021-08-15 23:31:13,0,45.13999938964844,16.1299991607666,46.29999923706055,66.63999938964844,311.29998779296875,49.189998626708984,0,64.37999725341797
2021-08-15 23:45:37,0,42,15.229999542236328,42.86000061035156,70.48999786376953,328.1499938964844,45.05999755859375,0,61.03999710083008
2021-08-16 00:00:01,0,42,15.269999504089355,46.5099983215332,70.19999694824219,328.6600036621094,44.80999755859375,0,66.08999633789062
2021-08-16 00:14:25,0,44.06999969482422,15.489999771118164,44.25,66.56999969482422,316.8699951171875,42.099998474121094,0,61.40999984741211
2021-08-16 00:28:49,0,42,16.639999389648438,44.93000030517578,69.04000091552734,305.8999938964844,43.04999923706055,0,64.30999755859375
2021-08-16 00:43:13,0,44.32999801635742,15.199999809265137,46.22999954223633,66.93000030517578,326.739990234375,40.68000030517578,0,61.3599967956543
2021-08-16 00:57:37,0,42.72999954223633,15.179999351501465,46.71999740600586,70.25,330.1099853515625,41.73999786376953,0,64.13999938964844
2021-08-16 01:12:01,0,45.68000030517578,16.739999771118164,44.48999786376953,65.80999755859375,289.0299987792969,46.04999923706055,0,61.5099983215332
2021-08-16 01:26:25,0,45,15.179999351501465,43.5099983215332,66.90999603271484,275.6499938964844,43.52000045776367,0,64.54000091552734
2021-08-16 01:40:49,0,42,15.5,46.2599983215332,70.29999542236328,298.91998291015625,50.75,0,61.19999694824219
2021-08-16 01:55:13,0,44,15.389999389648438,46.2599983215332,68.47000122070312,297.3999938964844,52.55999755859375,0,64.27999877929688
2021-08-16 02:09:37,0,42.04999923706055,15.130000114440918,43.05999755859375,72.15999603271484,270.44000244140625,48.03999710083008,0,60.2599983215332
2021-08-16 02:24:01,0,44.90999984741211,16.440000534057617,45.68000030517578,69.70999908447266,273.16998291015625,49.62999725341797,0,64.40999603271484
2021-08-16 02:38:25,0,43,14.859999656677246,44.279998779296875,66.88999938964844,216.1699981689453,40.52000045776367,0,60.8599967956543
2021-08-16 02:52:49,0,41.7599983215332,14.789999961853027,43.82999801635742,68.93999481201172,208.3699951171875,38.5,0,63.59000015258789
2021-08-16 03:07:13,0,44.34000015258789,15.199999809265137,45.55999755859375,65.93999481201172,255.42999267578125,42.32999801635742,0,60.31999969482422
2021-08-16 03:21:37,0,41,15.549999237060547,44.55999755859375,69.75,256.7200012207031,43.29999923706055,0,59.3599967956543
2021-08-16 03:36:01,0,45.84000015258789,14.90999984741211,46.30999755859375,66.79000091552734,241.54998779296875,41.81999969482422,0,64.79999542236328
2021-08-16 03:50:25,0,43,14.9399995803833,44.43000030517578,66.5199966430664,241.5699920654297,42.709999084472656,0,63.07999801635742
2021-08-16 04:04:49,0,46,15.210000038146973,46.07999801635742,69.18000030517578,261.1199951171875,45.25,0,59.849998474121094
2021-08-16 04:19:13,0,42,15.34999942779541,44.290000915527344,69.33999633789062,255.6599884033203,45.63999938964844,0,63.05999755859375
2021-08-16 04:33:37,0,45.66999816894531,15.00999927520752,46.349998474121094,65.86000061035156,245.38999938964844,44.209999084472656,0,59.779998779296875
2021-08-16 04:48:01,0,47.7599983215332,14.969999313354492,45.96999740600586,66.26000213623047,248.70999145507812,44.20000076293945,0,63.119998931884766
2021-08-16 05:02:25,0,43,15.859999656677246,44.599998474121094,69.25,270.3599853515625,47.77000045776367,0,59.78999710083008
2021-08-16 05:16:49,0,45,15.899999618530273,44.70000076293945,69.18000030517578,243.62998962402344,47.099998474121094,0,63.21999740600586
2021-08-16 05:31:13,0,42,15.519999504089355,46.09000015258789,66.04999542236328,261.30999755859375,44.65999984741211,0,59.93000030517578
2021-08-16 05:45:37,0,43,15.59999942779541,44.36000061035156,69.62999725341797,257.66998291015625,46.30999755859375,0,64.1500015258789
2021-08-16 06:00:01,0,47.95000076293945,17.219999313354492,47.75,66.11000061035156,291.8500061035156,51.69999694824219,0,59.529998779296875
2021-08-16 06:14:25,0,47.63999938964844,15.839999198913574,49.04999923706055,66.95999908447266,277.239990234375,48.209999084472656,0,59.869998931884766
2021-08-16 06:28:49,0,50.529998779296875,17.510000228881836,44.82999801635742,70.65999603271484,292.97998046875,50.54999923706055,0,66
2021-08-16 06:43:13,0,52.459999084472656,15.979999542236328,45.7599983215332,67.1500015258789,293.19000244140625,51.14999771118164,0,59.89999771118164
2021-08-16 06:57:37,0,49,17.350000381469727,49.40999984741211,70.54999542236328,271.30999755859375,47.709999084472656,0,63.34000015258789
2021-08-16 07:12:01,0,48,16.270000457763672,47.689998626708984,68.41999816894531,284.44000244140625,48.71999740600586,0,60.31999969482422
2021-08-16 07:26:25,0,52.59000015258789,15.389999389648438,50.0099983215332,71,268.66998291015625,45.06999969482422,0,65.11000061035156
2021-08-16 07:40:49,0,48,15.869999885559082,47.80999755859375,71.02999877929688,282.489990234375,49.16999816894531,0,64.23999786376953
2021-08-16 07:55:13,0,51,15.25,49.87999725341797,67.81999969482422,300.07000732421875,46.40999984741211,0,60.31999969482422
2021-08-16 08:09:37,0,51.529998779296875,15.289999961853027,51.25,68.05999755859375,295.4700012207031,47.48999786376953,0,61.13999938964844
2021-08-16 08:24:01,0,49,15.869999885559082,48.34000015258789,72.0199966430664,319.41998291015625,50.689998626708984,0,66.23999786376953
2021-08-16 08:38:25,0,52.90999984741211,15.279999732971191,48.70000076293945,69.1199951171875,317.8899841308594,49.80999755859375,0,62.39999771118164
2021-08-16 08:52:49,0,49,17.100000381469727,51.529998779296875,72.73999786376953,330.94000244140625,51.869998931884766,0,66.8699951171875
2021-08-16 09:07:13,0,50,15.460000038146973,51.25,70.79999542236328,330.16998291015625,51,0,63.0099983215332
2021-08-16 09:21:37,0,53.39999771118164,15.769999504089355,48.939998626708984,73.87999725341797,351.6000061035156,54.529998779296875,0,72.73999786376953
2021-08-16 09:36:01,0,52,17.10999870300293,49.72999954223633,76.33000183105469,362.3399963378906,55.81999969482422,0,63.439998626708984
2021-08-16 09:50:25,0,54.37999725341797,15.579999923706055,53.0099983215332,71.76000213623047,319.92999267578125,51.5099983215332,0,73.04000091552734
2021-08-16 10:04:49,0,55,15.469999313354492,50.06999969482422,71.7699966430664,336.8800048828125,52.02000045776367,0,64.19999694824219
2021-08-16 10:19:13,0,51,15.809999465942383,53.39999771118164,75.88999938964844,353.1000061035156,51.16999816894531,0,69.20999908447266
2021-08-16 10:33:37,0,55.44999694824219,15.809999465942383,53.81999969482422,73.7699966430664,352.82000732421875,50.80999755859375,0,65.4000015258789
2021-08-16 10:48:01,0,51,15.34999942779541,51.48999786376953,76.91999816894531,381.91998291015625,52.15999984741211,0,75.83999633789062
2021-08-16 11:02:25,0,51,17.219999313354492,51.61000061035156,72.93000030517578,368.78997802734375,52.27000045776367,0,65.91999816894531
2021-08-16 11:16:49,0,55.19999694824219,15.380000114440918,54.599998474121094,77.44999694824219,352.3299865722656,51.36000061035156,0,71.19999694824219
2021-08-16 11:31:13,0,54.14999771118164,15.839999198913574,55.39999771118164,72.54000091552734,385.66998291015625,51.23999786376953,0,66.1500015258789
2021-08-16 11:45:37,0,50,15.449999809265137,52.03999710083008,76.04000091552734,347.22998046875,54.61000061035156,0,70.79000091552734
2021-08-16 12:00:01,0,50,15.25,53.91999816894531,77.04999542236328,288.739990234375,54.36000061035156,0,71.37999725341797
2021-08-16 12:14:25,0,53.939998626708984,15.75,51.05999755859375,72.93000030517578,368.8899841308594,43.89999771118164,0,66.73999786376953
2021-08-16 12:28:49,0,55,15.4399995803833,54.30999755859375,77.22999572753906,349.1199951171875,54.82999801635742,0,66.16999816894531
2021-08-16 12:43:13,0,50.63999938964844,17.31999969482422,51.52000045776367,73.43999481201172,307.6199951171875,46.369998931884766,0,74.62999725341797
2021-08-16 12:57:37,0,51,15.839999198913574,55.689998626708984,73.08000183105469,334.0799865722656,49.439998626708984,0,74.01000213623047
2021-08-16 13:12:01,0,53.529998779296875,16.440000534057617,51.05999755859375,77.30999755859375,299.0099792480469,44.82999801635742,0,66.36000061035156
2021-08-16 13:26:25,0,50,16.279998779296875,51.64999771118164,77.6199951171875,332.0299987792969,45.59000015258789,0,71.04999542236328
2021-08-16 13:40:49,0,53,15.839999198913574,54.81999969482422,73.77999877929688,313.4100036621094,49.59000015258789,0,66.31999969482422
2021-08-16 13:55:13,0,50,17.6299991607666,51.48999786376953,73.76000213623047,335.2699890136719,49.71999740600586,0,71
2021-08-16 14:09:37,0,53.04999923706055,16.020000457763672,54.47999954223633,77.06999969482422,298.3800048828125,45.529998779296875,0,66.26000213623047
2021-08-16 14:24:01,0,51.36000061035156,15.920000076293945,54.39999771118164,78.23999786376953,317.4700012207031,47.79999923706055,0,65.43000030517578
2021-08-16 14:38:25,0,49,16.309999465942383,51.189998626708984,73.41999816894531,295.5799865722656,44.64999771118164,0,76.88999938964844
2021-08-16 14:52:49,0,52.369998931884766,15.989999771118164,51.73999786376953,77.02999877929688,311.66998291015625,47.39999771118164,0,66.52999877929688
2021-08-16 15:07:13,0,50,17.6299991607666,53.88999938964844,73.72000122070312,289.67999267578125,44.209999084472656,0,76.54000091552734
2021-08-16 15:21:37,0,49,15.880000114440918,54.06999969482422,78.00999450683594,293.1600036621094,47.349998474121094,0,66.06999969482422
2021-08-16 15:36:01,0,52,16.34000015258789,51.64999771118164,72.45999908447266,316.239990234375,44.65999984741211,0,70.5
2021-08-16 15:50:25,0,52.099998474121094,16.350000381469727,54.52000045776367,72.58000183105469,321.25,47.89999771118164,0,70.93999481201172
2021-08-16 16:04:49,0,49.029998779296875,15.359999656677246,50.21999740600586,75.43999481201172,295.05999755859375,44.62999725341797,0,65.9000015258789
2021-08-16 16:19:13,0,49,15.34999942779541,53.44999694824219,77.02999877929688,314.739990234375,48.04999923706055,0,65.76000213623047
2021-08-16 16:33:37,0,51,15.679999351501465,50.82999801635742,73.27999877929688,289.1000061035156,45.119998931884766,0,71.8499984741211
2021-08-16 16:48:01,0,52,15.4399995803833,55.209999084472656,75.43999481201172,294.1999816894531,45.25,0,69.31999969482422
2021-08-16 17:02:25,0,49,15.699999809265137,50.959999084472656,72.43000030517578,327.1300048828125,48.68000030517578,0,64.72000122070312
2021-08-16 17:16:49,0,50,15.719999313354492,50.779998779296875,75.62999725341797,305.989990234375,46.04999923706055,0,67.75
2021-08-16 17:31:13,0,47,15.420000076293945,54.939998626708984,72.16999816894531,347.3800048828125,51.68000030517578,0,64.33999633789062
2021-08-16 17:45:37,0,48,17.09000015258789,50.34000015258789,75.45999908447266,334.1099853515625,46.98999786376953,0,69.0999984741211
2021-08-16 18:00:01,0,50.09000015258789,15.469999313354492,53.459999084472656,72.33000183105469,307.03997802734375,50.459999084472656,0,64.72999572753906
2021-08-16 18:14:25,0,49.05999755859375,15.329999923706055,51.96999740600586,74.58000183105469,326.1300048828125,49.56999969482422,0,64.47999572753906
2021-08-16 18:28:49,0,47,15.75,50.2599983215332,70.83999633789062,305.0299987792969,46.22999954223633,0,68.93000030517578
2021-08-16 18:43:13,0,47,15.059999465942383,50.79999923706055,72.97999572753906,323.8599853515625,45.81999969482422,0,68.79000091552734
2021-08-16 18:57:37,0,49.28999710083008,16.68000030517578,48.61000061035156,70.52999877929688,196.64999389648438,53.13999938964844,0,64.47999572753906
2021-08-16 19:12:01,0,48.72999954223633,15.289999961853027,49.02000045776367,73.16999816894531,205.86000061035156,52.77000045776367,0,66.83999633789062
2021-08-16 19:26:25,0,46,15.75,51.19999694824219,69.9000015258789,148.64999389648438,55.13999938964844,0,63.97999954223633
2021-08-16 19:40:49,0,47,15.679999351501465,48.70000076293945,72.30999755859375,146.39999389648438,53.80999755859375,0,68.75
2021-08-16 19:55:13,0,49.55999755859375,15.369999885559082,51.90999984741211,68.86000061035156,126.22999572753906,52.87999725341797,0,63.459999084472656
2021-08-16 20:09:37,0,48,15.339999198913574,50.65999984741211,68.15999603271484,131.91000366210938,53.57999801635742,0,67.86000061035156
2021-08-16 20:24:01,0,51,15.75,48.5,71.87999725341797,143.77000427246094,52.82999801635742,0,63.279998779296875
2021-08-16 20:38:25,0,51,15.619999885559082,48.15999984741211,68.86000061035156,145.09999084472656,53.09000015258789,0,65.94999694824219
2021-08-16 20:52:49,0,48,15.34999942779541,49.87999725341797,72.40999603271484,135.22000122070312,53.77000045776367,0,62.84000015258789
2021-08-16 21:07:13,0,49.29999923706055,16.729999542236328,48.459999084472656,70.47999572753906,135.1199951171875,53.52000045776367,0,62.88999938964844
2021-08-16 21:21:37,0,47,15.219999313354492,50.82999801635742,67.44999694824219,164.1199951171875,52.72999954223633,0,73.19999694824219
2021-08-16 21:36:01,0,49.959999084472656,15.6899995803833,49.939998626708984,70.43000030517578,162.25,53.849998474121094,0,65.95999908447266
2021-08-16 21:50:25,0,47,15.380000114440918,47.30999755859375,68.1500015258789,143.87998962402344,52.81999969482422,0,62.64999771118164
2021-08-16 22:04:49,0,49.15999984741211,15.369999885559082,49.14999771118164,71.25,145.92999267578125,53.61000061035156,0,70.87999725341797
2021-08-16 22:19:13,0,47,16.219999313354492,47.18000030517578,66.22999572753906,129.5500030517578,52.77000045776367,0,62.1099967956543
2021-08-16 22:33:37,0,47,15.739999771118164,49.64999771118164,66.68000030517578,138.9499969482422,52.75,0,72.33000183105469
2021-08-16 22:48:01,0,49.22999954223633,16.34000015258789,45.90999984741211,69.37999725341797,156.94000244140625,53.75,0,61.29999923706055
2021-08-16 23:02:25,0,46,16.299999237060547,47.82999801635742,68.87999725341797,168.17999267578125,53.59000015258789,0,64.90999603271484
2021-08-16 23:16:49,0,49.689998626708984,15.6899995803833,46.20000076293945,66.3699951171875,147.0800018310547,52.62999725341797,0,61.38999938964844
2021-08-16 23:31:13,0,47,16.25,47.279998779296875,69.58999633789062,155.25999450683594,52.86000061035156,0,61.23999786376953
2021-08-16 23:45:37,0,50,15.670000076293945,45.5,66.72999572753906,165.87998962402344,53.34000015258789,0,64.1500015258789
2021-08-17 00:00:01,0,51.459999084472656,16.350000381469727,45.55999755859375,70.29999542236328,166.25,53.52000045776367,0,68.18999481201172
2021-08-17 00:14:25,0,48,15.829999923706055,47.5,66.19999694824219,143.42999267578125,52.75,0,61.05999755859375
2021-08-17 00:28:49,0,47,16.239999771118164,47.90999984741211,66.29999542236328,146.25999450683594,52.78999710083008,0,60.52000045776367
2021-08-17 00:43:13,0,50.11000061035156,15.630000114440918,45.62999725341797,69.22999572753906,163.1199951171875,53.64999771118164,0,63.78999710083008
2021-08-17 00:57:37,0,50.34000015258789,16.25,47.31999969482422,69.77999877929688,161.3699951171875,53.68000030517578,0,67.4000015258789
2021-08-17 01:12:01,0,47,15.25,45.57999801635742,65.58000183105469,135.12998962402344,52.69999694824219,0,60.78999710083008
2021-08-17 01:26:25,0,50,15.279999732971191,45.31999969482422,66.0199966430664,132.08999633789062,52.869998931884766,0,65.37999725341797
2021-08-17 01:40:49,0,47,15.609999656677246,47.209999084472656,69.38999938964844,141.11000061035156,53.93000030517578,0,60.71999740600586
2021-08-17 01:55:13,0,48.89999771118164,15.489999771118164,46.54999923706055,69.45999908447266,132.5399932861328,53.279998779296875,0,60.28999710083008
2021-08-17 02:09:37,0,44,13.519999504089355,45.15999984741211,65.06999969482422,113.06999969482422,54.47999954223633,0,63.529998779296875
2021-08-17 02:24:01,0,45.84000015258789,15.089999198913574,46.27000045776367,68.02999877929688,114.32999420166016,54.15999984741211,0,63.25
2021-08-17 02:38:25,0,43,15.519999504089355,44.939998626708984,65,110.11000061035156,54.939998626708984,0,60.23999786376953
2021-08-17 02:52:49,0,43,14.109999656677246,46.04999923706055,64.5,109.97000122070312,54.97999954223633,0,64.25
2021-08-17 03:07:13,0,45.78999710083008,15.84999942779541,44.459999084472656,67.72000122070312,142.77000427246094,37.70000076293945,0,60.2599983215332
2021-08-17 03:21:37,0,45.65999984741211,15.389999389648438,44.54999923706055,67.88999938964844,188.11000061035156,41.09000015258789,0,59.959999084472656
2021-08-17 03:36:01,0,43,14.969999313354492,46.61000061035156,64.75,137.2899932861328,53.18000030517578,0,62.54999923706055
2021-08-17 03:50:25,0,45.54999923706055,15.25999927520752,46.63999938964844,65.72000122070312,156.19000244140625,49.13999938964844,0,59.869998931884766
2021-08-17 04:04:49,0,42,14.9399995803833,44.77000045776367,67.76000213623047,140.38999938964844,45.369998931884766,0,62.98999786376953
2021-08-17 04:19:13,0,43,15.139999389648438,46.37999725341797,65.1500015258789,138.91000366210938,45.82999801635742,0,64.06999969482422
2021-08-17 04:33:37,0,44.939998626708984,14.920000076293945,44.90999984741211,67.2699966430664,125.98999786376953,42,0,60.16999816894531
2021-08-17 04:48:01,0,43,14.960000038146973,44.7599983215332,68.41999816894531,123.75999450683594,42.209999084472656,0,59.56999969482422
2021-08-17 05:02:25,0,46.23999786376953,15.219999313354492,46.349998474121094,64.9000015258789,136.0399932861328,44.95000076293945,0,62.77000045776367
2021-08-17 05:16:49,0,45.63999938964844,14.979999542236328,46.64999771118164,65.40999603271484,127.16999816894531,44.11000061035156,0,60.32999801635742
2021-08-17 05:31:13,0,43,16.219999313354492,45.11000061035156,68.1500015258789,138.52000427246094,45.84000015258789,0,64.97999572753906
2021-08-17 05:45:37,0,43.959999084472656,14.90999984741211,45.369998931884766,65.58000183105469,130.16000366210938,43.869998931884766,0,62.89999771118164
2021-08-17 06:00:01,0,49.90999984741211,15.479999542236328,47.73999786376953,69.23999786376953,147.30999755859375,47.70000076293945,0,59.98999786376953
2021-08-17 06:14:25,0,50.78999710083008,15.339999198913574,46.91999816894531,68.86000061035156,152.11000061035156,48.66999816894531,0,62.53999710083008
2021-08-17 06:28:49,0,48.61000061035156,15.5,48.82999801635742,66.20999908447266,144.70999145507812,47.18000030517578,0,50.82999801635742
2021-08-17 06:43:13,0,49,15.170000076293945,46.96999740600586,69.62999725341797,143.0500030517578,46.54999923706055,0,52
2021-08-17 06:57:37,0,52.22999954223633,17.549999237060547,50.53999710083008,66.20999908447266,151.52999877929688,49.41999816894531,0,64.3499984741211
2021-08-17 07:12:01,0,50,15.799999237060547,48.14999771118164,66.72000122070312,160.1199951171875,49.93000030517578,0,68.40999603271484
2021-08-17 07:26:25,0,52.349998474121094,16.389999389648438,51,70.41999816894531,142.8199920654297,46.25,0,60.16999816894531
2021-08-17 07:40:49,0,49,17.34000015258789,51.09000015258789,67.76000213623047,143.80999755859375,46.46999740600586,0,61.02000045776367
2021-08-17 07:55:13,0,51.62999725341797,15.75999927520752,47.87999725341797,71.0999984741211,158.26998901367188,50.48999786376953,0,71.11000061035156
2021-08-17 08:09:37,0,50,15.779999732971191,51.77000045776367,68.5,151.9499969482422,48.66999816894531,0,61.54999923706055
2021-08-17 08:24:01,0,52.189998626708984,17.779998779296875,48.37999725341797,71.76000213623047,168.34999084472656,51.41999816894531,0,65.27999877929688
2021-08-17 08:38:25,0,53.16999816894531,17.93000030517578,49.2599983215332,69.68999481201172,144.8000030517578,52.46999740600586,0,61.93000030517578
2021-08-17 08:52:49,0,49,16.059999465942383,51.0099983215332,73.8499984741211,281.3500061035156,41.02000045776367,0,69.95999908447266
2021-08-17 09:07:13,0,50,15.889999389648438,49.27000045776367,70.69999694824219,289.22998046875,42.36000061035156,0,62.1099967956543
2021-08-17 09:21:37,0,54.59000015258789,16.510000228881836,51.81999969482422,75.43000030517578,390.8299865722656,54.11000061035156,0,70.55999755859375
2021-08-17 09:36:01,0,53.06999969482422,15.880000114440918,50.05999755859375,70.77999877929688,331,52.439998626708984,0,62.97999954223633
2021-08-17 09:50:25,0,58.14999771118164,16.459999084472656,53.91999816894531,76.1500015258789,389.44000244140625,53.65999984741211,0,67.33999633789062
2021-08-17 10:04:49,0,53,16.520000457763672,50.5,72.66999816894531,340.8899841308594,53.369998931884766,0,63.71999740600586
2021-08-17 10:19:13,0,58.65999984741211,16.06999969482422,52.869998931884766,75.1500015258789,306.0099792480469,52.57999801635742,0,70.04999542236328
2021-08-17 10:33:37,0,58.12999725341797,24.510000228881836,51.69999694824219,72.44999694824219,326.22998046875,52.599998474121094,0,68.83999633789062
2021-08-17 10:48:01,0,53,15.929999351501465,53.94999694824219,76.40999603271484,341.7099914550781,53.22999954223633,0,64.01000213623047
2021-08-17 11:02:25,0,55,15.979999542236328,51.63999938964844,73.18999481201172,327.6300048828125,52.459999084472656,0,70.68999481201172
2021-08-17 11:16:49,0,59.80999755859375,16.579999923706055,53.98999786376953,77.1500015258789,350.66998291015625,53.32999801635742,0,64.79999542236328
2021-08-17 11:31:13,0,55,17.619998931884766,51.619998931884766,77.3699951171875,320.97998046875,53.46999740600586,0,64.54000091552734
2021-08-17 11:45:37,0,60,16.079999923706055,55.61000061035156,73.62999725341797,350.3999938964844,52.71999740600586,0,70.36000061035156
2021-08-17 12:00:01,0,57,17.489999771118164,53.7599983215332,73.47000122070312,354.3999938964844,53.71999740600586,0,64.69999694824219
2021-08-17 12:14:25,0,59.529998779296875,15.339999198913574,51.75,76.5199966430664,308.1399841308594,52.84000015258789,0,76.90999603271484
2021-08-17 12:28:49,0,59.71999740600586,15.75999927520752,53.91999816894531,73.97000122070312,313.4599914550781,52.69999694824219,0,75.69999694824219
2021-08-17 12:43:13,0,56,15.389999389648438,51.849998474121094,76.5199966430664,342.5899963378906,53.5,0,64.62999725341797
2021-08-17 12:57:37,0,56,15.109999656677246,55.34000015258789,72.6199951171875,348.3999938964844,53.56999969482422,0,64.56999969482422
2021-08-17 13:12:01,0,59.779998779296875,15.789999961853027,52.689998626708984,77.83000183105469,310.1000061035156,52.529998779296875,0,69.55999755859375
2021-08-17 13:26:25,0,58.53999710083008,15.6899995803833,54.12999725341797,74,309.72998046875,53.46999740600586,0,68.76000213623047
2021-08-17 13:40:49,0,55,15.1899995803833,51.529998779296875,77.47000122070312,330.8299865722656,52.7599983215332,0,65.22999572753906
2021-08-17 13:55:13,0,55.79999923706055,15.1899995803833,52.12999725341797,77.54000091552734,338.57000732421875,53.75,0,64.56999969482422
2021-08-17 14:09:37,0,58.5,15.75,55.96999740600586,74.08000183105469,313.8399963378906,52.88999938964844,0,72.73999786376953
2021-08-17 14:24:01,0,55,15.15999984741211,52.28999710083008,73.93999481201172,320.8599853515625,53.54999923706055,0,68.29000091552734
2021-08-17 14:38:25,0,57.19999694824219,15.6899995803833,55.71999740600586,78.29000091552734,340.989990234375,52.63999938964844,0,64.80999755859375
2021-08-17 14:52:49,0,57.69999694824219,15.359999656677246,54.62999725341797,77.2699966430664,342.3599853515625,52.98999786376953,0,65.47999572753906
2021-08-17 15:07:13,0,53,16.8799991607666,52.459999084472656,73.6500015258789,311,53.61000061035156,0,69.70999908447266
2021-08-17 15:21:37,0,54,15.299999237060547,55.28999710083008,77.83999633789062,327.30999755859375,52.939998626708984,0,65.20999908447266
2021-08-17 15:36:01,0,57,19.520000457763672,52.02000045776367,73.9000015258789,306.1399841308594,53.55999755859375,0,70.11000061035156
2021-08-17 15:50:25,0,56.64999771118164,17.69999885559082,54.87999725341797,76.91999816894531,307.97998046875,53.97999954223633,0,64.51000213623047
2021-08-17 16:04:49,0,54.98999786376953,18.489999771118164,51.90999984741211,73.41999816894531,361.3500061035156,51.43000030517578,0,75.25
2021-08-17 16:19:13,0,56,18.489999771118164,51.30999755859375,73.45999908447266,350.1000061035156,47.81999969482422,0,67.70999908447266
2021-08-17 16:33:37,0,53,17.85999870300293,55.02000045776367,77.79999542236328,318.8699951171875,51.03999710083008,0,64.47999572753906
2021-08-17 16:48:01,0,56,18.329999923706055,54.599998474121094,78.77999877929688,331.989990234375,47.75,0,68.66999816894531
2021-08-17 17:02:25,0,53,17.729999542236328,51.099998474121094,74.86000061035156,314.1199951171875,50.56999969482422,0,64.27999877929688
2021-08-17 17:16:49,0,54,17.6299991607666,55.87999725341797,77.3499984741211,312.6399841308594,47.20000076293945,0,69.31999969482422
2021-08-17 17:31:13,0,56.06999969482422,18.309999465942383,50.88999938964844,74.73999786376953,337.72998046875,51.54999923706055,0,63.78999710083008
2021-08-17 17:45:37,0,53,19.56999969482422,53.599998474121094,77.48999786376953,354.6399841308594,52.80999755859375,0,68.38999938964844
2021-08-17 18:00:01,0,55.59000015258789,18.010000228881836,49.87999725341797,73.29000091552734,332.0099792480469,49.14999771118164,0,63.47999954223633
2021-08-17 18:14:25,0,56,18.309999465942383,49.37999725341797,75.83000183105469,363.41998291015625,48.88999938964844,0,71.44999694824219
2021-08-17 18:28:49,0,52.86000061035156,20.299999237060547,52.88999938964844,73.5999984741211,326.1199951171875,52.97999954223633,0,63.21999740600586
2021-08-17 18:43:13,0,52,19.06999969482422,50.77000045776367,74.97999572753906,331.7200012207031,49.5099983215332,0,65.55999755859375
2021-08-17 18:57:37,0,56.05999755859375,18.75,49.279998779296875,72.3499984741211,355.29998779296875,53.46999740600586,0,62.44999694824219
2021-08-17 19:12:01,0,55,20.189998626708984,47.80999755859375,75.56999969482422,334.6199951171875,50.29999923706055,0,62.25
2021-08-17 19:26:25,0,52.61000061035156,18.649999618530273,51.13999938964844,70.20999908447266,384.47998046875,54.5,0,66.20999908447266
2021-08-17 19:40:49,0,54.88999938964844,18.979999542236328,51.11000061035156,72.2699966430664,361.94000244140625,54.2599983215332,0,72.94999694824219
2021-08-17 19:55:13,0,53,18.25,48.599998474121094,68.15999603271484,385.239990234375,57.32999801635742,0,62.13999938964844
2021-08-17 20:09:37,0,53,18.939998626708984,48.23999786376953,72.37999725341797,363.5899963378906,56.849998474121094,0,66.4000015258789
2021-08-17 20:24:01,0,55.39999771118164,18.309999465942383,52.21999740600586,68.45999908447266,341.69000244140625,52.099998474121094,0,62.12999725341797
2021-08-17 20:38:25,0,55,18.93000030517578,48.5,67.2699966430664,343.28997802734375,52.40999984741211,0,72.80999755859375
2021-08-17 20:52:49,0,52.779998779296875,18.119998931884766,51.15999984741211,70.93000030517578,373.8599853515625,55.82999801635742,0,62.369998931884766
2021-08-17 21:07:13,0,52,17.739999771118164,47.68000030517578,71.8699951171875,365.6000061035156,57.14999771118164,0,64.8499984741211
2021-08-17 21:21:37,0,54,18.420000076293945,49.61000061035156,68.80999755859375,386.16998291015625,53.15999984741211,0,61.57999801635742
2021-08-17 21:36:01,0,52,17.719999313354492,49.70000076293945,71.70999908447266,364.7200012207031,52.459999084472656,0,61.81999969482422
2021-08-17 21:50:25,0,54.41999816894531,18.489999771118164,47.25,68.11000061035156,388.6199951171875,53.63999938964844,0,64.93000030517578
2021-08-17 22:04:49,0,55.73999786376953,18.479999542236328,46.87999725341797,68.08000183105469,386.47998046875,52.73999786376953,0,64.27999877929688
2021-08-17 22:19:13,0,53,17.81999969482422,48.81999969482422,71.33999633789062,364.78997802734375,53.61000061035156,0,61.32999801635742
2021-08-17 22:33:37,0,52,18.670000076293945,48.86000061035156,67.58999633789062,361.6199951171875,53.55999755859375,0,66.26000213623047
2021-08-17 22:48:01,0,54.75,18.149999618530273,46.36000061035156,71.06999969482422,375.22998046875,52.65999984741211,0,61.02000045776367
2021-08-17 23:02:25,0,52,18.510000228881836,45.78999710083008,67.79999542236328,375.3299865722656,53.43000030517578,0,63.849998474121094
2021-08-17 23:16:49,0,54.21999740600586,17.719999313354492,47.75,71.83000183105469,359.2799987792969,52.7599983215332,0,61.119998931884766
2021-08-17 23:31:13,0,55.18000030517578,18.260000228881836,47.29999923706055,69.58999633789062,369.05999755859375,53.69999694824219,0,60.77000045776367
2021-08-17 23:45:37,0,52,17.670000076293945,45.029998779296875,73.54999542236328,333.0199890136719,52.91999816894531,0,70.5199966430664
2021-08-18 00:00:01,0,52,18.1299991607666,45.29999923706055,70.3699951171875,336.1399841308594,53.04999923706055,0,63.13999938964844