Percentage,P On Campus [MW] ,Q On Campus [MVAR] ,P Off Campus [MW],Q Off Campus [MVAR],P Output [MW],Q Output [MVAR]
1,14.070,4.625,2.483,0.816,16.498,4.277
0.999,14.056,4.620,2.481,0.815,16.498,4.277
0.998,14.042,4.615,2.478,0.814,16.498,4.277
0.997,14.028,4.611,2.476,0.814,16.498,4.277
0.996,14.014,4.606,2.473,0.813,16.498,4.277
0.995,14.000,4.601,2.471,0.812,16.386,4.294
0.994,13.986,4.597,2.468,0.811,16.386,4.294
0.993,13.972,4.592,2.466,0.810,16.386,4.294
0.992,13.957,4.588,2.463,0.810,16.386,4.294
0.991,13.943,4.583,2.461,0.809,16.386,4.294
0.99,13.929,4.578,2.458,0.808,16.332,4.306
0.989,13.915,4.574,2.456,0.807,16.332,4.306
0.988,13.901,4.569,2.453,0.806,16.332,4.306
0.987,13.887,4.564,2.451,0.806,16.332,4.306
0.986,13.873,4.560,2.448,0.805,16.332,4.306
0.985,13.859,4.555,2.446,0.804,16.332,4.306
0.984,13.845,4.551,2.443,0.803,16.332,4.306
0.983,13.831,4.546,2.441,0.802,16.19,4.33
0.982,13.817,4.541,2.438,0.801,16.094,4.339
0.981,13.803,4.537,2.436,0.801,16.094,4.339
0.98,13.789,4.532,2.433,0.800,16.094,4.339
0.979,13.775,4.527,2.431,0.799,16.094,4.339
0.978,13.760,4.523,2.428,0.798,16.094,4.339
0.977,13.746,4.518,2.426,0.797,16.094,4.339
0.976,13.732,4.514,2.423,0.797,16.094,4.339
0.975,13.718,4.509,2.421,0.796,16.094,4.339
0.974,13.704,4.504,2.418,0.795,16.094,4.339
0.973,13.690,4.500,2.416,0.794,16.094,4.339
0.972,13.676,4.495,2.413,0.793,16.094,4.339
0.971,13.662,4.490,2.411,0.792,16.094,4.339
0.97,13.648,4.486,2.409,0.792,16.056,4.357
0.969,13.634,4.481,2.406,0.791,16.056,4.357
0.968,13.620,4.477,2.404,0.790,16.056,4.357
0.967,13.606,4.472,2.401,0.789,16.056,4.357
0.966,13.592,4.467,2.399,0.788,16.056,4.357
0.965,13.578,4.463,2.396,0.788,16.056,4.357
0.964,13.563,4.458,2.394,0.787,16.056,4.357
0.963,13.549,4.453,2.391,0.786,16.056,4.357
0.962,13.535,4.449,2.389,0.785,16.056,4.357
0.961,13.521,4.444,2.386,0.784,16.056,4.357
0.96,13.507,4.440,2.384,0.783,15.865,4.387
0.959,13.493,4.435,2.381,0.783,15.865,4.387
0.958,13.479,4.430,2.379,0.782,15.865,4.387
0.957,13.465,4.426,2.376,0.781,15.865,4.387
0.956,13.451,4.421,2.374,0.780,15.865,4.387
0.955,13.437,4.416,2.371,0.779,15.865,4.387
0.954,13.423,4.412,2.369,0.779,15.865,4.387
0.953,13.409,4.407,2.366,0.778,15.865,4.387
0.952,13.395,4.403,2.364,0.777,15.865,4.387
0.951,13.381,4.398,2.361,0.776,15.865,4.387
0.95,13.367,4.393,2.359,0.775,15.701,4.4414
0.949,13.352,4.389,2.356,0.775,15.738,4.413
0.948,13.338,4.384,2.354,0.774,15.738,4.413
0.947,13.324,4.379,2.351,0.773,15.738,4.413
0.946,13.310,4.375,2.349,0.772,15.738,4.413
0.945,13.296,4.370,2.346,0.771,15.738,4.413
0.944,13.282,4.366,2.344,0.770,15.738,4.413
0.943,13.268,4.361,2.341,0.770,15.738,4.413
0.942,13.254,4.356,2.339,0.769,15.738,4.413
0.941,13.240,4.352,2.337,0.768,15.738,4.413
0.94,13.226,4.347,2.334,0.767,15.536,4.442
0.939,13.212,4.342,2.332,0.766,15.536,4.442
0.938,13.198,4.338,2.329,0.766,15.536,4.442
0.937,13.184,4.333,2.327,0.765,15.536,4.442
0.936,13.170,4.329,2.324,0.764,15.536,4.442
0.935,13.155,4.324,2.322,0.763,15.536,4.442
0.934,13.141,4.319,2.319,0.762,15.536,4.442
0.933,13.127,4.315,2.317,0.761,15.536,4.442
0.932,13.113,4.310,2.314,0.761,15.536,4.442
0.931,13.099,4.305,2.312,0.760,15.536,4.442
0.93,13.085,4.301,2.309,0.759,15.37,4.47
0.929,13.071,4.296,2.307,0.758,15.37,4.47
0.928,13.057,4.292,2.304,0.757,15.37,4.47
0.927,13.043,4.287,2.302,0.757,15.37,4.47
0.926,13.029,4.282,2.299,0.756,15.37,4.47
0.925,13.015,4.278,2.297,0.755,15.37,4.47
0.924,13.001,4.273,2.294,0.754,15.37,4.47
0.923,12.987,4.268,2.292,0.753,15.37,4.47
0.922,12.973,4.264,2.289,0.752,15.37,4.47
0.921,12.958,4.259,2.287,0.752,15.37,4.47
0.92,12.944,4.255,2.284,0.751,15.181,4.578
0.919,12.930,4.250,2.282,0.750,15.181,4.578
0.918,12.916,4.245,2.279,0.749,15.181,4.578
0.917,12.902,4.241,2.277,0.748,15.181,4.578
0.916,12.888,4.236,2.274,0.748,15.181,4.578
0.915,12.874,4.231,2.272,0.747,15.181,4.578
0.914,12.860,4.227,2.269,0.746,15.181,4.578
0.913,12.846,4.222,2.267,0.745,15.181,4.578
0.912,12.832,4.218,2.264,0.744,15.181,4.578
0.911,12.818,4.213,2.262,0.743,15.181,4.578
0.91,12.804,4.208,2.260,0.743,15.018,4.526
0.909,12.790,4.204,2.257,0.742,15.018,4.526
0.908,12.776,4.199,2.255,0.741,15.018,4.526
0.907,12.761,4.194,2.252,0.740,15.018,4.526
0.906,12.747,4.190,2.250,0.739,15.018,4.526
0.905,12.733,4.185,2.247,0.739,15.018,4.526
0.904,12.719,4.181,2.245,0.738,15.018,4.526
0.903,12.705,4.176,2.242,0.737,15.018,4.526
0.902,12.691,4.171,2.240,0.736,15.018,4.526
0.901,12.677,4.167,2.237,0.735,15.018,4.526
0.9,12.663,4.162,2.235,0.735,14.968,4.545
0.899,12.649,4.158,2.232,0.734,14.968,4.545
0.898,12.635,4.153,2.230,0.733,14.968,4.545
0.897,12.621,4.148,2.227,0.732,14.968,4.545
0.896,12.607,4.144,2.225,0.731,14.968,4.545
0.895,12.593,4.139,2.222,0.730,14.968,4.545
0.894,12.579,4.134,2.220,0.730,14.968,4.545
0.893,12.565,4.130,2.217,0.729,14.968,4.545
0.892,12.550,4.125,2.215,0.728,14.968,4.545
0.891,12.536,4.121,2.212,0.727,14.968,4.545
0.89,12.522,4.116,2.210,0.726,14.688,4.581
0.889,12.508,4.111,2.207,0.726,14.688,4.581
0.888,12.494,4.107,2.205,0.725,14.688,4.581
0.887,12.480,4.102,2.202,0.724,14.688,4.581
0.886,12.466,4.097,2.200,0.723,14.688,4.581
0.885,12.452,4.093,2.197,0.722,14.688,4.581
0.884,12.438,4.088,2.195,0.721,14.688,4.581
0.883,12.424,4.084,2.192,0.721,14.688,4.581
0.882,12.410,4.079,2.190,0.720,14.688,4.581
0.881,12.396,4.074,2.188,0.719,14.688,4.581
0.88,12.382,4.070,2.185,0.718,14.549,4.606
0.879,12.368,4.065,2.183,0.717,14.549,4.606
0.878,12.353,4.060,2.180,0.717,14.549,4.606
0.877,12.339,4.056,2.178,0.716,14.549,4.606
0.876,12.325,4.051,2.175,0.715,14.549,4.606
0.875,12.311,4.047,2.173,0.714,14.549,4.606
0.874,12.297,4.042,2.170,0.713,14.549,4.606
0.873,12.283,4.037,2.168,0.712,14.549,4.606
0.872,12.269,4.033,2.165,0.712,14.549,4.606
0.871,12.255,4.028,2.163,0.711,14.549,4.606
0.87,12.241,4.023,2.160,0.710,14.384,4.634
0.869,12.227,4.019,2.158,0.709,14.384,4.634
0.868,12.213,4.014,2.155,0.708,14.384,4.634
0.867,12.199,4.010,2.153,0.708,14.384,4.634
0.866,12.185,4.005,2.150,0.707,14.384,4.634
0.865,12.171,4.000,2.148,0.706,14.384,4.634
0.864,12.156,3.996,2.145,0.705,14.384,4.634
0.863,12.142,3.991,2.143,0.704,14.384,4.634
0.862,12.128,3.986,2.140,0.703,14.384,4.634
0.861,12.114,3.982,2.138,0.703,14.384,4.634
0.86,12.100,3.977,2.135,0.702,14.219,4.661
0.859,12.086,3.973,2.133,0.701,14.219,4.661
0.858,12.072,3.968,2.130,0.700,14.219,4.661
0.857,12.058,3.963,2.128,0.699,14.219,4.661
0.856,12.044,3.959,2.125,0.699,14.219,4.661
0.855,12.030,3.954,2.123,0.698,14.219,4.661
0.854,12.016,3.949,2.120,0.697,14.219,4.661
0.853,12.002,3.945,2.118,0.696,14.219,4.661
0.852,11.988,3.940,2.116,0.695,14.219,4.661
0.851,11.974,3.936,2.113,0.695,14.219,4.661
0.85,11.960,3.931,2.111,0.694,14.055,4.688
0.849,11.945,3.926,2.108,0.693,14.055,4.688
0.848,11.931,3.922,2.106,0.692,14.055,4.688
0.847,11.917,3.917,2.103,0.691,14.055,4.688
0.846,11.903,3.912,2.101,0.690,14.055,4.688
0.845,11.889,3.908,2.098,0.690,14.055,4.688
0.844,11.875,3.903,2.096,0.689,14.055,4.688
0.843,11.861,3.899,2.093,0.688,14.055,4.688
0.842,11.847,3.894,2.091,0.687,14.055,4.688
0.841,11.833,3.889,2.088,0.686,14.055,4.688
0.84,11.819,3.885,2.086,0.686,13.89,4.716
0.839,11.805,3.880,2.083,0.685,13.89,4.716
0.838,11.791,3.875,2.081,0.684,13.89,4.716
0.837,11.777,3.871,2.078,0.683,13.89,4.716
0.836,11.763,3.866,2.076,0.682,13.89,4.716
0.835,11.748,3.862,2.073,0.681,13.89,4.716
0.834,11.734,3.857,2.071,0.681,13.89,4.716
0.833,11.720,3.852,2.068,0.680,13.89,4.716
0.832,11.706,3.848,2.066,0.679,13.89,4.716
0.831,11.692,3.843,2.063,0.678,13.89,4.716
0.83,11.678,3.838,2.061,0.677,13.725,4.743
0.829,11.664,3.834,2.058,0.677,13.725,4.743
0.828,11.650,3.829,2.056,0.676,13.725,4.743
0.827,11.636,3.825,2.053,0.675,13.725,4.743
0.826,11.622,3.820,2.051,0.674,13.725,4.743
0.825,11.608,3.815,2.048,0.673,13.725,4.743
0.824,11.594,3.811,2.046,0.672,13.725,4.743
0.823,11.580,3.806,2.044,0.672,13.725,4.743
0.822,11.566,3.801,2.041,0.671,13.725,4.743
0.821,11.551,3.797,2.039,0.670,13.725,4.743
0.82,11.537,3.792,2.036,0.669,13.56,4.77
0.819,11.523,3.788,2.034,0.668,13.56,4.77
0.818,11.509,3.783,2.031,0.668,13.56,4.77
0.817,11.495,3.778,2.029,0.667,13.56,4.77
0.816,11.481,3.774,2.026,0.666,13.56,4.77
0.815,11.467,3.769,2.024,0.665,13.56,4.77
0.814,11.453,3.764,2.021,0.664,13.56,4.77
0.813,11.439,3.760,2.019,0.664,13.56,4.77
0.812,11.425,3.755,2.016,0.663,13.56,4.77
0.811,11.411,3.751,2.014,0.662,13.56,4.77
0.81,11.397,3.746,2.011,0.661,13.396,4.797
0.809,11.383,3.741,2.009,0.660,13.396,4.797
0.808,11.369,3.737,2.006,0.659,13.396,4.797
0.807,11.354,3.732,2.004,0.659,13.396,4.797
0.806,11.340,3.727,2.001,0.658,13.396,4.797
0.805,11.326,3.723,1.999,0.657,13.396,4.797
0.804,11.312,3.718,1.996,0.656,13.396,4.797
0.803,11.298,3.714,1.994,0.655,13.396,4.797
0.802,11.284,3.709,1.991,0.655,13.396,4.797
0.801,11.270,3.704,1.989,0.654,13.396,4.797
0.8,11.256,3.700,1.986,0.653,13.231,4.824
0.799,11.242,3.695,1.984,0.652,13.231,4.824
0.798,11.228,3.690,1.981,0.651,13.231,4.824
0.797,11.214,3.686,1.979,0.650,13.231,4.824
0.796,11.200,3.681,1.976,0.650,13.231,4.824
0.795,11.186,3.677,1.974,0.649,13.231,4.824
0.794,11.172,3.672,1.972,0.648,13.231,4.824
0.793,11.158,3.667,1.969,0.647,13.231,4.824
0.792,11.143,3.663,1.967,0.646,13.231,4.824
0.791,11.129,3.658,1.964,0.646,13.231,4.824
0.79,11.115,3.653,1.962,0.645,13.066,4.851
0.789,11.101,3.649,1.959,0.644,13.066,4.851
0.788,11.087,3.644,1.957,0.643,13.066,4.851
0.787,11.073,3.640,1.954,0.642,13.066,4.851
0.786,11.059,3.635,1.952,0.641,13.066,4.851
0.785,11.045,3.630,1.949,0.641,13.066,4.851
0.784,11.031,3.626,1.947,0.640,13.066,4.851
0.783,11.017,3.621,1.944,0.639,13.066,4.851
0.782,11.003,3.616,1.942,0.638,13.066,4.851
0.781,10.989,3.612,1.939,0.637,13.066,4.851
0.78,10.975,3.607,1.937,0.637,12.903,4.878
0.779,10.961,3.603,1.934,0.636,12.903,4.878
0.778,10.946,3.598,1.932,0.635,12.903,4.878
0.777,10.932,3.593,1.929,0.634,12.903,4.878
0.776,10.918,3.589,1.927,0.633,12.903,4.878
0.775,10.904,3.584,1.924,0.632,12.903,4.878
0.774,10.890,3.579,1.922,0.632,12.903,4.878
0.773,10.876,3.575,1.919,0.631,12.903,4.878
0.772,10.862,3.570,1.917,0.630,12.903,4.878
0.771,10.848,3.566,1.914,0.629,12.903,4.878
0.77,10.834,3.561,1.912,0.628,12.738,4.905
0.769,10.820,3.556,1.909,0.628,12.738,4.905
0.768,10.806,3.552,1.907,0.627,12.738,4.905
0.767,10.792,3.547,1.904,0.626,12.738,4.905
0.766,10.778,3.542,1.902,0.625,12.738,4.905
0.765,10.764,3.538,1.899,0.624,12.738,4.905
0.764,10.749,3.533,1.897,0.624,12.738,4.905
0.763,10.735,3.529,1.895,0.623,12.738,4.905
0.762,10.721,3.524,1.892,0.622,12.738,4.905
0.761,10.707,3.519,1.890,0.621,12.738,4.905
0.76,10.693,3.515,1.887,0.620,12.572,4.932
0.759,10.679,3.510,1.885,0.619,12.572,4.932
0.758,10.665,3.505,1.882,0.619,12.572,4.932
0.757,10.651,3.501,1.880,0.618,12.572,4.932
0.756,10.637,3.496,1.877,0.617,12.572,4.932
0.755,10.623,3.492,1.875,0.616,12.572,4.932
0.754,10.609,3.487,1.872,0.615,12.572,4.932
0.753,10.595,3.482,1.870,0.615,12.572,4.932
0.752,10.581,3.478,1.867,0.614,12.572,4.932
0.751,10.567,3.473,1.865,0.613,12.572,4.932
0.75,10.553,3.468,1.862,0.612,12.383,4.959
0.749,10.538,3.464,1.860,0.611,12.383,4.959
0.748,10.524,3.459,1.857,0.610,12.383,4.959
0.747,10.510,3.455,1.855,0.610,12.383,4.959
0.746,10.496,3.450,1.852,0.609,12.383,4.959
0.745,10.482,3.445,1.850,0.608,12.383,4.959
0.744,10.468,3.441,1.847,0.607,12.383,4.959
0.743,10.454,3.436,1.845,0.606,12.383,4.959
0.742,10.440,3.431,1.842,0.606,12.383,4.959
0.741,10.426,3.427,1.840,0.605,12.383,4.959
0.74,10.412,3.422,1.837,0.604,12.243,4.986
0.739,10.398,3.418,1.835,0.603,12.243,4.986
0.738,10.384,3.413,1.832,0.602,12.243,4.986
0.737,10.370,3.408,1.830,0.601,12.243,4.986
0.736,10.356,3.404,1.827,0.601,12.243,4.986
0.735,10.341,3.399,1.825,0.600,12.243,4.986
0.734,10.327,3.394,1.823,0.599,12.243,4.986
0.733,10.313,3.390,1.820,0.598,12.243,4.986
0.732,10.299,3.385,1.818,0.597,12.243,4.986
0.731,10.285,3.381,1.815,0.597,12.243,4.986
0.73,10.271,3.376,1.813,0.596,12.078,5.013
0.729,10.257,3.371,1.810,0.595,12.078,5.013
0.728,10.243,3.367,1.808,0.594,12.078,5.013
0.727,10.229,3.362,1.805,0.593,12.078,5.013
0.726,10.215,3.357,1.803,0.593,12.078,5.013
0.725,10.201,3.353,1.800,0.592,12.078,5.013
0.724,10.187,3.348,1.798,0.591,12.078,5.013
0.723,10.173,3.344,1.795,0.590,12.078,5.013
0.722,10.159,3.339,1.793,0.589,12.078,5.013
0.721,10.144,3.334,1.790,0.588,12.078,5.013
0.72,10.130,3.330,1.788,0.588,11.914,5.04
0.719,10.116,3.325,1.785,0.587,11.914,5.04
0.718,10.102,3.320,1.783,0.586,11.914,5.04
0.717,10.088,3.316,1.780,0.585,11.914,5.04
0.716,10.074,3.311,1.778,0.584,11.914,5.04
0.715,10.060,3.307,1.775,0.584,11.914,5.04
0.714,10.046,3.302,1.773,0.583,11.914,5.04
0.713,10.032,3.297,1.770,0.582,11.914,5.04
0.712,10.018,3.293,1.768,0.581,11.914,5.04
0.711,10.004,3.288,1.765,0.580,11.914,5.04
0.71,9.990,3.283,1.763,0.579,11.724,5.068
0.709,9.976,3.279,1.760,0.579,11.724,5.068
0.708,9.962,3.274,1.758,0.578,11.724,5.068
0.707,9.947,3.270,1.755,0.577,11.724,5.068
0.706,9.933,3.265,1.753,0.576,11.724,5.068
0.705,9.919,3.260,1.751,0.575,11.724,5.068
0.704,9.905,3.256,1.748,0.575,11.724,5.068
0.703,9.891,3.251,1.746,0.574,11.724,5.068
0.702,9.877,3.246,1.743,0.573,11.724,5.068
0.701,9.863,3.242,1.741,0.572,11.724,5.068
0.7,9.849,3.237,1.738,0.571,11.609,5.091
0.699,9.835,3.233,1.736,0.570,11.609,5.091
0.698,9.821,3.228,1.733,0.570,11.609,5.091
0.697,9.807,3.223,1.731,0.569,11.609,5.091
0.696,9.793,3.219,1.728,0.568,11.609,5.091
0.695,9.779,3.214,1.726,0.567,11.609,5.091
0.694,9.765,3.209,1.723,0.566,11.609,5.091
0.693,9.751,3.205,1.721,0.566,11.609,5.091
0.692,9.736,3.200,1.718,0.565,11.609,5.091
0.691,9.722,3.196,1.716,0.564,11.609,5.091
0.69,9.708,3.191,1.713,0.563,11.419,5.12
0.689,9.694,3.186,1.711,0.562,11.419,5.12
0.688,9.680,3.182,1.708,0.561,11.419,5.12
0.687,9.666,3.177,1.706,0.561,11.419,5.12
0.686,9.652,3.172,1.703,0.560,11.419,5.12
0.685,9.638,3.168,1.701,0.559,11.419,5.12
0.684,9.624,3.163,1.698,0.558,11.419,5.12
0.683,9.610,3.159,1.696,0.557,11.419,5.12
0.682,9.596,3.154,1.693,0.557,11.419,5.12
0.681,9.582,3.149,1.691,0.556,11.419,5.12
0.68,9.568,3.145,1.688,0.555,11.255,5.146
0.679,9.554,3.140,1.686,0.554,11.255,5.146
0.678,9.539,3.135,1.683,0.553,11.255,5.146
0.677,9.525,3.131,1.681,0.553,11.255,5.146
0.676,9.511,3.126,1.679,0.552,11.255,5.146
0.675,9.497,3.122,1.676,0.551,11.255,5.146
0.674,9.483,3.117,1.674,0.550,11.255,5.146
0.673,9.469,3.112,1.671,0.549,11.255,5.146
0.672,9.455,3.108,1.669,0.548,11.255,5.146
0.671,9.441,3.103,1.666,0.548,11.255,5.146
0.67,9.427,3.098,1.664,0.547,11.089,5.173
0.669,9.413,3.094,1.661,0.546,11.089,5.173
0.668,9.399,3.089,1.659,0.545,11.089,5.173
0.667,9.385,3.085,1.656,0.544,11.089,5.173
0.666,9.371,3.080,1.654,0.544,11.089,5.173
0.665,9.357,3.075,1.651,0.543,11.089,5.173
0.664,9.342,3.071,1.649,0.542,11.089,5.173
0.663,9.328,3.066,1.646,0.541,11.089,5.173
0.662,9.314,3.061,1.644,0.540,11.089,5.173
0.661,9.300,3.057,1.641,0.539,11.089,5.173
0.66,9.286,3.052,1.639,0.539,10.925,5.2
0.659,9.272,3.048,1.636,0.538,10.925,5.2
0.658,9.258,3.043,1.634,0.537,10.925,5.2
0.657,9.244,3.038,1.631,0.536,10.925,5.2
0.656,9.230,3.034,1.629,0.535,10.925,5.2
0.655,9.216,3.029,1.626,0.535,10.925,5.2
0.654,9.202,3.024,1.624,0.534,10.925,5.2
0.653,9.188,3.020,1.621,0.533,10.925,5.2
0.652,9.174,3.015,1.619,0.532,10.925,5.2
0.651,9.160,3.011,1.616,0.531,10.925,5.2
0.65,9.146,3.006,1.614,0.530,10.761,5.226
0.649,9.131,3.001,1.611,0.530,10.761,5.226
0.648,9.117,2.997,1.609,0.529,10.761,5.226
0.647,9.103,2.992,1.607,0.528,10.761,5.226
0.646,9.089,2.987,1.604,0.527,10.761,5.226
0.645,9.075,2.983,1.602,0.526,10.761,5.226
0.644,9.061,2.978,1.599,0.526,10.761,5.226
0.643,9.047,2.974,1.597,0.525,10.761,5.226
0.642,9.033,2.969,1.594,0.524,10.761,5.226
0.641,9.019,2.964,1.592,0.523,10.761,5.226
0.64,9.005,2.960,1.589,0.522,10.596,5.253
0.639,8.991,2.955,1.587,0.522,10.596,5.253
0.638,8.977,2.950,1.584,0.521,10.596,5.253
0.637,8.963,2.946,1.582,0.520,10.596,5.253
0.636,8.949,2.941,1.579,0.519,10.596,5.253
0.635,8.934,2.937,1.577,0.518,10.596,5.253
0.634,8.920,2.932,1.574,0.517,10.596,5.253
0.633,8.906,2.927,1.572,0.517,10.596,5.253
0.632,8.892,2.923,1.569,0.516,10.596,5.253
0.631,8.878,2.918,1.567,0.515,10.596,5.253
0.63,8.864,2.913,1.564,0.514,10.43,5.279
0.629,8.850,2.909,1.562,0.513,10.43,5.279
0.628,8.836,2.904,1.559,0.513,10.43,5.279
0.627,8.822,2.900,1.557,0.512,10.43,5.279
0.626,8.808,2.895,1.554,0.511,10.43,5.279
0.625,8.794,2.890,1.552,0.510,10.43,5.279
0.624,8.780,2.886,1.549,0.509,10.43,5.279
0.623,8.766,2.881,1.547,0.508,10.43,5.279
0.622,8.752,2.876,1.544,0.508,10.43,5.279
0.621,8.737,2.872,1.542,0.507,10.43,5.279
0.62,8.723,2.867,1.539,0.506,10.265,5.306
0.619,8.709,2.863,1.537,0.505,10.265,5.306
0.618,8.695,2.858,1.534,0.504,10.265,5.306
0.617,8.681,2.853,1.532,0.504,10.265,5.306
0.616,8.667,2.849,1.530,0.503,10.265,5.306
0.615,8.653,2.844,1.527,0.502,10.265,5.306
0.614,8.639,2.839,1.525,0.501,10.265,5.306
0.613,8.625,2.835,1.522,0.500,10.265,5.306
0.612,8.611,2.830,1.520,0.499,10.265,5.306
0.611,8.597,2.826,1.517,0.499,10.265,5.306
0.61,8.583,2.821,1.515,0.498,10.101,5.332
0.609,8.569,2.816,1.512,0.497,10.101,5.332
0.608,8.555,2.812,1.510,0.496,10.101,5.332
0.607,8.540,2.807,1.507,0.495,10.101,5.332
0.606,8.526,2.802,1.505,0.495,10.101,5.332
0.605,8.512,2.798,1.502,0.494,10.101,5.332
0.604,8.498,2.793,1.500,0.493,10.101,5.332
0.603,8.484,2.789,1.497,0.492,10.101,5.332
0.602,8.470,2.784,1.495,0.491,10.101,5.332
0.601,8.456,2.779,1.492,0.490,10.101,5.332
0.6,8.442,2.775,1.490,0.490,9.936,5.359
0.599,8.428,2.770,1.487,0.489,9.936,5.359
0.598,8.414,2.766,1.485,0.488,9.936,5.359
0.597,8.400,2.761,1.482,0.487,9.936,5.359
0.596,8.386,2.756,1.480,0.486,9.936,5.359
0.595,8.372,2.752,1.477,0.486,9.936,5.359
0.594,8.358,2.747,1.475,0.485,9.936,5.359
0.593,8.344,2.742,1.472,0.484,9.936,5.359
0.592,8.329,2.738,1.470,0.483,9.936,5.359
0.591,8.315,2.733,1.467,0.482,9.936,5.359
0.59,8.301,2.729,1.465,0.482,9.771,5.385
0.589,8.287,2.724,1.462,0.481,9.771,5.385
0.588,8.273,2.719,1.460,0.480,9.771,5.385
0.587,8.259,2.715,1.458,0.479,9.771,5.385
0.586,8.245,2.710,1.455,0.478,9.771,5.385
0.585,8.231,2.705,1.453,0.477,9.771,5.385
0.584,8.217,2.701,1.450,0.477,9.771,5.385
0.583,8.203,2.696,1.448,0.476,9.771,5.385
0.582,8.189,2.692,1.445,0.475,9.771,5.385
0.581,8.175,2.687,1.443,0.474,9.771,5.385
0.58,8.161,2.682,1.440,0.473,9.607,5.411
0.579,8.147,2.678,1.438,0.473,9.607,5.411
0.578,8.132,2.673,1.435,0.472,9.607,5.411
0.577,8.118,2.668,1.433,0.471,9.607,5.411
0.576,8.104,2.664,1.430,0.470,9.607,5.411
0.575,8.090,2.659,1.428,0.469,9.607,5.411
0.574,8.076,2.655,1.425,0.468,9.607,5.411
0.573,8.062,2.650,1.423,0.468,9.607,5.411
0.572,8.048,2.645,1.420,0.467,9.607,5.411
0.571,8.034,2.641,1.418,0.466,9.607,5.411
0.57,8.020,2.636,1.415,0.465,9.441,5.438
0.569,8.006,2.631,1.413,0.464,9.441,5.438
0.568,7.992,2.627,1.410,0.464,9.441,5.438
0.567,7.978,2.622,1.408,0.463,9.441,5.438
0.566,7.964,2.618,1.405,0.462,9.441,5.438
0.565,7.950,2.613,1.403,0.461,9.441,5.438
0.564,7.935,2.608,1.400,0.460,9.441,5.438
0.563,7.921,2.604,1.398,0.459,9.441,5.438
0.562,7.907,2.599,1.395,0.459,9.441,5.438
0.561,7.893,2.594,1.393,0.458,9.441,5.438
0.56,7.879,2.590,1.390,0.457,9.276,5.464
0.559,7.865,2.585,1.388,0.456,9.276,5.464
0.558,7.851,2.581,1.386,0.455,9.276,5.464
0.557,7.837,2.576,1.383,0.455,9.276,5.464
0.556,7.823,2.571,1.381,0.454,9.276,5.464
0.555,7.809,2.567,1.378,0.453,9.276,5.464
0.554,7.795,2.562,1.376,0.452,9.276,5.464
0.553,7.781,2.557,1.373,0.451,9.276,5.464
0.552,7.767,2.553,1.371,0.450,9.276,5.464
0.551,7.753,2.548,1.368,0.450,9.276,5.464
0.55,7.738,2.544,1.366,0.449,9.11,5.49
0.549,7.724,2.539,1.363,0.448,9.11,5.49
0.548,7.710,2.534,1.361,0.447,9.11,5.49
0.547,7.696,2.530,1.358,0.446,9.11,5.49
0.546,7.682,2.525,1.356,0.446,9.11,5.49
0.545,7.668,2.520,1.353,0.445,9.11,5.49
0.544,7.654,2.516,1.351,0.444,9.11,5.49
0.543,7.640,2.511,1.348,0.443,9.11,5.49
0.542,7.626,2.507,1.346,0.442,9.11,5.49
0.541,7.612,2.502,1.343,0.442,9.11,5.49
0.54,7.598,2.497,1.341,0.441,8.947,"5,516"
0.539,7.584,2.493,1.338,0.440,8.947,"5,516"
0.538,7.570,2.488,1.336,0.439,8.947,"5,516"
0.537,7.556,2.483,1.333,0.438,8.947,"5,516"
0.536,7.542,2.479,1.331,0.437,8.947,"5,516"
0.535,7.527,2.474,1.328,0.437,8.947,"5,516"
0.534,7.513,2.470,1.326,0.436,8.947,"5,516"
0.533,7.499,2.465,1.323,0.435,8.947,"5,516"
0.532,7.485,2.460,1.321,0.434,8.947,"5,516"
0.531,7.471,2.456,1.318,0.433,8.947,"5,516"
0.53,7.457,2.451,1.316,0.433,8.782,5.542
0.529,7.443,2.446,1.314,0.432,8.782,5.542
0.528,7.429,2.442,1.311,0.431,8.782,5.542
0.527,7.415,2.437,1.309,0.430,8.782,5.542
0.526,7.401,2.433,1.306,0.429,8.782,5.542
0.525,7.387,2.428,1.304,0.428,8.782,5.542
0.524,7.373,2.423,1.301,0.428,8.782,5.542
0.523,7.359,2.419,1.299,0.427,8.782,5.542
0.522,7.345,2.414,1.296,0.426,8.782,5.542
0.521,7.330,2.409,1.294,0.425,8.782,5.542
0.52,7.316,2.405,1.291,0.424,8.616,5.569
0.519,7.302,2.400,1.289,0.424,8.616,5.569
0.518,7.288,2.396,1.286,0.423,8.616,5.569
0.517,7.274,2.391,1.284,0.422,8.616,5.569
0.516,7.260,2.386,1.281,0.421,8.616,5.569
0.515,7.246,2.382,1.279,0.420,8.616,5.569
0.514,7.232,2.377,1.276,0.419,8.616,5.569
0.513,7.218,2.372,1.274,0.419,8.616,5.569
0.512,7.204,2.368,1.271,0.418,8.616,5.569
0.511,7.190,2.363,1.269,0.417,8.616,5.569
0.51,7.176,2.359,1.266,0.416,8.452,5.595
0.509,7.162,2.354,1.264,0.415,8.452,5.595
0.508,7.148,2.349,1.261,0.415,8.452,5.595
0.507,7.133,2.345,1.259,0.414,8.452,5.595
0.506,7.119,2.340,1.256,0.413,8.452,5.595
0.505,7.105,2.335,1.254,0.412,8.452,5.595
0.504,7.091,2.331,1.251,0.411,8.452,5.595
0.503,7.077,2.326,1.249,0.411,8.452,5.595
0.502,7.063,2.322,1.246,0.410,8.452,5.595
0.501,7.049,2.317,1.244,0.409,8.452,5.595
0.5,7.035,2.312,1.242,0.408,8.286,5.621
0.499,7.021,2.308,1.239,0.407,8.286,5.621
0.498,7.007,2.303,1.237,0.406,8.286,5.621
0.497,6.993,2.298,1.234,0.406,8.286,5.621
0.496,6.979,2.294,1.232,0.405,8.286,5.621
0.495,6.965,2.289,1.229,0.404,8.286,5.621
0.494,6.951,2.285,1.227,0.403,8.286,5.621
0.493,6.937,2.280,1.224,0.402,8.286,5.621
0.492,6.922,2.275,1.222,0.402,8.286,5.621
0.491,6.908,2.271,1.219,0.401,8.286,5.621
0.49,6.894,2.266,1.217,0.400,8.122,5.647
0.489,6.880,2.261,1.214,0.399,8.122,5.647
0.488,6.866,2.257,1.212,0.398,8.122,5.647
0.487,6.852,2.252,1.209,0.397,8.122,5.647
0.486,6.838,2.248,1.207,0.397,8.122,5.647
0.485,6.824,2.243,1.204,0.396,8.122,5.647
0.484,6.810,2.238,1.202,0.395,8.122,5.647
0.483,6.796,2.234,1.199,0.394,8.122,5.647
0.482,6.782,2.229,1.197,0.393,8.122,5.647
0.481,6.768,2.224,1.194,0.393,8.122,5.647
0.48,6.754,2.220,1.192,0.392,7.957,5.672
0.479,6.740,2.215,1.189,0.391,7.957,5.672
0.478,6.725,2.211,1.187,0.390,7.957,5.672
0.477,6.711,2.206,1.184,0.389,7.957,5.672
0.476,6.697,2.201,1.182,0.388,7.957,5.672
0.475,6.683,2.197,1.179,0.388,7.957,5.672
0.474,6.669,2.192,1.177,0.387,7.957,5.672
0.473,6.655,2.187,1.174,0.386,7.957,5.672
0.472,6.641,2.183,1.172,0.385,7.957,5.672
0.471,6.627,2.178,1.169,0.384,7.957,5.672
0.47,6.613,2.174,1.167,0.384,7.792,5.699
0.469,6.599,2.169,1.165,0.383,7.792,5.699
0.468,6.585,2.164,1.162,0.382,7.792,5.699
0.467,6.571,2.160,1.160,0.381,7.792,5.699
0.466,6.557,2.155,1.157,0.380,7.792,5.699
0.465,6.543,2.150,1.155,0.379,7.792,5.699
0.464,6.528,2.146,1.152,0.379,7.792,5.699
0.463,6.514,2.141,1.150,0.378,7.792,5.699
0.462,6.500,2.137,1.147,0.377,7.792,5.699
0.461,6.486,2.132,1.145,0.376,7.792,5.699
0.46,6.472,2.127,1.142,0.375,7.626,5.724
0.459,6.458,2.123,1.140,0.375,7.626,5.724
0.458,6.444,2.118,1.137,0.374,7.626,5.724
0.457,6.430,2.113,1.135,0.373,7.626,5.724
0.456,6.416,2.109,1.132,0.372,7.626,5.724
0.455,6.402,2.104,1.130,0.371,7.626,5.724
0.454,6.388,2.100,1.127,0.371,7.626,5.724
0.453,6.374,2.095,1.125,0.370,7.626,5.724
0.452,6.360,2.090,1.122,0.369,7.626,5.724
0.451,6.346,2.086,1.120,0.368,7.626,5.724
0.45,6.331,2.081,1.117,0.367,7.461,5.75
0.449,6.317,2.076,1.115,0.366,7.461,5.75
0.448,6.303,2.072,1.112,0.366,7.461,5.75
0.447,6.289,2.067,1.110,0.365,7.461,5.75
0.446,6.275,2.063,1.107,0.364,7.461,5.75
0.445,6.261,2.058,1.105,0.363,7.461,5.75
0.444,6.247,2.053,1.102,0.362,7.461,5.75
0.443,6.233,2.049,1.100,0.362,7.461,5.75
0.442,6.219,2.044,1.097,0.361,7.461,5.75
0.441,6.205,2.039,1.095,0.360,7.461,5.75
0.44,6.191,2.035,1.093,0.359,7.845,5.746
0.439,6.177,2.030,1.090,0.358,7.845,5.746
0.438,6.163,2.026,1.088,0.357,7.845,5.746
0.437,6.149,2.021,1.085,0.357,7.845,5.746
0.436,6.135,2.016,1.083,0.356,7.845,5.746
0.435,6.120,2.012,1.080,0.355,7.845,5.746
0.434,6.106,2.007,1.078,0.354,7.845,5.746
0.433,6.092,2.002,1.075,0.353,7.845,5.746
0.432,6.078,1.998,1.073,0.353,7.845,5.746
0.431,6.064,1.993,1.070,0.352,7.845,5.746
0.43,6.050,1.989,1.068,0.351,7.703,5.761
0.429,6.036,1.984,1.065,0.350,7.703,5.761
0.428,6.022,1.979,1.063,0.349,7.703,5.761
0.427,6.008,1.975,1.060,0.348,7.703,5.761
0.426,5.994,1.970,1.058,0.348,7.703,5.761
0.425,5.980,1.965,1.055,0.347,7.703,5.761
0.424,5.966,1.961,1.053,0.346,7.703,5.761
0.423,5.952,1.956,1.050,0.345,7.703,5.761
0.422,5.938,1.952,1.048,0.344,7.703,5.761
0.421,5.923,1.947,1.045,0.344,7.703,5.761
0.42,5.909,1.942,1.043,0.343,7.562,5.786
0.419,5.895,1.938,1.040,0.342,7.562,5.786
0.418,5.881,1.933,1.038,0.341,7.562,5.786
0.417,5.867,1.928,1.035,0.340,7.562,5.786
0.416,5.853,1.924,1.033,0.340,7.562,5.786
0.415,5.839,1.919,1.030,0.339,7.562,5.786
0.414,5.825,1.915,1.028,0.338,7.562,5.786
0.413,5.811,1.910,1.025,0.337,7.562,5.786
0.412,5.797,1.905,1.023,0.336,7.562,5.786
0.411,5.783,1.901,1.021,0.335,7.562,5.786
0.41,5.769,1.896,1.018,0.335,7.423,5.809
0.409,5.755,1.891,1.016,0.334,7.423,5.809
0.408,5.741,1.887,1.013,0.333,7.423,5.809
0.407,5.726,1.882,1.011,0.332,7.423,5.809
0.406,5.712,1.878,1.008,0.331,7.423,5.809
0.405,5.698,1.873,1.006,0.331,7.423,5.809
0.404,5.684,1.868,1.003,0.330,7.423,5.809
0.403,5.670,1.864,1.001,0.329,7.423,5.809
0.402,5.656,1.859,0.998,0.328,7.423,5.809
0.401,5.642,1.854,0.996,0.327,7.423,5.809
0.4,5.628,1.850,0.993,0.326,7.282,5.833
0.399,5.614,1.845,0.991,0.326,7.282,5.833
0.398,5.600,1.841,0.988,0.325,7.282,5.833
0.397,5.586,1.836,0.986,0.324,7.282,5.833
0.396,5.572,1.831,0.983,0.323,7.282,5.833
0.395,5.558,1.827,0.981,0.322,7.282,5.833
0.394,5.544,1.822,0.978,0.322,7.282,5.833
0.393,5.530,1.817,0.976,0.321,7.282,5.833
0.392,5.515,1.813,0.973,0.320,7.282,5.833
0.391,5.501,1.808,0.971,0.319,7.282,5.833
0.39,5.487,1.804,0.968,0.318,7.141,5.857
0.389,5.473,1.799,0.966,0.317,7.141,5.857
0.388,5.459,1.794,0.963,0.317,7.141,5.857
0.387,5.445,1.790,0.961,0.316,7.141,5.857
0.386,5.431,1.785,0.958,0.315,7.141,5.857
0.385,5.417,1.780,0.956,0.314,7.141,5.857
0.384,5.403,1.776,0.953,0.313,7.141,5.857
0.383,5.389,1.771,0.951,0.313,7.141,5.857
0.382,5.375,1.767,0.949,0.312,7.141,5.857
0.381,5.361,1.762,0.946,0.311,7.141,5.857
0.38,5.347,1.757,0.944,0.310,7.002,5.881
0.379,5.333,1.753,0.941,0.309,7.002,5.881
0.378,5.318,1.748,0.939,0.308,7.002,5.881
0.377,5.304,1.743,0.936,0.308,7.002,5.881
0.376,5.290,1.739,0.934,0.307,7.002,5.881
0.375,5.276,1.734,0.931,0.306,7.002,5.881
0.374,5.262,1.730,0.929,0.305,7.002,5.881
0.373,5.248,1.725,0.926,0.304,7.002,5.881
0.372,5.234,1.720,0.924,0.304,7.002,5.881
0.371,5.220,1.716,0.921,0.303,7.002,5.881
0.37,5.206,1.711,0.919,0.302,6.861,5.905
0.369,5.192,1.706,0.916,0.301,6.861,5.905
0.368,5.178,1.702,0.914,0.300,6.861,5.905
0.367,5.164,1.697,0.911,0.300,6.861,5.905
0.366,5.150,1.693,0.909,0.299,6.861,5.905
0.365,5.136,1.688,0.906,0.298,6.861,5.905
0.364,5.121,1.683,0.904,0.297,6.861,5.905
0.363,5.107,1.679,0.901,0.296,6.861,5.905
0.362,5.093,1.674,0.899,0.295,6.861,5.905
0.361,5.079,1.669,0.896,0.295,6.861,5.905
0.36,5.065,1.665,0.894,0.294,6.721,5.929
0.359,5.051,1.660,0.891,0.293,6.721,5.929
0.358,5.037,1.656,0.889,0.292,6.721,5.929
0.357,5.023,1.651,0.886,0.291,6.721,5.929
0.356,5.009,1.646,0.884,0.291,6.721,5.929
0.355,4.995,1.642,0.881,0.290,6.721,5.929
0.354,4.981,1.637,0.879,0.289,6.721,5.929
0.353,4.967,1.632,0.876,0.288,6.721,5.929
0.352,4.953,1.628,0.874,0.287,6.721,5.929
0.351,4.939,1.623,0.872,0.286,6.721,5.929
0.35,4.924,1.619,0.869,0.286,6.58,5.953
0.349,4.910,1.614,0.867,0.285,6.58,5.953
0.348,4.896,1.609,0.864,0.284,6.58,5.953
0.347,4.882,1.605,0.862,0.283,6.58,5.953
0.346,4.868,1.600,0.859,0.282,6.58,5.953
0.345,4.854,1.595,0.857,0.282,6.58,5.953
0.344,4.840,1.591,0.854,0.281,6.58,5.953
0.343,4.826,1.586,0.852,0.280,6.58,5.953
0.342,4.812,1.582,0.849,0.279,6.58,5.953
0.341,4.798,1.577,0.847,0.278,6.58,5.953
0.34,4.784,1.572,0.844,0.277,6.44,5.976
0.339,4.770,1.568,0.842,0.277,6.44,5.976
0.338,4.756,1.563,0.839,0.276,6.44,5.976
0.337,4.742,1.558,0.837,0.275,6.44,5.976
0.336,4.728,1.554,0.834,0.274,6.44,5.976
0.335,4.713,1.549,0.832,0.273,6.44,5.976
0.334,4.699,1.545,0.829,0.273,6.44,5.976
0.333,4.685,1.540,0.827,0.272,6.44,5.976
0.332,4.671,1.535,0.824,0.271,6.44,5.976
0.331,4.657,1.531,0.822,0.270,6.44,5.976
0.33,4.643,1.526,0.819,0.269,6.3,6
0.329,4.629,1.521,0.817,0.269,6.3,6
0.328,4.615,1.517,0.814,0.268,6.3,6
0.327,4.601,1.512,0.812,0.267,6.3,6
0.326,4.587,1.508,0.809,0.266,6.3,6
0.325,4.573,1.503,0.807,0.265,6.3,6
0.324,4.559,1.498,0.804,0.264,6.3,6
0.323,4.545,1.494,0.802,0.264,6.3,6
0.322,4.531,1.489,0.800,0.263,6.3,6
0.321,4.516,1.484,0.797,0.262,6.3,6
0.32,4.502,1.480,0.795,0.261,5.314,6.084
0.319,4.488,1.475,0.792,0.260,5.314,6.084
0.318,4.474,1.471,0.790,0.260,5.314,6.084
0.317,4.460,1.466,0.787,0.259,5.314,6.084
0.316,4.446,1.461,0.785,0.258,5.314,6.084
0.315,4.432,1.457,0.782,0.257,5.314,6.084
0.314,4.418,1.452,0.780,0.256,5.314,6.084
0.313,4.404,1.447,0.777,0.255,5.314,6.084
0.312,4.390,1.443,0.775,0.255,5.314,6.084
0.311,4.376,1.438,0.772,0.254,5.314,6.084
0.31,4.362,1.434,0.770,0.253,5.175,6.107
0.309,4.348,1.429,0.767,0.252,5.175,6.107
0.308,4.334,1.424,0.765,0.251,5.175,6.107
0.307,4.319,1.420,0.762,0.251,5.175,6.107
0.306,4.305,1.415,0.760,0.250,5.175,6.107
0.305,4.291,1.410,0.757,0.249,5.175,6.107
0.304,4.277,1.406,0.755,0.248,5.175,6.107
0.303,4.263,1.401,0.752,0.247,5.175,6.107
0.302,4.249,1.397,0.750,0.246,5.175,6.107
0.301,4.235,1.392,0.747,0.246,5.175,6.107
0.3,4.221,1.387,0.745,0.245,4.985,6.134
0.299,4.207,1.383,0.742,0.244,4.985,6.134
0.298,4.193,1.378,0.740,0.243,4.985,6.134
0.297,4.179,1.374,0.737,0.242,4.985,6.134
0.296,4.165,1.369,0.735,0.242,4.985,6.134
0.295,4.151,1.364,0.732,0.241,4.985,6.134
0.294,4.137,1.360,0.730,0.240,4.985,6.134
0.293,4.123,1.355,0.728,0.239,4.985,6.134
0.292,4.108,1.350,0.725,0.238,4.985,6.134
0.291,4.094,1.346,0.723,0.237,4.985,6.134
0.29,4.080,1.341,0.720,0.237,4.844,6.158
0.289,4.066,1.337,0.718,0.236,4.844,6.158
0.288,4.052,1.332,0.715,0.235,4.844,6.158
0.287,4.038,1.327,0.713,0.234,4.844,6.158
0.286,4.024,1.323,0.710,0.233,4.844,6.158
0.285,4.010,1.318,0.708,0.233,4.844,6.158
0.284,3.996,1.313,0.705,0.232,4.844,6.158
0.283,3.982,1.309,0.703,0.231,4.844,6.158
0.282,3.968,1.304,0.700,0.230,4.844,6.158
0.281,3.954,1.300,0.698,0.229,4.844,6.158
0.28,3.940,1.295,0.695,0.229,4.704,6.181
0.279,3.926,1.290,0.693,0.228,4.704,6.181
0.278,3.911,1.286,0.690,0.227,4.704,6.181
0.277,3.897,1.281,0.688,0.226,4.704,6.181
0.276,3.883,1.276,0.685,0.225,4.704,6.181
0.275,3.869,1.272,0.683,0.224,4.704,6.181
0.274,3.855,1.267,0.680,0.224,4.704,6.181
0.273,3.841,1.263,0.678,0.223,4.704,6.181
0.272,3.827,1.258,0.675,0.222,4.704,6.181
0.271,3.813,1.253,0.673,0.221,4.704,6.181
0.27,3.799,1.249,0.670,0.220,4.564,6.205
0.269,3.785,1.244,0.668,0.220,4.564,6.205
0.268,3.771,1.239,0.665,0.219,4.564,6.205
0.267,3.757,1.235,0.663,0.218,4.564,6.205
0.266,3.743,1.230,0.660,0.217,4.564,6.205
0.265,3.729,1.226,0.658,0.216,4.564,6.205
0.264,3.714,1.221,0.656,0.215,4.564,6.205
0.263,3.700,1.216,0.653,0.215,4.564,6.205
0.262,3.686,1.212,0.651,0.214,4.564,6.205
0.261,3.672,1.207,0.648,0.213,4.564,6.205
0.26,3.658,1.202,0.646,0.212,4.423,6.228
0.259,3.644,1.198,0.643,0.211,4.423,6.228
0.258,3.630,1.193,0.641,0.211,4.423,6.228
0.257,3.616,1.189,0.638,0.210,4.423,6.228
0.256,3.602,1.184,0.636,0.209,4.423,6.228
0.255,3.588,1.179,0.633,0.208,4.423,6.228
0.254,3.574,1.175,0.631,0.207,4.423,6.228
0.253,3.560,1.170,0.628,0.206,4.423,6.228
0.252,3.546,1.165,0.626,0.206,4.423,6.228
0.251,3.532,1.161,0.623,0.205,4.423,6.228
0.25,3.517,1.156,0.621,0.204,4.133,6.262
0.249,3.503,1.152,0.618,0.203,4.133,6.262
0.248,3.489,1.147,0.616,0.202,4.133,6.262
0.247,3.475,1.142,0.613,0.202,4.133,6.262
0.246,3.461,1.138,0.611,0.201,4.133,6.262
0.245,3.447,1.133,0.608,0.200,4.133,6.262
0.244,3.433,1.128,0.606,0.199,4.133,6.262
0.243,3.419,1.124,0.603,0.198,4.133,6.262
0.242,3.405,1.119,0.601,0.198,4.133,6.262
0.241,3.391,1.115,0.598,0.197,4.133,6.262
0.24,3.377,1.110,0.596,0.196,3.994,6.299
0.239,3.363,1.105,0.593,0.195,3.994,6.299
0.238,3.349,1.101,0.591,0.194,3.994,6.299
0.237,3.335,1.096,0.588,0.193,3.994,6.299
0.236,3.321,1.091,0.586,0.193,3.994,6.299
0.235,3.306,1.087,0.584,0.192,3.994,6.299
0.234,3.292,1.082,0.581,0.191,3.994,6.299
0.233,3.278,1.078,0.579,0.190,3.994,6.299
0.232,3.264,1.073,0.576,0.189,3.994,6.299
0.231,3.250,1.068,0.574,0.189,3.994,6.299
0.23,3.236,1.064,0.571,0.188,3.853,6.347
0.229,3.222,1.059,0.569,0.187,3.853,6.347
0.228,3.208,1.054,0.566,0.186,3.853,6.347
0.227,3.194,1.050,0.564,0.185,3.853,6.347
0.226,3.180,1.045,0.561,0.184,3.853,6.347
0.225,3.166,1.041,0.559,0.184,3.853,6.347
0.224,3.152,1.036,0.556,0.183,3.853,6.347
0.223,3.138,1.031,0.554,0.182,3.853,6.347
0.222,3.124,1.027,0.551,0.181,3.853,6.347
0.221,3.109,1.022,0.549,0.180,3.853,6.347
0.22,3.095,1.017,0.546,0.180,3.662,6.399
0.219,3.081,1.013,0.544,0.179,3.662,6.399
0.218,3.067,1.008,0.541,0.178,3.662,6.399
0.217,3.053,1.004,0.539,0.177,3.662,6.399
0.216,3.039,0.999,0.536,0.176,3.662,6.399
0.215,3.025,0.994,0.534,0.175,3.662,6.399
0.214,3.011,0.990,0.531,0.175,3.662,6.399
0.213,2.997,0.985,0.529,0.174,3.662,6.399
0.212,2.983,0.980,0.526,0.173,3.662,6.399
0.211,2.969,0.976,0.524,0.172,3.662,6.399
0.21,2.955,0.971,0.521,0.171,3.522,6.446
0.209,2.941,0.967,0.519,0.171,3.522,6.446
0.208,2.927,0.962,0.516,0.170,3.522,6.446
0.207,2.912,0.957,0.514,0.169,3.522,6.446
0.206,2.898,0.953,0.511,0.168,3.522,6.446
0.205,2.884,0.948,0.509,0.167,3.522,6.446
0.204,2.870,0.943,0.507,0.166,3.522,6.446
0.203,2.856,0.939,0.504,0.166,3.522,6.446
0.202,2.842,0.934,0.502,0.165,3.522,6.446
0.201,2.828,0.930,0.499,0.164,3.522,6.446
0.2,2.814,0.925,0.497,0.163,3.381,6.493
0.199,2.800,0.920,0.494,0.162,3.381,6.493
0.198,2.786,0.916,0.492,0.162,3.381,6.493
0.197,2.772,0.911,0.489,0.161,3.381,6.493
0.196,2.758,0.906,0.487,0.160,3.381,6.493
0.195,2.744,0.902,0.484,0.159,3.381,6.493
0.194,2.730,0.897,0.482,0.158,3.381,6.493
0.193,2.716,0.893,0.479,0.158,3.381,6.493
0.192,2.701,0.888,0.477,0.157,3.381,6.493
0.191,2.687,0.883,0.474,0.156,3.381,6.493
0.19,2.673,0.879,0.472,0.155,3.167,6.546
0.189,2.659,0.874,0.469,0.154,3.167,6.546
0.188,2.645,0.869,0.467,0.153,3.167,6.546
0.187,2.631,0.865,0.464,0.153,3.167,6.546
0.186,2.617,0.860,0.462,0.152,3.167,6.546
0.185,2.603,0.856,0.459,0.151,3.167,6.546
0.184,2.589,0.851,0.457,0.150,3.167,6.546
0.183,2.575,0.846,0.454,0.149,3.167,6.546
0.182,2.561,0.842,0.452,0.149,3.167,6.546
0.181,2.547,0.837,0.449,0.148,3.167,6.546
0.18,2.533,0.832,0.447,0.147,3.027,6.594
0.179,2.519,0.828,0.444,0.146,3.027,6.594
0.178,2.504,0.823,0.442,0.145,3.027,6.594
0.177,2.490,0.819,0.439,0.144,3.027,6.594
0.176,2.476,0.814,0.437,0.144,3.027,6.594
0.175,2.462,0.809,0.435,0.143,3.027,6.594
0.174,2.448,0.805,0.432,0.142,3.027,6.594
0.173,2.434,0.800,0.430,0.141,3.027,6.594
0.172,2.420,0.795,0.427,0.140,3.027,6.594
0.171,2.406,0.791,0.425,0.140,3.027,6.594
0.17,2.392,0.786,0.422,0.139,2.886,6.641
0.169,2.378,0.782,0.420,0.138,2.886,6.641
0.168,2.364,0.777,0.417,0.137,2.886,6.641
0.167,2.350,0.772,0.415,0.136,2.886,6.641
0.166,2.336,0.768,0.412,0.135,2.886,6.641
0.165,2.322,0.763,0.410,0.135,2.886,6.641
0.164,2.307,0.758,0.407,0.134,2.886,6.641
0.163,2.293,0.754,0.405,0.133,2.886,6.641
0.162,2.279,0.749,0.402,0.132,2.886,6.641
0.161,2.265,0.745,0.400,0.131,2.886,6.641
0.16,2.251,0.740,0.397,0.131,2.67,6.693
0.159,2.237,0.735,0.395,0.130,2.67,6.693
0.158,2.223,0.731,0.392,0.129,2.67,6.693
0.157,2.209,0.726,0.390,0.128,2.67,6.693
0.156,2.195,0.721,0.387,0.127,2.67,6.693
0.155,2.181,0.717,0.385,0.126,2.67,6.693
0.154,2.167,0.712,0.382,0.126,2.67,6.693
0.153,2.153,0.708,0.380,0.125,2.67,6.693
0.152,2.139,0.703,0.377,0.124,2.67,6.693
0.151,2.125,0.698,0.375,0.123,2.67,6.693
0.15,2.110,0.694,0.372,0.122,2.529,6.74
0.149,2.096,0.689,0.370,0.122,2.529,6.74
0.148,2.082,0.684,0.367,0.121,2.529,6.74
0.147,2.068,0.680,0.365,0.120,2.529,6.74
0.146,2.054,0.675,0.363,0.119,2.529,6.74
0.145,2.040,0.671,0.360,0.118,2.529,6.74
0.144,2.026,0.666,0.358,0.118,2.529,6.74
0.143,2.012,0.661,0.355,0.117,2.529,6.74
0.142,1.998,0.657,0.353,0.116,2.529,6.74
0.141,1.984,0.652,0.350,0.115,2.529,6.74
0.14,1.970,0.647,0.348,0.114,2.389,6.788
0.139,1.956,0.643,0.345,0.113,2.389,6.788
0.138,1.942,0.638,0.343,0.113,2.389,6.788
0.137,1.928,0.634,0.340,0.112,2.389,6.788
0.136,1.914,0.629,0.338,0.111,2.389,6.788
0.135,1.899,0.624,0.335,0.110,2.389,6.788
0.134,1.885,0.620,0.333,0.109,2.389,6.788
0.133,1.871,0.615,0.330,0.109,2.389,6.788
0.132,1.857,0.610,0.328,0.108,2.389,6.788
0.131,1.843,0.606,0.325,0.107,2.389,6.788
0.13,1.829,0.601,0.323,0.106,2.248,6.835
0.129,1.815,0.597,0.320,0.105,2.248,6.835
0.128,1.801,0.592,0.318,0.104,2.248,6.835
0.127,1.787,0.587,0.315,0.104,2.248,6.835
0.126,1.773,0.583,0.313,0.103,2.248,6.835
0.125,1.759,0.578,0.310,0.102,2.248,6.835
0.124,1.745,0.573,0.308,0.101,2.248,6.835
0.123,1.731,0.569,0.305,0.100,2.248,6.835
0.122,1.717,0.564,0.303,0.100,2.248,6.835
0.121,1.702,0.560,0.300,0.099,2.248,6.835
0.12,1.688,0.555,0.298,0.098,2.107,6.882
0.119,1.674,0.550,0.295,0.097,2.107,6.882
0.118,1.660,0.546,0.293,0.096,2.107,6.882
0.117,1.646,0.541,0.291,0.095,2.107,6.882
0.116,1.632,0.536,0.288,0.095,2.107,6.882
0.115,1.618,0.532,0.286,0.094,2.107,6.882
0.114,1.604,0.527,0.283,0.093,2.107,6.882
0.113,1.590,0.523,0.281,0.092,2.107,6.882
0.112,1.576,0.518,0.278,0.091,2.107,6.882
0.111,1.562,0.513,0.276,0.091,2.107,6.882
0.11,1.548,0.509,0.273,0.090,1.968,6.929
0.109,1.534,0.504,0.271,0.089,1.968,6.929
0.108,1.520,0.499,0.268,0.088,1.968,6.929
0.107,1.505,0.495,0.266,0.087,1.968,6.929
0.106,1.491,0.490,0.263,0.087,1.968,6.929
0.105,1.477,0.486,0.261,0.086,1.968,6.929
0.104,1.463,0.481,0.258,0.085,1.968,6.929
0.103,1.449,0.476,0.256,0.084,1.968,6.929
0.102,1.435,0.472,0.253,0.083,1.968,6.929
0.101,1.421,0.467,0.251,0.082,1.968,6.929
0.1,1.407,0.462,0.248,0.082,1.653,6.988
0.099,1.393,0.458,0.246,0.081,1.653,6.988
0.098,1.379,0.453,0.243,0.080,1.653,6.988
0.097,1.365,0.449,0.241,0.079,1.653,6.988
0.096,1.351,0.444,0.238,0.078,1.653,6.988
0.095,1.337,0.439,0.236,0.078,1.653,6.988
0.094,1.323,0.435,0.233,0.077,1.653,6.988
0.093,1.309,0.430,0.231,0.076,1.653,6.988
0.092,1.294,0.425,0.228,0.075,1.653,6.988
0.091,1.280,0.421,0.226,0.074,1.653,6.988
0.09,1.266,0.416,0.223,0.073,1.512,7.035
0.089,1.252,0.412,0.221,0.073,1.512,7.035
0.088,1.238,0.407,0.219,0.072,1.512,7.035
0.087,1.224,0.402,0.216,0.071,1.512,7.035
0.086,1.210,0.398,0.214,0.070,1.512,7.035
0.085,1.196,0.393,0.211,0.069,1.512,7.035
0.084,1.182,0.388,0.209,0.069,1.512,7.035
0.083,1.168,0.384,0.206,0.068,1.512,7.035
0.082,1.154,0.379,0.204,0.067,1.512,7.035
0.081,1.140,0.375,0.201,0.066,1.512,7.035
0.08,1.126,0.370,0.199,0.065,1.347,7.083
0.079,1.112,0.365,0.196,0.064,1.347,7.083
0.078,1.097,0.361,0.194,0.064,1.347,7.083
0.077,1.083,0.356,0.191,0.063,1.347,7.083
0.076,1.069,0.351,0.189,0.062,1.347,7.083
0.075,1.055,0.347,0.186,0.061,1.347,7.083
0.074,1.041,0.342,0.184,0.060,1.347,7.083
0.073,1.027,0.338,0.181,0.060,1.347,7.083
0.072,1.013,0.333,0.179,0.059,1.347,7.083
0.071,0.999,0.328,0.176,0.058,1.347,7.083
0.07,0.985,0.324,0.174,0.057,1.206,7.129
0.069,0.971,0.319,0.171,0.056,1.206,7.129
0.068,0.957,0.314,0.169,0.055,1.206,7.129
0.067,0.943,0.310,0.166,0.055,1.206,7.129
0.066,0.929,0.305,0.164,0.054,1.206,7.129
0.065,0.915,0.301,0.161,0.053,1.206,7.129
0.064,0.900,0.296,0.159,0.052,1.206,7.129
0.063,0.886,0.291,0.156,0.051,1.206,7.129
0.062,0.872,0.287,0.154,0.051,1.206,7.129
0.061,0.858,0.282,0.151,0.050,1.206,7.129
0.06,0.844,0.277,0.149,0.049,1.016,7.18
0.059,0.830,0.273,0.146,0.048,1.016,7.18
0.058,0.816,0.268,0.144,0.047,1.016,7.18
0.057,0.802,0.264,0.142,0.047,1.016,7.18
0.056,0.788,0.259,0.139,0.046,1.016,7.18
0.055,0.774,0.254,0.137,0.045,1.016,7.18
0.054,0.760,0.250,0.134,0.044,1.016,7.18
0.053,0.746,0.245,0.132,0.043,1.016,7.18
0.052,0.732,0.240,0.129,0.042,1.016,7.18
0.051,0.718,0.236,0.127,0.042,1.016,7.18
0.05,0.703,0.231,0.124,0.041,0.875,7.226
0.049,0.689,0.227,0.122,0.040,0.875,7.226
0.048,0.675,0.222,0.119,0.039,0.875,7.226
0.047,0.661,0.217,0.117,0.038,0.875,7.226
0.046,0.647,0.213,0.114,0.038,0.875,7.226
0.045,0.633,0.208,0.112,0.037,0.875,7.226
0.044,0.619,0.203,0.109,0.036,0.875,7.226
0.043,0.605,0.199,0.107,0.035,0.875,7.226
0.042,0.591,0.194,0.104,0.034,0.875,7.226
0.041,0.577,0.190,0.102,0.033,0.875,7.226
0.04,0.563,0.185,0.099,0.033,0.685,7.276
0.039,0.549,0.180,0.097,0.032,0.685,7.276
0.038,0.535,0.176,0.094,0.031,0.685,7.276
0.037,0.521,0.171,0.092,0.030,0.685,7.276
0.036,0.507,0.166,0.089,0.029,0.685,7.276
0.035,0.492,0.162,0.087,0.029,0.685,7.276
0.034,0.478,0.157,0.084,0.028,0.685,7.276
0.033,0.464,0.153,0.082,0.027,0.685,7.276
0.032,0.450,0.148,0.079,0.026,0.685,7.276
0.031,0.436,0.143,0.077,0.025,0.685,7.276
0.03,0.422,0.139,0.074,0.024,0.544,7.322
0.029,0.408,0.134,0.072,0.024,0.544,7.322
0.028,0.394,0.129,0.070,0.023,0.544,7.322
0.027,0.380,0.125,0.067,0.022,0.544,7.322
0.026,0.366,0.120,0.065,0.021,0.544,7.322
0.025,0.352,0.116,0.062,0.020,0.544,7.322
0.024,0.338,0.111,0.060,0.020,0.544,7.322
0.023,0.324,0.106,0.057,0.019,0.544,7.322
0.022,0.310,0.102,0.055,0.018,0.544,7.322
0.021,0.295,0.097,0.052,0.017,0.544,7.322
0.02,0.281,0.092,0.050,0.016,0.403,7.369
0.019,0.267,0.088,0.047,0.016,0.403,7.369
0.018,0.253,0.083,0.045,0.015,0.403,7.369
0.017,0.239,0.079,0.042,0.014,0.403,7.369
0.016,0.225,0.074,0.040,0.013,0.403,7.369
0.015,0.211,0.069,0.037,0.012,0.403,7.369
0.014,0.197,0.065,0.035,0.011,0.403,7.369
0.013,0.183,0.060,0.032,0.011,0.403,7.369
0.012,0.169,0.055,0.030,0.010,0.403,7.369
0.011,0.155,0.051,0.027,0.009,0.403,7.369
0.01,0.141,0.046,0.025,0.008,0.189,7.42
0.009,0.127,0.042,0.022,0.007,0.189,7.42
0.008,0.113,0.037,0.020,0.007,0.189,7.42
0.007,0.098,0.032,0.017,0.006,0.189,7.42
0.006,0.084,0.028,0.015,0.005,0.189,7.42
0.005,0.070,0.023,0.012,0.004,0.189,7.42
0.004,0.056,0.018,0.010,0.003,0.189,7.42
0.003,0.042,0.014,0.007,0.002,0.189,7.42
0.002,0.028,0.009,0.005,0.002,0.189,7.42
0.001,0.014,0.005,0.002,0.001,0.189,7.42
0,0.000,0.000,0.000,0.000,0,0