DateTime,"ANNEX_AW1_ACTIVE_POWER","ANNEX_AW2_ACTIVE_POWER","ANNEX_AW3_ACTIVE_POWER","ANNEX_AW4_ACTIVE_POWER","ANNEX_AW5_ACTIVE_POWER","ANNEX_AW6_ACTIVE_POWER","ANNEX_AW7_ACTIVE_POWER","ANNEX_AW8_ACTIVE_POWER","ANNEX_AW9_ACTIVE_POWER"
2021-02-12 00:00:01,0,1.0687000751495361,0.2542000114917755,0.9074000716209412,1.0689001083374023,0.7204000353813171,0.05710000544786453,0,1.0671000480651855
2021-02-12 00:14:25,0,0.9470000267028809,0.31040000915527344,0.8720000386238098,0.9764000773429871,0.6691000461578369,0.06880000978708267,0,1.0062000751495361
2021-02-12 00:28:49,0,1.0792001485824585,0.2665000259876251,0.896600067615509,0.968500018119812,0.6837000250816345,0.057500001043081284,0,0.9951000809669495
2021-02-12 00:43:13,0,0.9540000557899475,0.2506999969482422,0.8749000430107117,1.057400107383728,0.6546000838279724,0.06640000641345978,0,1.0457000732421875
2021-02-12 00:57:37,0,0.9740000367164612,0.25,0.891200065612793,1.186400055885315,0.6650000214576721,0.05710000544786453,0,1.0454000234603882
2021-02-12 01:12:01,0,1.1019001007080078,0.27010002732276917,0.8636000752449036,1.090499997138977,0.6356000900268555,0.06780000776052475,0,0.9922000765800476
2021-02-12 01:26:25,0,0.971000075340271,0.2710000276565552,0.9224000573158264,1.0831000804901123,0.6316000819206238,0.056300003081560135,0,1.053800106048584
2021-02-12 01:40:49,0,1.065000057220459,0.24740001559257507,0.8547000288963318,1.169600009918213,0.6594000458717346,0.0649000033736229,0,0.9896000623703003
2021-02-12 01:55:13,0,0.9620000720024109,0.2677000164985657,0.8826000690460205,1.1420999765396118,0.6402000188827515,0.06480000913143158,0,1.057300090789795
2021-02-12 02:09:37,0,1.0210000276565552,0.2436000108718872,0.8474000692367554,1.0795999765396118,0.6124000549316406,0.056700002402067184,0,0.9917000532150269
2021-02-12 02:24:01,0,0.9950000643730164,0.2705000042915344,0.8777000308036804,1.1446000337600708,0.6338000297546387,0.056700002402067184,0,1.0329999923706055
2021-02-12 02:38:25,0,0.940000057220459,0.241100013256073,0.8551000952720642,1.0824000835418701,0.6116000413894653,0.06550000607967377,0,0.9966000914573669
2021-02-12 02:52:49,0,0.943100094795227,0.242000013589859,0.8853000402450562,1.1457000970840454,0.6127000451087952,0.06520000845193863,0,1.0367001295089722
2021-02-12 03:07:13,0,1.0123000144958496,0.2815000116825104,0.8502000570297241,1.083700180053711,0.6584000587463379,0.056700002402067184,0,0.9881001114845276
2021-02-12 03:21:37,0,1.0110000371932983,0.2696000337600708,0.8916000723838806,1.0863001346588135,0.6476000547409058,0.06540000438690186,0,1.0211000442504883
2021-02-12 03:36:01,0,0.9510000348091125,0.24290001392364502,0.8518000245094299,1.147900104522705,0.6152999997138977,0.05660000443458557,0,0.9867000579833984
2021-02-12 03:50:25,0,0.9590000510215759,0.24730001389980316,0.8920000195503235,1.0901000499725342,0.6459000706672668,0.0568000003695488,0,1.0477001667022705
2021-02-12 04:04:49,0,0.9994000792503357,0.2697000205516815,0.8540000319480896,1.1396000385284424,0.6201000809669495,0.06610000133514404,0,0.9826000928878784
2021-02-12 04:19:13,0,0.9940000176429749,0.2679000198841095,0.8504000902175903,1.1339000463485718,0.6248000264167786,0.06620001047849655,0,1.0570000410079956
2021-02-12 04:33:37,0,0.9510000348091125,0.24530000984668732,0.8979000449180603,1.0844000577926636,0.650700032711029,0.056700002402067184,0,0.9930000305175781
2021-02-12 04:48:01,0,0.9570000171661377,0.24210001528263092,0.8594000935554504,1.1535000801086426,0.6254000663757324,0.0649000033736229,0,0.9918000102043152
2021-02-12 05:02:25,0,1.0064001083374023,0.2671000063419342,0.8944000601768494,1.0962001085281372,0.6495000123977661,0.056700002402067184,0,1.0405000448226929
2021-02-12 05:16:49,0,1.0210000276565552,0.2516000270843506,0.8897000551223755,1.0904000997543335,0.6498000025749207,0.05660000443458557,0,0.9864000678062439
2021-02-12 05:31:13,0,0.9810000658035278,0.26750001311302185,0.8540000319480896,1.1556000709533691,0.6633000373840332,0.0649000033736229,0,1.0293000936508179
2021-02-12 05:45:37,0,0.967400074005127,0.26760002970695496,0.8515000343322754,1.176400065422058,0.675000011920929,0.056300003081560135,0,0.9811000823974609
2021-02-12 06:00:01,0,1.0530000925064087,0.25620001554489136,0.9068000316619873,1.0945000648498535,0.6465000510215759,0.06770000606775284,0,1.059800148010254
2021-02-12 06:14:25,0,0.9580000638961792,0.2639999985694885,0.8809000849723816,1.1107001304626465,0.648400068283081,0.057200003415346146,0,1.0670000314712524
2021-02-12 06:28:49,0,1.0850000381469727,0.2568000257015228,0.9490000605583191,1.1804001331329346,0.6852999925613403,0.06859999895095825,0,1.0012999773025513
2021-02-12 06:43:13,0,1.002000093460083,0.2639000117778778,0.9119000434875488,1.1795001029968262,0.6895000338554382,0.05700000375509262,0,1.1147000789642334
2021-02-12 06:57:37,0,1.1230000257492065,0.254800021648407,0.963200032711029,1.131500005722046,0.6662999987602234,0.06540000438690186,0,1.0027999877929688
2021-02-12 07:12:01,0,1.0217000246047974,0.26370003819465637,0.9296000599861145,1.1285001039505005,0.689300000667572,0.057200003415346146,0,1.0142000913619995
2021-02-12 07:26:25,0,1.1230000257492065,0.25300002098083496,0.9724000692367554,1.2051000595092773,0.6671000719070435,0.06890000402927399,0,1.118499994277954
2021-02-12 07:40:49,0,1.1354000568389893,0.2541000247001648,0.976900041103363,1.1262000799179077,0.6685000061988831,0.066600002348423,0,1.0684000253677368
2021-02-12 07:55:13,0,1.027999997138977,0.2768000364303589,0.9278000593185425,1.2178001403808594,0.704300045967102,0.0560000017285347,0,1.025300145149231
2021-02-12 08:09:37,0,1.1420000791549683,0.2549000084400177,0.9385000467300415,1.1332001686096191,0.6861000657081604,0.05560000613331795,0,1.0298000574111938
2021-02-12 08:24:01,0,1.005100131034851,0.2616000175476074,0.9735000729560852,1.229099988937378,0.7672000527381897,0.07760000228881836,0,1.103100061416626
2021-02-12 08:38:25,0,1.0042999982833862,0.2617000341415405,0.9390000700950623,1.2081000804901123,0.6680000424385071,0.06260000169277191,0,1.0306000709533691
2021-02-12 08:52:49,0,1.1050000190734863,0.25390002131462097,1.0006000995635986,1.0261000394821167,0.6925000548362732,0.055400002747774124,0,1.0828001499176025
2021-02-12 09:07:13,0,1.1350001096725464,0.25519999861717224,1.0424001216888428,1.0382001399993896,0.6802000403404236,0.06400000303983688,0,1.0394999980926514
2021-02-12 09:21:37,0,0.9970000386238098,0.26340001821517944,0.9544000625610352,1.2853001356124878,0.7013000249862671,0.05620000511407852,0,1.1129000186920166
2021-02-12 09:36:01,0,1.0170000791549683,0.2540000081062317,0.9760000705718994,1.0594000816345215,0.6754000782966614,0.066600002348423,0,1.0447001457214355
2021-02-12 09:50:25,0,1.1260000467300415,0.2631000280380249,1.0358000993728638,1.2666000127792358,0.7382000684738159,0.055800002068281174,0,1.1664000749588013
2021-02-12 10:04:49,0,0.9926000833511353,0.2547000050544739,1.0118000507354736,1.2684000730514526,0.7346000671386719,0.055800002068281174,0,1.038100004196167
2021-02-12 10:19:13,0,1.1130000352859497,0.26030004024505615,0.9579000473022461,1.2050000429153442,0.6521000862121582,0.06670000404119492,0,1.131600022315979
2021-02-12 10:33:37,0,1.0210000276565552,0.26600000262260437,1.0262001752853394,1.2050000429153442,0.6441000699996948,0.07800000160932541,0,1.0439001321792603
2021-02-12 10:48:01,0,1.1212000846862793,0.2551000118255615,0.9701001048088074,1.3000000715255737,0.7012000679969788,0.056300003081560135,0,1.0948001146316528
2021-02-12 11:02:25,0,1.0180000066757202,0.28290000557899475,1.0469000339508057,1.2789000272750854,0.6512000560760498,0.05730000138282776,0,1.1107001304626465
2021-02-12 11:16:49,0,1.125,0.25600001215934753,0.9814000725746155,1.203200101852417,0.6826000809669495,0.06599999964237213,0,1.0553001165390015
2021-02-12 11:31:13,0,1.1299000978469849,0.2835000157356262,1.033500075340271,1.2696000337600708,0.6702000498771667,0.06599999964237213,0,1.0535000562667847
2021-02-12 11:45:37,0,0.997700035572052,0.25699999928474426,0.98170006275177,1.1932001113891602,0.6104000806808472,0.05620000511407852,0,1.1179001331329346
2021-02-12 12:00:01,0,1.0049999952316284,0.2673000395298004,1.035099983215332,1.1969001293182373,0.5976000428199768,0.056400004774332047,0,1.1349000930786133
2021-02-12 12:14:25,0,1.1160000562667847,0.25620001554489136,0.9890000224113464,1.2593001127243042,0.6569000482559204,0.06760000437498093,0,1.0735000371932983
2021-02-12 12:28:49,0,1.0080000162124634,0.25460001826286316,0.9766001105308533,1.1872001886367798,0.6285000443458557,0.055900003761053085,0,1.1120001077651978
2021-02-12 12:43:13,0,1.125,0.26530003547668457,1.0394999980926514,1.2766000032424927,0.6846000552177429,0.06540000438690186,0,1.0592001676559448
2021-02-12 12:57:37,0,1.1260000467300415,0.25930002331733704,0.9851000905036926,1.2859001159667969,0.6701000928878784,0.06540000438690186,0,1.1279001235961914
2021-02-12 13:12:01,0,1.0038000345230103,0.2931000292301178,1.0356000661849976,1.2049000263214111,0.6866000890731812,0.05610000342130661,0,1.0511000156402588
2021-02-12 13:26:25,0,1.1110000610351562,0.2775000035762787,1.0318001508712769,1.193600058555603,0.6486000418663025,0.055800002068281174,0,1.0487000942230225
2021-02-12 13:40:49,0,1.0140000581741333,0.25540003180503845,0.9739000797271729,1.2708001136779785,0.6875000596046448,0.06610000133514404,0,1.1312000751495361
2021-02-12 13:55:13,0,1.0148000717163086,0.2558000087738037,0.9783000349998474,1.1950000524520874,0.6846000552177429,0.055800002068281174,0,1.0582001209259033
2021-02-12 14:09:37,0,1.1516000032424927,0.27470001578330994,1.0309001207351685,1.2700999975204468,0.6416000723838806,0.06570000946521759,0,1.1284000873565674
2021-02-12 14:24:01,0,1.0890001058578491,0.255700021982193,0.97760009765625,1.2766000032424927,0.6378000378608704,0.05650000274181366,0,1.0600000619888306
2021-02-12 14:38:25,0,0.9800000190734863,0.27410000562667847,1.051300048828125,1.191100001335144,0.6616000533103943,0.06710000336170197,0,1.1058001518249512
2021-02-12 14:52:49,0,0.9929000735282898,0.2540000081062317,0.971000075340271,1.2703001499176025,0.6478000283241272,0.06379999965429306,0,1.099000096321106
2021-02-12 15:07:13,0,1.1200000047683716,0.27410000562667847,1.0306000709533691,1.2010999917984009,0.5982000231742859,0.055800002068281174,0,1.0564000606536865
2021-02-12 15:21:37,0,1.028800129890442,0.2770000100135803,1.003000020980835,1.1920000314712524,0.6050000190734863,0.07840000838041306,0,1.1618001461029053
2021-02-12 15:36:01,0,1.1373001337051392,0.26190000772476196,0.969200074672699,1.2624000310897827,0.709100067615509,0.05690000578761101,0,1.0493000745773315
2021-02-12 15:50:25,0,1.030500054359436,0.2551000118255615,0.9593000411987305,1.1893000602722168,0.6698000431060791,0.06810000538825989,0,1.116300106048584
2021-02-12 16:04:49,0,1.1460000276565552,0.2786000072956085,0.9988000392913818,1.2634000778198242,0.6134000420570374,0.05620000511407852,0,1.037000060081482
2021-02-12 16:19:13,0,1.1019999980926514,0.27390000224113464,1.0227000713348389,1.3132001161575317,0.6046000719070435,0.06690000742673874,0,1.0429000854492188
2021-02-12 16:33:37,0,0.9850000739097595,0.2535000145435333,0.9601000547409058,1.19760000705719,0.6337000131607056,0.05620000511407852,0,1.0947000980377197
2021-02-12 16:48:01,0,1.0070000886917114,0.2728000283241272,0.9911000728607178,1.290700078010559,0.6348000168800354,0.05790000408887863,0,1.0958000421524048
2021-02-12 17:02:25,0,1.1140000820159912,0.25600001215934753,0.9549000859260559,1.2018001079559326,0.6087000370025635,0.07760000228881836,0,1.0464000701904297
2021-02-12 17:16:49,0,1.0057001113891602,0.29590001702308655,0.9978000521659851,1.290000081062317,0.6386000514030457,0.056700002402067184,0,1.1019001007080078
2021-02-12 17:31:13,0,1.128000020980835,0.2526000142097473,0.9402000308036804,1.2041000127792358,0.6048000454902649,0.06530000269412994,0,1.0455000400543213
2021-02-12 17:45:37,0,1.0049999952316284,0.2568000257015228,0.978100061416626,1.2772001028060913,0.6134000420570374,0.05700000375509262,0,1.0464000701904297
2021-02-12 18:00:01,0,1.1220000982284546,0.29200002551078796,0.935900092124939,1.19350004196167,0.6392999887466431,0.07950000464916229,0,1.1019999980926514
2021-02-12 18:14:25,0,1.1155000925064087,0.27580001950263977,0.9825000762939453,1.2546000480651855,0.6167000532150269,0.07560000568628311,0,1.0486000776290894
2021-02-12 18:28:49,0,1.0090000629425049,0.25380000472068787,0.9364000558853149,1.1923000812530518,0.6491000652313232,0.057500001043081284,0,1.1119000911712646
2021-02-12 18:43:13,0,1.1085000038146973,0.27150002121925354,0.9634000658988953,1.2492001056671143,0.6612000465393066,0.05690000578761101,0,1.0450999736785889
2021-02-12 18:57:37,0,0.9930000305175781,0.25600001215934753,0.9240000247955322,1.17930006980896,0.7163000106811523,0.06710000336170197,0,1.1550999879837036
2021-02-12 19:12:01,0,1.116400122642517,0.2728000283241272,0.9238000512123108,1.2513000965118408,0.73170006275177,0.06730000674724579,0,1.0438001155853271
2021-02-12 19:26:25,0,0.987000048160553,0.25360003113746643,0.971500039100647,1.1719000339508057,0.8619000911712646,0.057500001043081284,0,1.0999001264572144
2021-02-12 19:40:49,0,1.112300157546997,0.27230003476142883,0.9757000803947449,1.2392001152038574,0.8277000784873962,0.07950000464916229,0,1.082300066947937
2021-02-12 19:55:13,0,1.0070000886917114,0.2510000169277191,0.922700047492981,1.1572000980377197,0.9052000641822815,0.057200003415346146,0,1.0356000661849976
2021-02-12 20:09:37,0,1.1074000597000122,0.2742000222206116,0.9224000573158264,1.244900107383728,0.8695000410079956,0.06690000742673874,0,1.113300085067749
2021-02-12 20:24:01,0,0.9819000959396362,0.25200000405311584,0.9604000449180603,1.1618001461029053,0.8957000374794006,0.057500001043081284,0,1.027500033378601
2021-02-12 20:38:25,0,1.096000075340271,0.27410000562667847,0.955500066280365,1.2175999879837036,0.9043000340461731,0.06560000032186508,0,1.0831000804901123
2021-02-12 20:52:49,0,0.9770000576972961,0.25270000100135803,0.9027000665664673,1.1516000032424927,0.8393000364303589,0.05770000442862511,0,1.026900053024292
2021-02-12 21:07:13,0,0.997700035572052,0.27010002732276917,0.8914000391960144,1.2287001609802246,0.85670006275177,0.05700000375509262,0,1.020799994468689
2021-02-12 21:21:37,0,1.1040000915527344,0.2508000135421753,0.9750000238418579,1.144800066947937,0.82340008020401,0.06610000133514404,0,1.1238001585006714
2021-02-12 21:36:01,0,1.1040000915527344,0.2516000270843506,0.949600100517273,1.2120000123977661,0.8466000556945801,0.06810000538825989,0,1.0216001272201538
2021-02-12 21:50:25,0,1.0010000467300415,0.26440000534057617,0.900700032711029,1.13510000705719,0.820400059223175,0.05730000138282776,0,1.0718001127243042
2021-02-12 22:04:49,0,1.107100009918213,0.25300002098083496,0.9586001038551331,1.2219001054763794,0.8106001019477844,0.06800000369548798,0,1.0223000049591064
2021-02-12 22:19:13,0,0.9740000367164612,0.2614000141620636,0.8975000381469727,1.1272001266479492,0.8386000990867615,0.05690000578761101,0,1.068600058555603
2021-02-12 22:33:37,0,1.0075000524520874,0.25360003113746643,0.9293000102043152,1.2003000974655151,0.8350000381469727,0.05690000578761101,0,1.0123000144958496
2021-02-12 22:48:01,0,1.1069999933242798,0.26110002398490906,0.8857000470161438,1.1278001070022583,0.8124000430107117,0.0763000100851059,0,1.0515999794006348
2021-02-12 23:02:25,0,0.9730000495910645,0.2542000114917755,0.8661000728607178,1.1153000593185425,0.8182000517845154,0.05710000544786453,0,1.0603001117706299
2021-02-12 23:16:49,0,1.1202001571655273,0.2621000111103058,0.9110000729560852,1.2049000263214111,0.8547000288963318,0.06790000200271606,0,1.0048000812530518
2021-02-12 23:31:13,0,0.9720000624656677,0.2645000219345093,0.899600088596344,1.2005000114440918,0.8073000311851501,0.0658000037074089,0,1.0649000406265259
2021-02-12 23:45:37,0,1.093000054359436,0.25290003418922424,0.8709000945091248,1.0990999937057495,0.8381000757217407,0.05780000239610672,0,1.0109000205993652
2021-02-13 00:00:01,0,1.121000051498413,0.2519000172615051,0.9006000757217407,1.175800085067749,0.812000036239624,0.06550000607967377,0,1.0833001136779785
2021-02-13 00:14:25,0,1.0029001235961914,0.2613000273704529,0.8652999997138977,1.1094000339508057,0.8557000756263733,0.058800000697374344,0,0.9929000735282898
2021-02-13 00:28:49,0,0.9820000529289246,0.25140002369880676,0.8964000940322876,1.1649000644683838,0.8534000515937805,0.0706000030040741,0,1.1079000234603882
2021-02-13 00:43:13,0,1.1017000675201416,0.2590000033378601,0.8458000421524048,1.0972001552581787,0.7944000363349915,0.05700000375509262,0,1.0048000812530518
2021-02-13 00:57:37,0,0.9960000514984131,0.25220000743865967,0.8624000549316406,1.1039000749588013,0.7761000990867615,0.06850000470876694,0,1.0487000942230225
2021-02-13 01:12:01,0,1.1180000305175781,0.2621000111103058,0.9246000647544861,1.151400089263916,0.8092000484466553,0.05660000443458557,0,0.9938000440597534
2021-02-13 01:26:25,0,1.0070000886917114,0.2638000249862671,0.8904000520706177,1.1719000339508057,0.8085000514984131,0.0658000037074089,0,0.9948000311851501
2021-02-13 01:40:49,0,1.0980000495910645,0.25370001792907715,0.8541000485420227,1.0872001647949219,0.7806000709533691,0.05710000544786453,0,1.0580999851226807
2021-02-13 01:55:13,0,1.071000099182129,0.251800000667572,0.9254000782966614,1.1640000343322754,0.8262000679969788,0.05690000578761101,0,1.0209001302719116
2021-02-13 02:09:37,0,1.002000093460083,0.2681000232696533,0.8542000651359558,1.0904000997543335,0.7763000130653381,0.06620001047849655,0,0.9941000938415527
2021-02-13 02:24:01,0,1.0221000909805298,0.2662000358104706,0.8517000675201416,1.099000096321106,0.7849000692367554,0.06700000166893005,0,1.0555000305175781
2021-02-13 02:38:25,0,0.9960000514984131,0.24970000982284546,0.8941000699996948,1.1639001369476318,0.843500018119812,0.05700000375509262,0,0.9861000776290894
2021-02-13 02:52:49,0,0.9880000352859497,0.24480001628398895,0.8631000518798828,1.187000036239624,0.8456000685691833,0.05690000578761101,0,1.0378000736236572
2021-02-13 03:07:13,0,1.0190000534057617,0.26360002160072327,0.9137000441551208,1.1177000999450684,0.823900043964386,0.06700000166893005,0,0.9856000542640686
2021-02-13 03:21:37,0,1.023400068283081,0.24910001456737518,0.8842000365257263,1.183500051498413,0.826900064945221,0.058100003749132156,0,0.9845000505447388
2021-02-13 03:36:01,0,0.9860000610351562,0.26600000262260437,0.9460000395774841,1.1140000820159912,0.844700038433075,0.06650000065565109,0,1.0216001272201538
2021-02-13 03:50:25,0,0.9590000510215759,0.2663000226020813,0.9000000357627869,1.0932000875473022,0.8085000514984131,0.056700002402067184,0,1.0267001390457153
2021-02-13 04:04:49,0,1.005100131034851,0.24700000882148743,0.9341000914573669,1.1694000959396362,0.8355000615119934,0.06590000540018082,0,0.9818000197410583
2021-02-13 04:19:13,0,1.0027000904083252,0.2633000314235687,0.8991000652313232,1.1959000825881958,0.826900064945221,0.056700002402067184,0,1.0564000606536865
2021-02-13 04:33:37,0,0.9694000482559204,0.25300002098083496,0.9373000264167786,1.1265000104904175,0.8035000562667847,0.06550000607967377,0,0.9884000420570374
2021-02-13 04:48:01,0,0.9985000491142273,0.2508000135421753,0.9034000635147095,1.107300043106079,0.8134000897407532,0.0650000050663948,0,0.9970000386238098
2021-02-13 05:02:25,0,0.9424000978469849,0.26250001788139343,0.9635000228881836,1.1804001331329346,0.7892000675201416,0.0560000017285347,0,1.0465999841690063
2021-02-13 05:16:49,0,0.9900000691413879,0.25220000743865967,0.922200083732605,1.1201000213623047,0.7978000044822693,0.05650000274181366,0,0.9900000691413879
2021-02-13 05:31:13,0,0.9510000348091125,0.26100000739097595,0.9648000597953796,1.2070000171661377,0.8091000914573669,0.07660000026226044,0,1.0210000276565552
2021-02-13 05:45:37,0,1.0099999904632568,0.26010000705718994,0.9208000302314758,1.1715000867843628,0.8163000345230103,0.058100003749132156,0,1.0400999784469604
2021-02-13 06:00:01,0,0.9650000333786011,0.2510000169277191,0.9784000515937805,1.1200000047683716,0.7925000190734863,0.06599999964237213,0,0.9900000691413879
2021-02-13 06:14:25,0,0.9580000638961792,0.2608000338077545,0.948900043964386,1.209900140762329,0.8224000930786133,0.06430000811815262,0,1.0339000225067139
2021-02-13 06:28:49,0,1.0130000114440918,0.2510000169277191,1.0062000751495361,1.114400029182434,0.7852000594139099,0.05620000511407852,0,0.998400092124939
2021-02-13 06:43:13,0,1.011600136756897,0.25200000405311584,0.9623000621795654,1.1412001848220825,0.8133000135421753,0.056300003081560135,0,0.9928000569343567
2021-02-13 06:57:37,0,0.9650000333786011,0.26100000739097595,1.0064001083374023,1.2019001245498657,0.7967000603675842,0.06780000776052475,0,1.0392000675201416
2021-02-13 07:12:01,0,0.9577000737190247,0.24960002303123474,1.0289000272750854,1.2387001514434814,0.7916000485420227,0.0560000017285347,0,0.9950000643730164
2021-02-13 07:26:25,0,0.9989000558853149,0.2592000365257263,0.9719000458717346,1.1305999755859375,0.8151000738143921,0.06480000913143158,0,1.0433001518249512
2021-02-13 07:40:49,0,0.9740000367164612,0.2592000365257263,1.0291000604629517,1.2080000638961792,0.7987000346183777,0.05570000410079956,0,1.0960999727249146
2021-02-13 07:55:13,0,1.0180000066757202,0.25,0.970300018787384,1.1379001140594482,0.8221001029014587,0.06670000404119492,0,0.997200071811676
2021-02-13 08:09:37,0,0.9810000658035278,0.25850000977516174,1.0130000114440918,1.2230000495910645,0.8153000473976135,0.06550000607967377,0,1.0087000131607056
2021-02-13 08:24:01,0,1.0110000371932983,0.25,0.9784000515937805,1.1361000537872314,0.8367000222206116,0.05530000105500221,0,1.074700117111206
2021-02-13 08:38:25,0,0.9720000624656677,0.2583000361919403,0.982900083065033,1.1476000547409058,0.8326000571250916,0.06430000811815262,0,1.0054000616073608
2021-02-13 08:52:49,0,1.047200083732605,0.24900001287460327,1.0202000141143799,1.217400074005127,0.8177000284194946,0.05470000207424164,0,1.0496000051498413
2021-02-13 09:07:13,0,0.9460000395774841,0.2580000162124634,1.0482001304626465,1.2190001010894775,0.8280000686645508,0.06390000134706497,0,1.0603001117706299
2021-02-13 09:21:37,0,1.062000036239624,0.24970000982284546,0.9909000992774963,1.1358001232147217,0.7738000154495239,0.0552000030875206,0,1.0092999935150146
2021-02-13 09:36:01,0,0.9660000205039978,0.2565000057220459,0.9887000322341919,1.259100079536438,0.8402000665664673,0.06340000778436661,0,1.0603001117706299
2021-02-13 09:50:25,0,1.0577001571655273,0.24800001084804535,1.0248000621795654,1.152000069618225,0.7570000290870667,0.0552000030875206,0,1.0148000717163086
2021-02-13 10:04:49,0,0.987000048160553,0.24860002100467682,0.9987000823020935,1.1690000295639038,0.8278000354766846,0.055000003427267075,0,1.0111000537872314
2021-02-13 10:19:13,0,1.1190000772476196,0.25760000944137573,1.0248000621795654,1.2405999898910522,0.7843000292778015,0.07620000839233398,0,1.0786000490188599
2021-02-13 10:33:37,0,0.999000072479248,0.24910001456737518,0.9929000735282898,1.2405000925064087,0.8212000727653503,0.06390000134706497,0,1.0188000202178955
2021-02-13 10:48:01,0,1.0993001461029053,0.2581000328063965,1.0357000827789307,1.1756000518798828,0.7827000617980957,0.05530000105500221,0,1.065100073814392
2021-02-13 11:02:25,0,0.9739000797271729,0.24960002303123474,0.9926000833511353,1.174800157546997,0.8256000876426697,0.0552000030875206,0,1.0119000673294067
2021-02-13 11:16:49,0,1.126400113105774,0.2711000144481659,1.0982000827789307,1.245500087738037,0.7686000466346741,0.06459999829530716,0,1.0641000270843506
2021-02-13 11:31:13,0,0.9830000400543213,0.2526000142097473,1.0049000978469849,1.241900086402893,0.8263000249862671,0.05490000545978546,0,1.078200101852417
2021-02-13 11:45:37,0,1.122300148010254,0.27060002088546753,1.0547001361846924,1.1725000143051147,0.7088000178337097,0.06360000371932983,0,1.0181001424789429
2021-02-13 12:00:01,0,1.1322001218795776,0.27300000190734863,1.0071001052856445,1.1721000671386719,0.7100000381469727,0.06590000540018082,0,1.0117000341415405
2021-02-13 12:14:25,0,1.002000093460083,0.2531000077724457,1.0488001108169556,1.2458001375198364,0.7427000403404236,0.055400002747774124,0,1.07420015335083
2021-02-13 12:28:49,0,1.0080000162124634,0.24790002405643463,1.07830011844635,1.2382001876831055,0.7569000720977783,0.06590000540018082,0,1.1112000942230225
2021-02-13 12:43:13,0,1.1172001361846924,0.2727000117301941,1.0079001188278198,1.1675000190734863,0.7107999920845032,0.05560000613331795,0,1.0075000524520874
2021-02-13 12:57:37,0,1.1018000841140747,0.27170002460479736,1.006100058555603,1.185900092124939,0.7437000274658203,0.055400002747774124,0,1.0213000774383545
2021-02-13 13:12:01,0,0.9830000400543213,0.24990002810955048,1.1184000968933105,1.2573001384735107,0.7189000844955444,0.06400000303983688,0,1.0674999952316284
2021-02-13 13:26:25,0,0.9580000638961792,0.249300017952919,1.0145000219345093,1.2296000719070435,0.7506000995635986,0.055900003761053085,0,1.0185000896453857
2021-02-13 13:40:49,0,1.1090000867843628,0.2737000286579132,1.0762001276016235,1.176900029182434,0.700700044631958,0.06760000437498093,0,1.0908000469207764
2021-02-13 13:55:13,0,1.0011000633239746,0.27390000224113464,1.0625,1.1629000902175903,0.7093000411987305,0.055900003761053085,0,1.0713001489639282
2021-02-13 14:09:37,0,1.1050000190734863,0.2603999972343445,1.0142000913619995,1.240800142288208,0.7399000525474548,0.066600002348423,0,1.0169000625610352
2021-02-13 14:24:01,0,0.9960000514984131,0.25850000977516174,1.0524001121520996,1.2381000518798828,0.7564000487327576,0.05690000578761101,0,1.0161000490188599
2021-02-13 14:38:25,0,1.1060000658035278,0.2736000120639801,1.013200044631958,1.1594001054763794,0.7102000713348389,0.06980000436306,0,1.0547001361846924
2021-02-13 14:52:49,0,1.1134999990463257,0.25120002031326294,1.037600040435791,1.1578000783920288,0.7502000331878662,0.06599999964237213,0,1.0114001035690308
2021-02-13 15:07:13,0,0.9942000508308411,0.27400001883506775,1.0034000873565674,1.2240999937057495,0.6993000507354736,0.055900003761053085,0,1.0632001161575317
2021-02-13 15:21:37,0,0.9940000176429749,0.27160000801086426,1.0080000162124634,1.2405999898910522,0.6952000260353088,0.055400002747774124,0,1.012700080871582
2021-02-13 15:36:01,0,1.1048001050949097,0.2510000169277191,1.0627001523971558,1.1630001068115234,0.7412000298500061,0.06590000540018082,0,1.068600058555603
2021-02-13 15:50:25,0,0.9820000529289246,0.25699999928474426,1.0588001012802124,1.2368000745773315,0.7279000878334045,0.06480000913143158,0,1.0130000114440918
2021-02-13 16:04:49,0,1.1012001037597656,0.2722000181674957,1.0038000345230103,1.1557000875473022,0.6993000507354736,0.05700000375509262,0,1.120500087738037
2021-02-13 16:19:13,0,1.097599983215332,0.254800021648407,1.027999997138977,1.2301000356674194,0.6970000267028809,0.056400004774332047,0,1.1019999980926514
2021-02-13 16:33:37,0,0.9670000672340393,0.2711000144481659,0.982900083065033,1.1736000776290894,0.7225000262260437,0.06530000269412994,0,1.0199000835418701
2021-02-13 16:48:01,0,1.1190000772476196,0.2540000081062317,1.0419000387191772,1.167700171470642,0.707800030708313,0.06610000133514404,0,1.0947000980377197
2021-02-13 17:02:25,0,1.0071001052856445,0.2718999981880188,0.9887000322341919,1.2285000085830688,0.7280000448226929,0.05610000342130661,0,1.016800045967102
2021-02-13 17:16:49,0,0.9960000514984131,0.2753000259399414,0.9809000492095947,1.1679000854492188,0.7068000435829163,0.05610000342130661,0,1.0161000490188599
2021-02-13 17:31:13,0,1.1060000658035278,0.2540000081062317,1.0408000946044922,1.2392001152038574,0.7500000596046448,0.07580000907182693,0,1.068000078201294
2021-02-13 17:45:37,0,1.1180000305175781,0.27180004119873047,1.0307000875473022,1.244900107383728,0.6958000063896179,0.06530000269412994,0,1.0630000829696655
2021-02-13 18:00:01,0,0.9950000643730164,0.2515000104904175,0.9767000675201416,1.1571000814437866,0.7320000529289246,0.05770000442862511,0,1.0172001123428345
2021-02-13 18:14:25,0,1.1180000305175781,0.2540000081062317,1.009200096130371,1.2315000295639038,0.7141000628471375,0.06710000336170197,0,1.0722001791000366
2021-02-13 18:28:49,0,0.999500036239624,0.2722000181674957,0.9690000414848328,1.1665000915527344,0.7390000224113464,0.05710000544786453,0,1.0246000289916992
2021-02-13 18:43:13,0,0.9850000739097595,0.2726000249385834,0.9768000245094299,1.2198001146316528,0.7316000461578369,0.05770000442862511,0,1.0659000873565674
2021-02-13 18:57:37,0,1.106200098991394,0.2559000253677368,1.009200096130371,1.1571000814437866,0.7027000188827515,0.06770000606775284,0,1.0182000398635864
2021-02-13 19:12:01,0,0.9780000448226929,0.2718999981880188,0.9559000730514526,1.2045999765396118,0.7057000398635864,0.05740000307559967,0,1.060900092124939
2021-02-13 19:26:25,0,1.0892001390457153,0.25300002098083496,0.999500036239624,1.1450001001358032,0.7371000647544861,0.07050000131130219,0,1.0254000425338745
2021-02-13 19:40:49,0,1.1060000658035278,0.2550000250339508,0.9664000868797302,1.209200143814087,0.7390000224113464,0.06710000336170197,0,1.0595000982284546
2021-02-13 19:55:13,0,0.9707000851631165,0.27400001883506775,1.0139000415802002,1.1450001001358032,0.6951000690460205,0.05710000544786453,0,1.0227000713348389
2021-02-13 20:09:37,0,1.071700096130371,0.25600001215934753,1.0149000883102417,1.1522001028060913,0.7467000484466553,0.06610000133514404,0,1.0989000797271729
2021-02-13 20:24:01,0,0.9896000623703003,0.27310001850128174,0.9422000646591187,1.2309000492095947,0.5866000652313232,0.05730000138282776,0,1.027500033378601
2021-02-13 20:38:25,0,1.0260000228881836,0.27300000190734863,0.9630000591278076,1.1502001285552979,0.5681000351905823,0.06610000133514404,0,1.0160000324249268
2021-02-13 20:52:49,0,0.9797000885009766,0.2460000067949295,0.9241001009941101,1.2028001546859741,0.5827000141143799,0.05700000375509262,0,1.0546000003814697
2021-02-13 21:07:13,0,1.0268001556396484,0.2600000202655792,0.9279000759124756,1.2196000814437866,0.578700065612793,0.05740000307559967,0,1.131500005722046
2021-02-13 21:21:37,0,0.9759000539779663,0.25300002098083496,0.953700065612793,1.1450001001358032,0.7488000392913818,0.06790000200271606,0,1.0145000219345093
2021-02-13 21:36:01,0,1.0049999952316284,0.2535000145435333,0.9512000679969788,1.2229000329971313,0.6767000555992126,0.06790000200271606,0,1.009700059890747
2021-02-13 21:50:25,0,0.9709000587463379,0.2622000277042389,0.9071000814437866,1.153800129890442,0.7088000178337097,0.057600006461143494,0,1.0577001571655273
2021-02-13 22:04:49,0,0.9760000705718994,0.26360002160072327,0.8973000049591064,1.2396000623703003,0.6794000864028931,0.05700000375509262,0,1.0068000555038452
2021-02-13 22:19:13,0,1.040000081062317,0.2540000081062317,0.9315000176429749,1.125599980354309,0.7178000211715698,0.0674000084400177,0,1.0719001293182373
2021-02-13 22:33:37,0,1.0080000162124634,0.25300002098083496,0.943600058555603,1.2049000263214111,0.6972000598907471,0.057200003415346146,0,1.0049000978469849
2021-02-13 22:48:01,0,0.9610000252723694,0.2799000144004822,0.8697000741958618,1.099600076675415,0.7218000292778015,0.06909999996423721,0,1.0863001346588135
2021-02-13 23:02:25,0,0.9520000219345093,0.2614000141620636,0.8600000143051147,1.1730999946594238,0.7244000434875488,0.06710000336170197,0,1.009200096130371
2021-02-13 23:16:49,0,1.0044000148773193,0.2510000169277191,0.9141000509262085,1.1105999946594238,0.7585000395774841,0.05700000375509262,0,1.0493000745773315
2021-02-13 23:31:13,0,0.9640000462532043,0.25200000405311584,0.8631000518798828,1.1578000783920288,0.7427000403404236,0.057200003415346146,0,1.0042001008987427
2021-02-13 23:45:37,0,0.9894000887870789,0.2622000277042389,0.8959000706672668,1.0885000228881836,0.7128000259399414,0.06750000268220901,0,1.057900071144104
2021-02-14 00:00:01,0,0.9720000624656677,0.27960002422332764,0.9073000550270081,1.088800072669983,0.6986000537872314,0.06730000674724579,0,0.9950000643730164
2021-02-14 00:14:25,0,1.0120000839233398,0.25390002131462097,0.8570000529289246,1.1610000133514404,0.7481001019477844,0.05740000307559967,0,1.0491000413894653
2021-02-14 00:28:49,0,0.94840008020401,0.2540000081062317,0.8908000588417053,1.1636000871658325,0.6718000173568726,0.06630000472068787,0,0.9968000054359436
2021-02-14 00:43:13,0,0.990100085735321,0.26530003547668457,0.8573000431060791,1.0845999717712402,0.7189000844955444,0.057200003415346146,0,1.0428000688552856
2021-02-14 00:57:37,0,0.951900064945221,0.2760000228881836,0.8555000424385071,1.1392000913619995,0.7053000330924988,0.0690000057220459,0,1.0327001810073853
2021-02-14 01:12:01,0,1.0040000677108765,0.2510000169277191,0.8826000690460205,1.095500111579895,0.6878000497817993,0.05870000272989273,0,0.9923000335693359
2021-02-14 01:26:25,0,0.9635000228881836,0.2630000114440918,0.892300009727478,1.0860999822616577,0.690000057220459,0.06720000505447388,0,1.0421000719070435
2021-02-14 01:40:49,0,1.0240000486373901,0.25060001015663147,0.853100061416626,1.1801000833511353,0.7147000432014465,0.05740000307559967,0,0.9866001009941101
2021-02-14 01:55:13,0,1.0063000917434692,0.25200000405311584,0.8777000308036804,1.1602001190185547,0.7100000381469727,0.05730000138282776,0,0.9928000569343567
2021-02-14 02:09:37,0,0.9501000642776489,0.26250001788139343,0.8597000241279602,1.089900016784668,0.6808000206947327,0.06570000946521759,0,1.0420000553131104
2021-02-14 02:24:01,0,0.9904000759124756,0.2628999948501587,0.8929000496864319,1.0942001342773438,0.670400083065033,0.05710000544786453,0,1.0397001504898071
2021-02-14 02:38:25,0,0.9490000605583191,0.25290003418922424,0.8510000109672546,1.1507000923156738,0.7055000066757202,0.06610000133514404,0,0.993600070476532
2021-02-14 02:52:49,0,0.9580000638961792,0.2645000219345093,0.89000004529953,1.092400074005127,0.6941000819206238,0.05730000138282776,0,0.9910000562667847
2021-02-14 03:07:13,0,1.003000020980835,0.25,0.8428000211715698,1.14680016040802,0.6669000387191772,0.06790000200271606,0,1.0282001495361328
2021-02-14 03:21:37,0,0.9634000658988953,0.26360002160072327,0.8536000847816467,1.1685000658035278,0.6881000399589539,0.06730000674724579,0,1.0008000135421753
2021-02-14 03:36:01,0,1.0120000839233398,0.2523000240325928,0.8924000859260559,1.096000075340271,0.7475000619888306,0.05730000138282776,0,1.040700078010559
2021-02-14 03:50:25,0,1.00600004196167,0.2510000169277191,0.8623000383377075,1.0956000089645386,0.7458000183105469,0.07990000396966934,0,1.0897001028060913
2021-02-14 04:04:49,0,0.9610000252723694,0.2648000419139862,0.8992000818252563,1.1710000038146973,0.802600085735321,0.05770000442862511,0,0.9920000433921814
2021-02-14 04:19:13,0,1.0140000581741333,0.2624000012874603,0.882900059223175,1.154400110244751,0.8156000971794128,0.06690000742673874,0,0.9981001019477844
2021-02-14 04:33:37,0,0.9600000381469727,0.2540000081062317,0.9153000116348267,1.077200174331665,0.7205000519752502,0.0568000003695488,0,1.040700078010559
2021-02-14 04:48:01,0,0.9440000653266907,0.2632000148296356,0.8881000876426697,1.0832000970840454,0.7159000635147095,0.05690000578761101,0,1.0404000282287598
2021-02-14 05:02:25,0,0.9980000257492065,0.25,0.9310000538825989,1.1383000612258911,0.7584000825881958,0.07050000131130219,0,0.9945000410079956
2021-02-14 05:16:49,0,0.9570000171661377,0.25940001010894775,0.9026000499725342,1.1475000381469727,0.7533000111579895,0.0747000053524971,0,0.9907000660896301
2021-02-14 05:31:13,0,1.00190007686615,0.2410000115633011,0.9298000335693359,1.0860000848770142,0.6500000357627869,0.05710000544786453,0,1.0678000450134277
2021-02-14 05:45:37,0,1.0219000577926636,0.25200000405311584,0.9031000733375549,1.1556000709533691,0.6928000450134277,0.06630000472068787,0,0.9891000986099243
2021-02-14 06:00:01,0,0.9630000591278076,0.2630000114440918,0.9647000432014465,1.0960999727249146,0.6097000241279602,0.05660000443458557,0,1.0373001098632812
2021-02-14 06:14:25,0,0.9996001124382019,0.25370001792907715,0.9288000464439392,1.0901000499725342,0.6297000646591187,0.05660000443458557,0,1.0003000497817993
2021-02-14 06:28:49,0,0.9390000700950623,0.2639000117778778,0.9938000440597534,1.1702001094818115,0.7106000781059265,0.06790000200271606,0,1.0396000146865845
2021-02-14 06:43:13,0,1.0009000301361084,0.2639999985694885,0.9565000534057617,1.1708000898361206,0.6649000644683838,0.06830000877380371,0,0.9946000576019287
2021-02-14 06:57:37,0,0.9640000462532043,0.251800000667572,1.0142000913619995,1.097100019454956,0.7087000608444214,0.057200003415346146,0,1.0285999774932861
2021-02-14 07:12:01,0,1.0140000581741333,0.25950002670288086,1.0059000253677368,1.1050000190734863,0.7095000147819519,0.06509999930858612,0,1.0394999980926514
2021-02-14 07:26:25,0,0.9550000429153442,0.24890002608299255,0.9677000641822815,1.1624001264572144,0.6554000377655029,0.05620000511407852,0,0.9989000558853149
2021-02-14 07:40:49,0,0.9690000414848328,0.2613000273704529,0.9713000059127808,1.1792001724243164,0.6525000333786011,0.05650000274181366,0,1.0871000289916992
2021-02-14 07:55:13,0,1.0356000661849976,0.25200000405311584,1.040700078010559,1.1109000444412231,0.7009000778198242,0.06640000641345978,0,1.0049999952316284
2021-02-14 08:09:37,0,0.9780000448226929,0.25050002336502075,0.9789000749588013,1.1979000568389893,0.6636000871658325,0.06040000542998314,0,1.002600073814392
2021-02-14 08:24:01,0,1.0150001049041748,0.2591000199317932,1.0130000114440918,1.1099001169204712,0.7230000495910645,0.06780000776052475,0,1.051300048828125
2021-02-14 08:38:25,0,0.9734000563621521,0.2630000114440918,0.9842000603675842,1.1890000104904175,0.7217000722885132,0.0560000017285347,0,1.0337001085281372
2021-02-14 08:52:49,0,1.0719001293182373,0.25110000371932983,1.0794000625610352,1.1059000492095947,0.7509000897407532,0.06770000606775284,0,0.9974000453948975
2021-02-14 09:07:13,0,0.9540000557899475,0.25040000677108765,0.984700083732605,1.1899000406265259,0.7682000398635864,0.0552000030875206,0,0.9973000288009644
2021-02-14 09:21:37,0,1.097000002861023,0.26090002059936523,1.0292000770568848,1.1029000282287598,0.7106000781059265,0.06560000032186508,0,1.049800157546997
2021-02-14 09:36:01,0,0.9830000400543213,0.2661000192165375,0.9805000424385071,1.1214001178741455,0.7193000316619873,0.055400002747774124,0,0.9981001019477844
2021-02-14 09:50:25,0,1.100000023841858,0.24980001151561737,1.0268001556396484,1.199700117111206,0.7496000528335571,0.06390000134706497,0,1.0480999946594238
2021-02-14 10:04:49,0,1.125,0.25860002636909485,1.0022000074386597,1.1989001035690308,0.7291000485420227,0.06340000778436661,0,1.0454000234603882
2021-02-14 10:19:13,0,0.9987000823020935,0.24770000576972961,1.0600000619888306,1.1317001581192017,0.759100079536438,0.055000003427267075,0,0.9940000176429749
2021-02-14 10:33:37,0,1.0049999952316284,0.25930002331733704,0.9960000514984131,1.2198001146316528,0.713200032711029,0.05480000004172325,0,1.0033000707626343
2021-02-14 10:48:01,0,1.0992001295089722,0.249300017952919,1.0354000329971313,1.1357001066207886,0.7558000087738037,0.06599999964237213,0,1.0547001361846924
2021-02-14 11:02:25,0,1.1211000680923462,0.2510000169277191,1.0627001523971558,1.1309000253677368,0.7029000520706177,0.06930000334978104,0,1.046800136566162
2021-02-14 11:16:49,0,1.0150001049041748,0.26190000772476196,0.9998000264167786,1.1949000358581543,0.781000018119812,0.055100005120038986,0,0.9974000453948975
2021-02-14 11:31:13,0,1.002000093460083,0.26020002365112305,1.0383001565933228,1.1299999952316284,0.7107999920845032,0.06379999965429306,0,1.0037000179290771
2021-02-14 11:45:37,0,1.1162000894546509,0.24700000882148743,1.0024000406265259,1.1817001104354858,0.7625000476837158,0.0552000030875206,0,1.0764000415802002
2021-02-14 12:00:01,0,1.1230000257492065,0.2597000300884247,1.0364000797271729,1.2025001049041748,0.7635000348091125,0.055900003761053085,0,1.0042999982833862
2021-02-14 12:14:25,0,1.0227000713348389,0.24990002810955048,1.003000020980835,1.1518001556396484,0.7211000919342041,0.06640000641345978,0,1.0475000143051147
2021-02-14 12:28:49,0,1.1389000415802002,0.2590000033378601,1.0390000343322754,1.2265000343322754,0.7297000288963318,0.0552000030875206,0,1.0488001108169556
2021-02-14 12:43:13,0,1.0139000415802002,0.2485000044107437,0.9867000579833984,1.1429001092910767,0.6057000160217285,0.06509999930858612,0,1.0022000074386597
2021-02-14 12:57:37,0,1.0329999923706055,0.2506999969482422,0.9743000268936157,1.2053000926971436,0.6219000816345215,0.05560000613331795,0,1.0495001077651978
2021-02-14 13:12:01,0,1.1440000534057617,0.2597000300884247,1.0273001194000244,1.137200117111206,0.6998000144958496,0.06509999930858612,0,1.0044000148773193
2021-02-14 13:26:25,0,1.0240000486373901,0.2630000114440918,1.034500002861023,1.1384000778198242,0.6226000785827637,0.055400002747774124,0,0.9997000694274902
2021-02-14 13:40:49,0,1.1303000450134277,0.24800001084804535,0.9764000773429871,1.2086000442504883,0.768500030040741,0.06470000743865967,0,1.044100046157837
2021-02-14 13:55:13,0,1.107100009918213,0.2515000104904175,1.0328000783920288,1.1885000467300415,0.6154000759124756,0.05530000105500221,0,0.9963000416755676
2021-02-14 14:09:37,0,1.0210000276565552,0.26030004024505615,0.9728000164031982,1.1277000904083252,0.704800009727478,0.06430000811815262,0,1.0379000902175903
2021-02-14 14:24:01,0,1.0049999952316284,0.2510000169277191,0.9755000472068787,1.2020000219345093,0.688200056552887,0.06509999930858612,0,1.060400128364563
2021-02-14 14:38:25,0,1.128000020980835,0.25930002331733704,1.0099999904632568,1.122900128364563,0.7128000259399414,0.0552000030875206,0,1.0111000537872314
2021-02-14 14:52:49,0,1.1220000982284546,0.2510000169277191,0.9784000515937805,1.2170000076293945,0.6653000116348267,0.05830000340938568,0,1.099500060081482
2021-02-14 15:07:13,0,1.0042999982833862,0.2630000114440918,1.0046000480651855,1.1217001676559448,0.7369000315666199,0.06450000405311584,0,1.0034000873565674
2021-02-14 15:21:37,0,1.00600004196167,0.25880002975463867,0.967400074005127,1.2055000066757202,0.6703000068664551,0.0658000037074089,0,1.0972001552581787
2021-02-14 15:36:01,0,1.1247000694274902,0.25,1.007200002670288,1.1322001218795776,0.7298000454902649,0.055800002068281174,0,0.9992000460624695
2021-02-14 15:50:25,0,1.1299000978469849,0.2516000270843506,1.0657001733779907,1.1190999746322632,0.7351000905036926,0.06540000438690186,0,0.9986000657081604
2021-02-14 16:04:49,0,1.006100058555603,0.26350000500679016,0.9678000211715698,1.1836000680923462,0.6976000666618347,0.055800002068281174,0,1.0495001077651978
2021-02-14 16:19:13,0,1.1350001096725464,0.26430001854896545,1.010200023651123,1.2084001302719116,0.6798000335693359,0.055000003427267075,0,1.040600061416626
2021-02-14 16:33:37,0,1.006700038909912,0.25270000100135803,0.9479000568389893,1.1441000699996948,0.7567000389099121,0.06780000776052475,0,0.9855000376701355
2021-02-14 16:48:01,0,0.9940000176429749,0.2540000081062317,0.9941000938415527,1.2016000747680664,0.7502000331878662,0.056300003081560135,0,0.9896000623703003
2021-02-14 17:02:25,0,1.1042001247406006,0.26420003175735474,0.9464000463485718,1.128000020980835,0.704300045967102,0.07920000702142715,0,1.0235000848770142
2021-02-14 17:16:49,0,0.9920000433921814,0.25600001215934753,0.9949000477790833,1.2196000814437866,0.7429000735282898,0.05570000410079956,0,1.0323001146316528
2021-02-14 17:31:13,0,1.1100000143051147,0.2639999985694885,0.953700065612793,1.1328001022338867,0.6981000900268555,0.07770001143217087,0,0.9750000238418579
2021-02-14 17:45:37,0,1.1086000204086304,0.2685000002384186,0.9913000464439392,1.1751000881195068,0.6874000430107117,0.05610000342130661,0,0.9791001081466675
2021-02-14 18:00:01,0,0.9800000190734863,0.2556000053882599,0.9377000331878662,1.1312000751495361,0.7361000776290894,0.06590000540018082,0,1.0247001647949219
2021-02-14 18:14:25,0,1.1048001050949097,0.2540000081062317,0.9292000532150269,1.1887000799179077,0.714400053024292,0.07430000603199005,0,0.9702000617980957
2021-02-14 18:28:49,0,1.0068000555038452,0.26340001821517944,0.9643000364303589,1.1238001585006714,0.763200044631958,0.05770000442862511,0,1.0424001216888428
2021-02-14 18:43:13,0,1.0070000886917114,0.2531999945640564,0.9671000838279724,1.220400094985962,0.7413000464439392,0.06590000540018082,0,1.0199000835418701
2021-02-14 18:57:37,0,1.1786000728607178,0.26420003175735474,0.9260000586509705,1.1219000816345215,0.6636000871658325,0.056700002402067184,0,0.9796000719070435
2021-02-14 19:12:01,0,1.0413000583648682,0.25120002031326294,0.9219000935554504,1.1820000410079956,0.6747000217437744,0.06800000369548798,0,0.9762000441551208
2021-02-14 19:26:25,0,1.1607000827789307,0.2639999985694885,0.9711000919342041,1.1219000816345215,0.7909000515937805,0.056700002402067184,0,1.030400037765503
2021-02-14 19:40:49,0,1.2080000638961792,0.25300002098083496,0.9708000421524048,1.1262000799179077,0.7926000952720642,0.07750000059604645,0,1.0179001092910767
2021-02-14 19:55:13,0,1.0200001001358032,0.26430001854896545,0.9309000968933105,1.2010000944137573,0.750700056552887,0.05950000137090683,0,0.9734000563621521
2021-02-14 20:09:37,0,1.1140000820159912,0.2509000301361084,0.9293000102043152,1.1979000568389893,0.7997000217437744,0.059800002723932266,0,0.9712000489234924
2021-02-14 20:24:01,0,1.0047000646591187,0.26280003786087036,0.9878000617027283,1.1362000703811646,0.7207000255584717,0.06670000404119492,0,1.009100079536438
2021-02-14 20:38:25,0,1.031000018119812,0.26510003209114075,0.9453000426292419,1.1263000965118408,0.7371000647544861,0.056700002402067184,0,0.9706000685691833
2021-02-14 20:52:49,0,1.0780000686645508,0.2540000081062317,0.9923000335693359,1.1920000314712524,0.6903000473976135,0.06480000913143158,0,1.0952001810073853
2021-02-14 21:07:13,0,1.0049999952316284,0.2531999945640564,0.9996001124382019,1.1299000978469849,0.6948000192642212,0.06859999895095825,0,0.9755000472068787
2021-02-14 21:21:37,0,1.0920000076293945,0.26460000872612,0.9487000703811646,1.1875,0.7300000190734863,0.056400004774332047,0,1.0136001110076904
2021-02-14 21:36:01,0,1.093000054359436,0.2534000277519226,0.9732000827789307,1.127500057220459,0.7119000554084778,0.06690000742673874,0,1.0111000537872314
2021-02-14 21:50:25,0,1.0220000743865967,0.36430004239082336,0.9491000771522522,1.1833001375198364,0.7444000840187073,0.0568000003695488,0,0.9667000770568848
2021-02-14 22:04:49,0,1.0250000953674316,0.2551000118255615,0.9806000590324402,1.2304000854492188,0.7209000587463379,0.06940000504255295,0,0.9700000286102295
2021-02-14 22:19:13,0,1.061400055885315,0.2645000219345093,0.9410000443458557,1.1082000732421875,0.7510000467300415,0.05900000408291817,0,1.0107001066207886
2021-02-14 22:33:37,0,1.055999994277954,0.25600001215934753,0.9791001081466675,1.1921000480651855,0.7521000504493713,0.056300003081560135,0,0.9643000364303589
2021-02-14 22:48:01,0,1.014299988746643,0.2661000192165375,0.9320000410079956,1.128600001335144,0.7137000560760498,0.08000000566244125,0,1.0308001041412354
2021-02-14 23:02:25,0,1.006500005722046,0.28760001063346863,0.9505000710487366,1.1011000871658325,0.7318000197410583,0.056700002402067184,0,0.9654000997543335
2021-02-14 23:16:49,0,1.0550000667572021,0.2443000078201294,0.9218000173568726,1.1801000833511353,0.7069000601768494,0.06650000065565109,0,1.0171000957489014
2021-02-14 23:31:13,0,1.0040000677108765,0.2524999976158142,0.9623000621795654,1.1069999933242798,0.7342000603675842,0.061100006103515625,0,0.9705000519752502
2021-02-14 23:45:37,0,1.0540000200271606,0.26590001583099365,0.9186000823974609,1.2004001140594482,0.6908000111579895,0.06890000402927399,0,1.014299988746643
2021-02-15 00:00:01,0,1.0090000629425049,0.26020002365112305,0.901900053024292,1.1053000688552856,0.6664000749588013,0.06680000573396683,0,1.0218000411987305
2021-02-15 00:14:25,0,1.0577001571655273,0.2720000147819519,0.9607000350952148,1.2047001123428345,0.7258000373840332,0.06180000305175781,0,0.9772000312805176
2021-02-15 00:28:49,0,1.0550000667572021,0.27900001406669617,0.946600079536438,1.2125999927520752,0.6920000314712524,0.07420001178979874,0,0.9774000644683838
2021-02-15 00:43:13,0,1.0049999952316284,0.26280003786087036,0.8929000496864319,0.8106001019477844,0.6480000019073486,0.056700002402067184,0,1.040200114250183
2021-02-15 00:57:37,0,1.0424001216888428,0.27230003476142883,0.9320000410079956,0.7956000566482544,0.6721000671386719,0.06540000438690186,0,1.0357000827789307
2021-02-15 01:12:01,0,1.0130000114440918,0.2621000111103058,0.8842000365257263,0.8505000472068787,0.6486000418663025,0.055900003761053085,0,0.9821000695228577
2021-02-15 01:26:25,0,1.0099999904632568,0.27150002121925354,0.903700053691864,0.8007000684738159,0.6652000546455383,0.06800000369548798,0,1.0456000566482544
2021-02-15 01:40:49,0,1.0550000667572021,0.25770002603530884,0.9261000752449036,0.9778000116348267,0.6530000567436218,0.05770000442862511,0,0.9818000197410583
2021-02-15 01:55:13,0,1.0780000686645508,0.27820003032684326,0.9017000794410706,1.0081000328063965,0.6726000905036926,0.05700000375509262,0,0.982900083065033
2021-02-15 02:09:37,0,1.0154000520706177,0.2596000134944916,0.936500072479248,0.9141000509262085,0.640500009059906,0.06830000877380371,0,1.034500002861023
2021-02-15 02:24:01,0,1.012100100517273,0.2752000391483307,0.929900050163269,0.9734000563621521,0.6577000617980957,0.05740000307559967,0,0.9811000823974609
2021-02-15 02:38:25,0,1.0576000213623047,0.26100000739097595,0.9032000303268433,0.9091000556945801,0.6252000331878662,0.06700000166893005,0,1.037500023841858
2021-02-15 02:52:49,0,1.0601000785827637,0.2720000147819519,0.8909000754356384,0.9133000373840332,0.625,0.06540000438690186,0,1.0323001146316528
2021-02-15 03:07:13,0,0.9980000257492065,0.2630000114440918,0.9312000274658203,0.9879000782966614,0.6622000336647034,0.057500001043081284,0,0.9877000451087952
2021-02-15 03:21:37,0,0.9970000386238098,0.270300030708313,0.9538000226020813,0.9234000444412231,0.6367999911308289,0.05740000307559967,0,1.0282001495361328
2021-02-15 03:36:01,0,1.0760000944137573,0.26360002160072327,0.8986001014709473,0.998400092124939,0.6748000383377075,0.06790000200271606,0,0.9790000319480896
2021-02-15 03:50:25,0,1.0674999952316284,0.26200002431869507,0.9336000680923462,0.9173000454902649,0.6730000376701355,0.0674000084400177,0,0.9716000556945801
2021-02-15 04:04:49,0,1.0062000751495361,0.27080002427101135,0.8948000073432922,1.011600136756897,0.6360000371932983,0.057500001043081284,0,1.0179001092910767
2021-02-15 04:19:13,0,1.007200002670288,0.2710000276565552,0.891800045967102,1.006100058555603,0.6734000444412231,0.06599999964237213,0,0.968500018119812
2021-02-15 04:33:37,0,1.05020010471344,0.2624000012874603,0.9317000508308411,0.9133000373840332,0.6444000601768494,0.05840000510215759,0,1.0144001245498657
2021-02-15 04:48:01,0,1.027999997138977,0.26200002431869507,0.949600100517273,0.8036000728607178,0.6606000661849976,0.0609000027179718,0,1.0455000400543213
2021-02-15 05:02:25,0,1.0635000467300415,0.27090001106262207,0.9106000661849976,0.8628000020980835,0.634600043296814,0.10540000349283218,0,0.9634000658988953
2021-02-15 05:16:49,0,1.027000069618225,0.2639999985694885,0.8971000909805298,0.8927000761032104,0.6557000279426575,0.058100003749132156,0,1.0213000774383545
2021-02-15 05:31:13,0,1.0700000524520874,0.27160000801086426,0.9529000520706177,0.8103000521659851,0.6367999911308289,0.06850000470876694,0,0.9677000641822815
2021-02-15 05:45:37,0,1.0170000791549683,0.2711000144481659,0.8998000025749207,0.8114000558853149,0.6304000616073608,0.07980000972747803,0,0.9687000513076782
2021-02-15 06:00:01,0,1.120300054550171,0.2622000277042389,0.9552000761032104,0.9905000329017639,0.6547000408172607,0.06320000439882278,0,1.0145000219345093
2021-02-15 06:14:25,0,1.0090000629425049,0.2590000033378601,0.9314000606536865,0.9869000911712646,0.650700032711029,0.06340000778436661,0,1.02590012550354
2021-02-15 06:28:49,0,1.1391000747680664,0.28690001368522644,1.0088000297546387,0.8379000425338745,0.6231000423431396,0.06690000742673874,0,0.9668000340461731
2021-02-15 06:43:13,0,1.0550000667572021,0.2718999981880188,1.0211000442504883,0.857900083065033,0.6319000720977783,0.06270000338554382,0,1.0149000883102417
2021-02-15 06:57:37,0,1.158000111579895,0.2590000033378601,0.9392000436782837,0.9325000643730164,0.6116000413894653,0.06710000336170197,0,0.9656000733375549
2021-02-15 07:12:01,0,1.1490000486373901,0.27000001072883606,0.954300045967102,0.9291000962257385,0.6434000730514526,0.06720000505447388,0,1.0365999937057495
2021-02-15 07:26:25,0,1.034000039100647,0.2606000304222107,0.9996001124382019,0.7916000485420227,0.6187000274658203,0.062400005757808685,0,0.9672000408172607
2021-02-15 07:40:49,0,1.0410000085830688,0.2600000202655792,1.0119000673294067,0.917400062084198,0.6443000435829163,0.05730000138282776,0,0.9641000628471375
2021-02-15 07:55:13,0,1.1537001132965088,0.27000001072883606,0.9597000479698181,0.8564000725746155,0.6073000431060791,0.06730000674724579,0,1.0083000659942627
2021-02-15 08:09:37,0,1.0430001020431519,0.2598000168800354,0.9524000883102417,0.9155000448226929,0.6114000678062439,0.06130000203847885,0,1.0443000793457031
2021-02-15 08:24:01,0,1.159000039100647,0.2702000141143799,1.0083000659942627,0.86080002784729,0.6389000415802002,0.06640000641345978,0,0.9785000681877136
2021-02-15 08:38:25,0,1.148300051689148,0.27300000190734863,0.9689000844955444,0.8487000465393066,0.6309000253677368,0.06690000742673874,0,1.0176000595092773
2021-02-15 08:52:49,0,1.0279000997543335,0.2639999985694885,1.0130000114440918,0.9223000407218933,0.6103000044822693,0.05780000239610672,0,0.9833000302314758
2021-02-15 09:07:13,0,1.1730000972747803,0.2600000202655792,0.9867000579833984,0.9235000610351562,0.6136000752449036,0.06690000742673874,0,0.9759000539779663
2021-02-15 09:21:37,0,1.0200001001358032,0.27410000562667847,1.0523000955581665,0.8547000288963318,0.6390000581741333,0.06200000271201134,0,1.0140000581741333
2021-02-15 09:36:01,0,1.147800087928772,0.2722000181674957,0.9456000924110413,0.8494000434875488,0.6327000260353088,0.06690000742673874,0,1.0169000625610352
2021-02-15 09:50:25,0,1.0250000953674316,0.26090002059936523,1.0284000635147095,0.9044000506401062,0.610200047492981,0.0568000003695488,0,0.9700000286102295
2021-02-15 10:04:49,0,1.1396000385284424,0.26090002059936523,1.0515999794006348,0.8644000887870789,0.6105000376701355,0.06920000910758972,0,0.9824000597000122
2021-02-15 10:19:13,0,1.0170000791549683,0.2702000141143799,0.9832000732421875,0.9223000407218933,0.6353000402450562,0.0568000003695488,0,1.0343000888824463
2021-02-15 10:33:37,0,1.1516000032424927,0.26200002431869507,0.9696000814437866,0.8566001057624817,0.6154000759124756,0.06540000438690186,0,1.041599988937378
2021-02-15 10:48:01,0,1.0150001049041748,0.27150002121925354,1.0015000104904175,0.9289000630378723,0.6459000706672668,0.056700002402067184,0,0.9755000472068787
2021-02-15 11:02:25,0,1.128000020980835,0.26410001516342163,1.0149000883102417,0.8598000407218933,0.6214000582695007,0.06730000674724579,0,1.0303001403808594
2021-02-15 11:16:49,0,1.0254000425338745,0.2726000249385834,0.9812000393867493,0.9532000422477722,0.6594000458717346,0.061900004744529724,0,0.9750000238418579
2021-02-15 11:31:13,0,1.1430000066757202,0.2638000249862671,0.9773000478744507,0.8622000813484192,0.6300000548362732,0.05700000375509262,0,1.025800108909607
2021-02-15 11:45:37,0,1.0130000114440918,0.27230003476142883,1.0319000482559204,1.025800108909607,0.6747000217437744,0.06730000674724579,0,0.9743000268936157
2021-02-15 12:00:01,0,1.1299999952316284,0.270300030708313,1.0367001295089722,1.0642001628875732,0.626300036907196,0.057200003415346146,0,1.0246000289916992
2021-02-15 12:14:25,0,1.0210000276565552,0.262300044298172,0.971000075340271,0.976900041103363,0.6731000542640686,0.07730000466108322,0,0.9748000502586365
2021-02-15 12:28:49,0,1.1299999952316284,0.2720000147819519,0.9765000343322754,0.9766001105308533,0.6562000513076782,0.056400004774332047,0,0.9756000638008118
2021-02-15 12:43:13,0,0.999000072479248,0.2633000314235687,1.0242000818252563,1.0486000776290894,0.689300000667572,0.06470000743865967,0,1.0320000648498535
2021-02-15 12:57:37,0,0.9992000460624695,0.27400001883506775,1.0480000972747803,1.065600037574768,0.6895000338554382,0.05660000443458557,0,1.0260000228881836
2021-02-15 13:12:01,0,1.1230000257492065,0.2590000033378601,0.9320000410079956,0.9772000312805176,0.67330002784729,0.06880000978708267,0,0.9669000506401062
2021-02-15 13:26:25,0,1.1170001029968262,0.2599000036716461,0.9188000559806824,0.9762000441551208,0.6531000733375549,0.0617000050842762,0,0.968000054359436
2021-02-15 13:40:49,0,1.0070000886917114,0.27300000190734863,0.9922000765800476,1.0589001178741455,0.6840000152587891,0.06990000605583191,0,1.053800106048584
2021-02-15 13:55:13,0,0.9930000305175781,0.27010002732276917,0.9700000286102295,1.0515999794006348,0.6857000589370728,0.06459999829530716,0,1.053200125694275
2021-02-15 14:09:37,0,1.1140000820159912,0.2590000033378601,0.9291000962257385,0.9693000316619873,0.6612000465393066,0.056400004774332047,0,0.9892000555992126
2021-02-15 14:24:01,0,0.9863000512123108,0.26989999413490295,0.9765000343322754,0.970300018787384,0.6547999978065491,0.07740000635385513,0,0.9826000928878784
2021-02-15 14:38:25,0,1.1058001518249512,0.26020002365112305,0.9182000756263733,1.0357000827789307,0.7015000581741333,0.05650000274181366,0,1.0149000883102417
2021-02-15 14:52:49,0,1.0040000677108765,0.2728000283241272,0.9581000804901123,0.9732000827789307,0.7122000455856323,0.06650000065565109,0,1.0307000875473022
2021-02-15 15:07:13,0,1.1069999933242798,0.26270002126693726,0.9167000651359558,1.0458000898361206,0.6933000087738037,0.056400004774332047,0,0.9818000197410583
2021-02-15 15:21:37,0,1.1140000820159912,0.2628999948501587,0.9172000288963318,1.0469000339508057,0.6980000138282776,0.06680000573396683,0,1.03000009059906
2021-02-15 15:36:01,0,1.012600064277649,0.27400001883506775,0.9624000787734985,0.9761000871658325,0.6643000245094299,0.05650000274181366,0,0.984700083732605
2021-02-15 15:50:25,0,1.1440000534057617,0.26280003786087036,0.9175000190734863,1.0365999937057495,0.6486000418663025,0.05730000138282776,0,0.9925000667572021
2021-02-15 16:04:49,0,1.025800108909607,0.27250000834465027,0.9666000604629517,0.9793000221252441,0.6764000654220581,0.06610000133514404,0,1.0477001667022705
2021-02-15 16:19:13,0,1.1197000741958618,0.2726000249385834,0.9293000102043152,0.9732000827789307,0.6520000100135803,0.05700000375509262,0,1.0249000787734985
2021-02-15 16:33:37,0,1.0017000436782837,0.26360002160072327,0.8759000897407532,1.0356000661849976,0.7017000317573547,0.06700000166893005,0,0.9904000759124756
2021-02-15 16:48:01,0,0.999000072479248,0.2737000286579132,0.8814000487327576,1.0420000553131104,0.6645000576972961,0.05660000443458557,0,1.0529000759124756
2021-02-15 17:02:25,0,1.1500000953674316,0.26510003209114075,0.9219000935554504,0.9795000553131104,0.714400053024292,0.06520000845193863,0,0.984700083732605
2021-02-15 17:16:49,0,1.025800108909607,0.2603999972343445,0.8693000078201294,1.0350000858306885,0.7098000049591064,0.05780000239610672,0,1.0706000328063965
2021-02-15 17:31:13,0,1.152000069618225,0.2750000059604645,0.901400089263916,0.9707000851631165,0.6679000854492188,0.06940000504255295,0,0.9807000756263733
2021-02-15 17:45:37,0,1.1704000234603882,0.26110002398490906,0.9119000434875488,0.9764000773429871,0.6622000336647034,0.06280000507831573,0,1.0348000526428223
2021-02-15 18:00:01,0,1.0383001565933228,0.2720000147819519,0.8680000305175781,1.0470000505447388,0.7186000943183899,0.07270000874996185,0,0.9892000555992126
2021-02-15 18:14:25,0,1.0450000762939453,0.262300044298172,0.858500063419342,1.0314000844955444,0.6913000345230103,0.07259999960660934,0,1.0287001132965088
2021-02-15 18:28:49,0,1.156000018119812,0.2727000117301941,0.9085000157356262,0.9708000421524048,0.747200071811676,0.06280000507831573,0,0.9907000660896301
2021-02-15 18:43:13,0,1.1548000574111938,0.2763000428676605,0.8947000503540039,0.9747000336647034,0.7434000372886658,0.07320000976324081,0,0.9974000453948975
2021-02-15 18:57:37,0,1.0202000141143799,0.26340001821517944,0.8563000559806824,1.0428000688552856,0.6917999982833862,0.06220000237226486,0,1.0765000581741333
2021-02-15 19:12:01,0,1.027999997138977,0.27390000224113464,0.8627000451087952,1.030500054359436,0.6810000538825989,0.07370001077651978,0,0.993100106716156
2021-02-15 19:26:25,0,1.1360000371932983,0.2607000172138214,0.8922000527381897,0.965100109577179,0.720300018787384,0.0625,0,1.0767000913619995
2021-02-15 19:40:49,0,1.1495000123977661,0.2750000059604645,0.8436000943183899,0.9665000438690186,0.7057999968528748,0.06720000505447388,0,1.046200156211853
2021-02-15 19:55:13,0,1.027000069618225,0.2615000009536743,0.8901000618934631,1.030500054359436,0.7336000800132751,0.07680000364780426,0,1.001400113105774
2021-02-15 20:09:37,0,1.031000018119812,0.2771000266075134,0.8926000595092773,0.9690000414848328,0.7165000438690186,0.07700000703334808,0,1.044100046157837
2021-02-15 20:24:01,0,1.147200107574463,0.26200002431869507,0.8508000373840332,1.0284000635147095,0.6813000440597534,0.07110000401735306,0,1.0002000331878662
2021-02-15 20:38:25,0,1.0295000076293945,0.2722000181674957,0.8598000407218933,0.969700038433075,0.6851000785827637,0.06970001012086868,0,1.05430006980896
2021-02-15 20:52:49,0,1.1640000343322754,0.2624000012874603,0.899600088596344,1.053300142288208,0.6521000862121582,0.07860000431537628,0,0.9991000890731812
2021-02-15 21:07:13,0,1.1662001609802246,0.26100000739097595,0.919700026512146,0.960800051689148,0.6547000408172607,0.07090000808238983,0,1.0384000539779663
2021-02-15 21:21:37,0,1.035099983215332,0.272100031375885,0.8613000512123108,1.027500033378601,0.6767000555992126,0.08009999990463257,0,0.9892000555992126
2021-02-15 21:36:01,0,1.152999997138977,0.27160000801086426,0.9077000617980957,0.963200032711029,0.6764000654220581,0.07970000803470612,0,0.9907000660896301
2021-02-15 21:50:25,0,1.0250000953674316,0.26100000739097595,0.8455000519752502,1.0378000736236572,0.6473000049591064,0.07209999859333038,0,1.0506000518798828
2021-02-15 22:04:49,0,1.1510000228881836,0.2728000283241272,0.9020000696182251,1.0172001123428345,0.653700053691864,0.0682000070810318,0,0.9880000352859497
2021-02-15 22:19:13,0,1.0587000846862793,0.26100000739097595,0.854900062084198,0.9547000527381897,0.6832000613212585,0.07810000330209732,0,1.0630000829696655
2021-02-15 22:33:37,0,1.1600000858306885,0.2710000276565552,0.8784000873565674,1.0329999923706055,0.6805000305175781,0.06970001012086868,0,1.0213000774383545
2021-02-15 22:48:01,0,1.0333000421524048,0.2630000114440918,0.8369000554084778,0.9424000978469849,0.645799994468689,0.07940000295639038,0,0.9849000573158264
2021-02-15 23:02:25,0,1.0300999879837036,0.2621000111103058,0.8875000476837158,1.0551000833511353,0.6982000470161438,0.07900000363588333,0,1.0504000186920166
2021-02-15 23:16:49,0,1.15500009059906,0.27320003509521484,0.8307000398635864,0.9532000422477722,0.6622999906539917,0.06880000978708267,0,0.9845000505447388
2021-02-15 23:31:13,0,1.0360000133514404,0.26100000739097595,0.8317000269889832,1.0124000310897827,0.6860000491142273,0.06790000200271606,0,1.0293000936508179
2021-02-15 23:45:37,0,1.1511000394821167,0.27400001883506775,0.8810000419616699,0.9478000402450562,0.6387000679969788,0.0779000073671341,0,0.9832000732421875
2021-02-16 00:00:01,0,1.027999997138977,0.2751000225543976,0.8201000690460205,1.0146000385284424,0.6716000437736511,0.0706000030040741,0,1.0084000825881958
2021-02-16 00:14:25,0,1.156000018119812,0.2630000114440918,0.8527000546455383,0.9324000477790833,0.6437000632286072,0.07830000668764114,0,0.966200053691864
2021-02-16 00:28:49,0,1.120500087738037,0.2630000114440918,0.8462000489234924,1.0110000371932983,0.6552000641822815,0.0763000100851059,0,1.0442001819610596
2021-02-16 00:43:13,0,1.012700080871582,0.27230003476142883,0.8185000419616699,0.9473000168800354,0.5452000498771667,0.06770000606775284,0,0.9620000720024109
2021-02-16 00:57:37,0,1.1433000564575195,0.2580000162124634,0.8167000412940979,1.0130000114440918,0.5585000514984131,0.07570000737905502,0,1.0029001235961914
2021-02-16 01:12:01,0,1.0220000743865967,0.27639999985694885,0.8694000840187073,0.9416000843048096,0.593500018119812,0.06220000237226486,0,0.9551000595092773
2021-02-16 01:26:25,0,1.1455000638961792,0.271200031042099,0.8235000371932983,0.9477000832557678,0.5922999978065491,0.06270000338554382,0,0.9637000560760498
2021-02-16 01:40:49,0,1.0200001001358032,0.262300044298172,0.8680000305175781,0.9982000589370728,0.656000018119812,0.07040000706911087,0,1.0018000602722168
2021-02-16 01:55:13,0,1.1200000047683716,0.2630000114440918,0.810900092124939,1.0144001245498657,0.6755000352859497,0.0617000050842762,0,0.9570000171661377
2021-02-16 02:09:37,0,1.0152000188827515,0.2735000252723694,0.8561000823974609,0.935900092124939,0.6373000144958496,0.07190000265836716,0,1.0104000568389893
2021-02-16 02:24:01,0,1.0470000505447388,0.25760000944137573,0.8809000849723816,1.0048000812530518,0.6653000116348267,0.07070000469684601,0,1.0024000406265259
2021-02-16 02:38:25,0,0.9940000176429749,0.27300000190734863,0.8238000273704529,0.9383000135421753,0.6224000453948975,0.06320000439882278,0,0.9583000540733337
2021-02-16 02:52:49,0,0.9874000549316406,0.2770000100135803,0.825200080871582,1.0285999774932861,0.6307000517845154,0.07200000435113907,0,0.9528000354766846
2021-02-16 03:07:13,0,1.0433001518249512,0.2648000419139862,0.8634000420570374,0.9387000799179077,0.6488000154495239,0.06670000404119492,0,1.026900053024292
2021-02-16 03:21:37,0,1.0389000177383423,0.2630000114440918,0.8090000152587891,0.9358000159263611,0.6317999958992004,0.06200000271201134,0,0.9534000754356384
2021-02-16 03:36:01,0,0.9770000576972961,0.2752000391483307,0.8553000092506409,1.0046000480651855,0.6670000553131104,0.07070000469684601,0,0.9974000453948975
2021-02-16 03:50:25,0,1.0240000486373901,0.26370003819465637,0.8147000670433044,0.9453000426292419,0.6773000359535217,0.07020001113414764,0,0.9516000747680664
2021-02-16 04:04:49,0,0.9830000400543213,0.2760000228881836,0.8753000497817993,1.0156000852584839,0.6331000924110413,0.06160000339150429,0,0.9937000870704651
2021-02-16 04:19:13,0,0.9930000305175781,0.2760000228881836,0.8089000582695007,0.9321000576019287,0.6543000340461731,0.07040000706911087,0,1.0075000524520874
2021-02-16 04:33:37,0,1.041100025177002,0.2597000300884247,0.8604000806808472,1.0074000358581543,0.6247000694274902,0.06630000472068787,0,0.9558000564575195
2021-02-16 04:48:01,0,0.9920000433921814,0.26200002431869507,0.8192000389099121,0.9432000517845154,0.6513000130653381,0.06640000641345978,0,0.9587000608444214
2021-02-16 05:02:25,0,1.0490000247955322,0.27180004119873047,0.8716000914573669,1.00600004196167,0.6202999949455261,0.08570000529289246,0,1.0064001083374023
2021-02-16 05:16:49,0,0.9820000529289246,0.27400001883506775,0.879300057888031,0.9441000819206238,0.6226000785827637,0.06130000203847885,0,0.9482000470161438
2021-02-16 05:31:13,0,1.0450000762939453,0.2603999972343445,0.831000030040741,1.0083000659942627,0.6505000591278076,0.07320000976324081,0,1.0154000520706177
2021-02-16 05:45:37,0,1.0099999904632568,0.2630000114440918,0.8366000652313232,1.0244001150131226,0.6342000365257263,0.07209999859333038,0,1.0090000629425049
2021-02-16 06:00:01,0,1.1160000562667847,0.2722000181674957,0.8792000412940979,0.9562000632286072,0.6647000312805176,0.06120000407099724,0,0.9655000567436218
2021-02-16 06:14:25,0,1.1400001049041748,0.27390000224113464,0.8613000512123108,1.036500096321106,0.6457000374794006,0.06630000472068787,0,1.026300072669983
2021-02-16 06:28:49,0,1.0164000988006592,0.2621000111103058,0.9385000467300415,0.956000030040741,0.626300036907196,0.07330000400543213,0,0.9557000398635864
2021-02-16 06:43:13,0,1.124000072479248,0.271200031042099,0.9066000580787659,0.9590000510215759,0.6202000379562378,0.06610000133514404,0,1.0114001035690308
2021-02-16 06:57:37,0,1.0049999952316284,0.26100000739097595,0.879300057888031,1.02590012550354,0.6522000432014465,0.06970001012086868,0,0.9607000350952148
2021-02-16 07:12:01,0,1.0080000162124634,0.26100000739097595,0.8898000121116638,0.9622000455856323,0.6325000524520874,0.06360000371932983,0,1.0084000825881958
2021-02-16 07:26:25,0,1.162000060081482,0.2713000178337097,0.9351000785827637,1.0361000299453735,0.6616000533103943,0.06940000504255295,0,0.9581000804901123
2021-02-16 07:40:49,0,1.015700101852417,0.27000001072883606,0.8729000687599182,0.9712000489234924,0.6566000580787659,0.0649000033736229,0,0.9619000554084778
2021-02-16 07:55:13,0,1.1320000886917114,0.26100000739097595,0.9092000722885132,1.0860999822616577,0.6292999982833862,0.06890000402927399,0,1.0260000228881836
2021-02-16 08:09:37,0,1.0284000635147095,0.27140000462532043,0.881100058555603,1.0435000658035278,0.6616000533103943,0.06509999930858612,0,1.008500099182129
2021-02-16 08:24:01,0,1.1380000114440918,0.26200002431869507,0.959100067615509,1.0990999937057495,0.6360000371932983,0.07090000808238983,0,0.9598000049591064
2021-02-16 08:38:25,0,1.0140000581741333,0.2987000346183777,0.8766000866889954,1.0942001342773438,0.6569000482559204,0.06990000605583191,0,1.0136001110076904
2021-02-16 08:52:49,0,1.127000093460083,0.2597000300884247,0.9342000484466553,1.026300072669983,0.6115000247955322,0.06459999829530716,0,0.9597000479698181
2021-02-16 09:07:13,0,1.0188000202178955,0.27160000801086426,0.9381000995635986,1.0442001819610596,0.6140000224113464,0.07170000672340393,0,0.9561001062393188
2021-02-16 09:21:37,0,1.1365000009536743,0.25300002098083496,0.8952000737190247,1.1044000387191772,0.6420000195503235,0.06200000271201134,0,1.0313000679016113
2021-02-16 09:36:01,0,1.1290000677108765,0.25110000371932983,0.8969000577926636,1.1095000505447388,0.6259000301361084,0.061900004744529724,0,0.9687000513076782
2021-02-16 09:50:25,0,1.0320000648498535,0.2600000202655792,0.9265000224113464,1.0457000732421875,0.6614000797271729,0.07030000537633896,0,1.0213000774383545
2021-02-16 10:04:49,0,1.034000039100647,0.26020002365112305,0.8999000787734985,1.0417001247406006,0.6815000176429749,0.06990000605583191,0,1.0047000646591187
2021-02-16 10:19:13,0,1.140700101852417,0.25040000677108765,0.9331001043319702,1.104099988937378,0.6446000933647156,0.05940000340342522,0,0.9554000496864319
2021-02-16 10:33:37,0,1.127000093460083,0.25060001015663147,0.9271000623703003,1.1871000528335571,0.6374000310897827,0.06480000913143158,0,1.027500033378601
2021-02-16 10:48:01,0,1.0210000276565552,0.26100000739097595,0.8949000835418701,1.0575000047683716,0.6592000722885132,0.07000000029802322,0,0.9605000615119934
2021-02-16 11:02:25,0,1.1134001016616821,0.2614000141620636,0.9006000757217407,1.0394999980926514,0.6307000517845154,0.05970000475645065,0,1.0064001083374023
2021-02-16 11:16:49,0,0.9910000562667847,0.25,0.9850000739097595,1.108700156211853,0.6739000678062439,0.0682000070810318,0,0.9633000493049622
2021-02-16 11:31:13,0,0.9820000529289246,0.2501000165939331,0.9513000249862671,1.049700140953064,0.6742000579833984,0.07170000672340393,0,0.9612000584602356
2021-02-16 11:45:37,0,1.1118000745773315,0.26530003547668457,0.9008000493049622,1.121500015258789,0.6525000333786011,0.061500001698732376,0,1.0077999830245972
2021-02-16 12:00:01,0,0.9970000386238098,0.2524999976158142,0.9376000761985779,1.1080000400543213,0.6554000377655029,0.06780000776052475,0,1.0074000358581543
2021-02-16 12:14:25,0,1.128100037574768,0.26530003547668457,0.903700053691864,1.0471000671386719,0.7070000171661377,0.059800002723932266,0,0.9625000357627869
2021-02-16 12:28:49,0,0.9980000257492065,0.2534000277519226,0.9111000895500183,1.0424001216888428,0.6639000773429871,0.06480000913143158,0,0.9638000130653381
2021-02-16 12:43:13,0,1.1030000448226929,0.26530003547668457,0.968000054359436,1.1104000806808472,0.7004000544548035,0.08390000462532043,0,1.009100079536438
2021-02-16 12:57:37,0,1.0201001167297363,0.2633000314235687,0.9087000489234924,1.122900128364563,0.6926000714302063,0.07280000299215317,0,0.973300039768219
2021-02-16 13:12:01,0,1.1069999933242798,0.2517000138759613,0.9492000341415405,1.0365999937057495,0.6773000359535217,0.0853000059723854,0,1.0175000429153442
2021-02-16 13:26:25,0,1.1050000190734863,0.25300002098083496,0.9517000317573547,1.0298000574111938,0.6703000068664551,0.0869000032544136,0,0.9722000360488892
2021-02-16 13:40:49,0,0.97760009765625,0.2775000035762787,0.911300003528595,1.1045000553131104,0.710900068283081,0.07510000467300415,0,1.0260000228881836
2021-02-16 13:55:13,0,0.9833000302314758,0.26090002059936523,0.9167000651359558,1.118499994277954,0.7089000344276428,0.07930000871419907,0,1.0488001108169556
2021-02-16 14:09:37,0,1.0890001058578491,0.2510000169277191,0.9614000916481018,1.0450999736785889,0.6906000971794128,0.08540000766515732,0,0.9865000247955322
2021-02-16 14:24:01,0,1.0010000467300415,0.2606000304222107,0.9109000563621521,1.0350000858306885,0.6725000143051147,0.07660000026226044,0,1.0449000597000122
2021-02-16 14:38:25,0,1.1025999784469604,0.24980001151561737,0.9696000814437866,1.112300157546997,0.7190000414848328,0.0869000032544136,0,0.9848000407218933
2021-02-16 14:52:49,0,0.9949000477790833,0.26520001888275146,0.9375000596046448,1.1308001279830933,0.7265000343322754,0.0763000100851059,0,0.9782000780105591
2021-02-16 15:07:13,0,1.1340000629425049,0.2524999976158142,0.8998000025749207,1.0459001064300537,0.7050000429153442,0.08700000494718552,0,1.1130000352859497
2021-02-16 15:21:37,0,1.1320000886917114,0.25200000405311584,0.9065000414848328,1.1729000806808472,0.6964000463485718,0.07480000704526901,0,0.990100085735321
2021-02-16 15:36:01,0,1.0266000032424927,0.2639999985694885,0.9358000159263611,1.0396000146865845,0.7163000106811523,0.08650000393390656,0,1.069000005722046
2021-02-16 15:50:25,0,1.0160000324249268,0.26520001888275146,0.9699000716209412,1.0469000339508057,0.6934000849723816,0.0747000053524971,0,1.0212000608444214
2021-02-16 16:04:49,0,1.1460000276565552,0.25600001215934753,0.9017000794410706,1.122900128364563,0.7267000675201416,0.08460000157356262,0,0.976900041103363
2021-02-16 16:19:13,0,1.152999997138977,0.25440001487731934,0.9383000135421753,1.130500078201294,0.7207000255584717,0.07520000636577606,0,0.9868000149726868
2021-02-16 16:33:37,0,1.0221000909805298,0.26570001244544983,0.8974000811576843,1.0469000339508057,0.6895000338554382,0.08650000393390656,0,1.0561000108718872
2021-02-16 16:48:01,0,1.158000111579895,0.25540003180503845,0.9389000535011292,1.0373001098632812,0.7050000429153442,0.08460000157356262,0,1.0347001552581787
2021-02-16 17:02:25,0,1.0260000228881836,0.2653999924659729,0.893000066280365,1.1312000751495361,0.6868000030517578,0.07530000805854797,0,0.9719000458717346
2021-02-16 17:16:49,0,1.0150001049041748,0.2573000192642212,0.922200083732605,1.0442001819610596,0.693100094795227,0.10820000618696213,0,0.9719000458717346
2021-02-16 17:31:13,0,1.1660000085830688,0.26580002903938293,0.8789000511169434,1.1200000047683716,0.7148000001907349,0.0771000012755394,0,1.0272001028060913
2021-02-16 17:45:37,0,1.1434000730514526,0.26440000534057617,0.9178000092506409,1.119900107383728,0.7032999992370605,0.08630000799894333,0,0.9741000533103943
2021-02-16 18:00:01,0,1.040000081062317,0.25300002098083496,0.8749000430107117,1.0490000247955322,0.6897000670433044,0.07520000636577606,0,1.1019999980926514
2021-02-16 18:14:25,0,1.031000018119812,0.256600022315979,0.9203000068664551,1.1083000898361206,0.692300021648407,0.08720000833272934,0,1.0164000988006592
2021-02-16 18:28:49,0,1.1299999952316284,0.2645000219345093,0.8709000945091248,1.0434000492095947,0.726900041103363,0.07680000364780426,0,0.9736000895500183
2021-02-16 18:43:13,0,1.1440000534057617,0.25460001826286316,0.876300036907196,1.1030000448226929,0.7232000231742859,0.0869000032544136,0,1.0077000856399536
2021-02-16 18:57:37,0,1.009200096130371,0.26410001516342163,0.9202000498771667,1.0374001264572144,0.7002000212669373,0.07460000365972519,0,0.970300018787384
2021-02-16 19:12:01,0,1.03000009059906,0.25519999861717224,0.8551000952720642,1.1019999980926514,0.7122000455856323,0.06610000133514404,0,0.9766001105308533
2021-02-16 19:26:25,0,1.1431000232696533,0.28300002217292786,0.8904000520706177,1.047300100326538,0.6854000687599182,0.0893000066280365,0,1.0254000425338745
2021-02-16 19:40:49,0,1.156000018119812,0.26600000262260437,0.8979000449180603,1.0337001085281372,0.6877000331878662,0.08630000799894333,0,1.0185000896453857
2021-02-16 19:55:13,0,1.058000087738037,0.25280001759529114,0.8588000535964966,1.1086000204086304,0.71260005235672,0.07590000331401825,0,0.9702000617980957
2021-02-16 20:09:37,0,1.0329999923706055,0.2550000250339508,0.8559000492095947,1.1012001037597656,0.7044000625610352,0.08050000667572021,0,0.9672000408172607
2021-02-16 20:24:01,0,1.144800066947937,0.2645000219345093,0.8977000713348389,1.0433001518249512,0.6857000589370728,0.06280000507831573,0,1.0463000535964966
2021-02-16 20:38:25,0,1.040000081062317,0.2883000373840332,0.9170000553131104,1.090499997138977,0.6854000687599182,0.07420001178979874,0,1.0490000247955322
2021-02-16 20:52:49,0,1.1411000490188599,0.25600001215934753,0.8571000695228577,1.0409001111984253,0.7252000570297241,0.06260000169277191,0,0.9723000526428223
2021-02-16 21:07:13,0,1.1649000644683838,0.2648000419139862,0.896600067615509,1.034500002861023,0.7248000502586365,0.07370001077651978,0,0.9732000827789307
2021-02-16 21:21:37,0,1.065000057220459,0.2556000053882599,0.8562000393867493,1.1004000902175903,0.6907000541687012,0.06459999829530716,0,1.0484000444412231
2021-02-16 21:36:01,0,1.158000111579895,0.2550000250339508,0.89000004529953,1.123900055885315,0.6982000470161438,0.07180000841617584,0,0.9750000238418579
2021-02-16 21:50:25,0,1.027999997138977,0.26420003175735474,0.85260009765625,1.0322000980377197,0.6737000346183777,0.061500001698732376,0,1.019700050354004
2021-02-16 22:04:49,0,1.1570000648498535,0.255700021982193,0.8571000695228577,1.127500057220459,0.6737000346183777,0.07370001077651978,0,0.9759000539779663
2021-02-16 22:19:13,0,1.034000039100647,0.2679000198841095,0.8872000575065613,1.0404000282287598,0.7216000556945801,0.06140000373125076,0,1.0187000036239624
2021-02-16 22:33:37,0,1.168600082397461,0.25300002098083496,0.8741000890731812,1.092900037765503,0.7138000130653381,0.06160000339150429,0,0.9667000770568848
2021-02-16 22:48:01,0,1.0164000988006592,0.2694000005722046,0.8333000540733337,1.035099983215332,0.6852999925613403,0.07190000265836716,0,1.0164000988006592
2021-02-16 23:02:25,0,1.1246000528335571,0.26020002365112305,0.8316000699996948,1.0201001167297363,0.6846000552177429,0.06140000373125076,0,1.0520000457763672
2021-02-16 23:16:49,0,1.0180000066757202,0.2694000005722046,0.8771000504493713,1.0795000791549683,0.708299994468689,0.07410000264644623,0,0.9755000472068787
2021-02-16 23:31:13,0,1.1340000629425049,0.25600001215934753,0.859000027179718,1.1010000705718994,0.7178000211715698,0.06140000373125076,0,1.0189000368118286
2021-02-16 23:45:37,0,1.0040000677108765,0.27490001916885376,0.8219000697135925,1.0200001001358032,0.6802999973297119,0.07300000637769699,0,0.9615000486373901
2021-02-17 00:00:01,0,1.148900032043457,0.2573000192642212,0.8501001000404358,1.0840001106262207,0.6945000290870667,0.07040000706911087,0,0.960800051689148
2021-02-17 00:14:25,0,1.0191000699996948,0.26930004358291626,0.8174000382423401,1.003000020980835,0.6739000678062439,0.06140000373125076,0,1.012100100517273
2021-02-17 00:28:49,0,0.9930000305175781,0.2540000081062317,0.8550000190734863,1.0814000368118286,0.6775000095367432,0.06280000507831573,0,0.9573000073432922
2021-02-17 00:43:13,0,1.1080000400543213,0.2705000042915344,0.8212000727653503,1.0191000699996948,0.6928000450134277,0.07180000841617584,0,1.0034000873565674
2021-02-17 00:57:37,0,1.1232001781463623,0.2549000084400177,0.8231000900268555,1.1007001399993896,0.6975000500679016,0.06379999965429306,0,1.0099000930786133
2021-02-17 01:12:01,0,1.00600004196167,0.27140000462532043,0.8550000190734863,1.0209001302719116,0.6771000623703003,0.0714000016450882,0,0.9575000405311584
2021-02-17 01:26:25,0,0.9976000785827637,0.2600000202655792,0.8077000379562378,1.0111000537872314,0.6756000518798828,0.07130000740289688,0,0.9599000811576843
2021-02-17 01:40:49,0,1.119900107383728,0.2720000147819519,0.8425000309944153,1.0671000480651855,0.6993000507354736,0.0609000027179718,0,1.0404000282287598
2021-02-17 01:55:13,0,1.1069999933242798,0.2754000127315521,0.8839000463485718,1.077200174331665,0.6919000744819641,0.07480000704526901,0,1.0107001066207886
2021-02-17 02:09:37,0,1.0150001049041748,0.2615000009536743,0.8208000063896179,1.0153000354766846,0.7151000499725342,0.0625,0,0.9518000483512878
2021-02-17 02:24:01,0,1.0463000535964966,0.27390000224113464,0.8124000430107117,1.0722001791000366,0.6902000308036804,0.07490000873804092,0,1.0090000629425049
2021-02-17 02:38:25,0,1.00190007686615,0.2540000081062317,0.8550000190734863,1.009700059890747,0.7017000317573547,0.06290000677108765,0,0.9612000584602356
2021-02-17 02:52:49,0,0.9650000333786011,0.27140000462532043,0.8501001000404358,1.103200078010559,0.6978000402450562,0.06270000338554382,0,0.9997000694274902
2021-02-17 03:07:13,0,1.0232000350952148,0.25290003418922424,0.8051000833511353,1.0004000663757324,0.7328000068664551,0.08270000666379929,0,0.9576000571250916
2021-02-17 03:21:37,0,0.9780000448226929,0.2710000276565552,0.8623000383377075,1.0149000883102417,0.7354000806808472,0.06270000338554382,0,1.009600043296814
2021-02-17 03:36:01,0,1.0170000791549683,0.25440001487731934,0.8100000619888306,1.0750000476837158,0.7055000066757202,0.07300000637769699,0,0.9671000838279724
2021-02-17 03:50:25,0,1.0080000162124634,0.25600001215934753,0.8530000448226929,1.0120000839233398,0.7156000733375549,0.06290000677108765,0,0.9725000262260437
2021-02-17 04:04:49,0,0.9527000784873962,0.2750000059604645,0.8139000535011292,1.0695000886917114,0.6983000040054321,0.07440000772476196,0,1.093500018119812
2021-02-17 04:19:13,0,0.967400074005127,0.2990000247955322,0.8110000491142273,1.002600073814392,0.6907000541687012,0.07460000365972519,0,0.9806000590324402
2021-02-17 04:33:37,0,1.0170000791549683,0.2564000189304352,0.8494000434875488,1.1218000650405884,0.713200032711029,0.06379999965429306,0,1.0482001304626465
2021-02-17 04:48:01,0,1.0182000398635864,0.2550000250339508,0.8663000464439392,1.0017000436782837,0.6932000517845154,0.06430000811815262,0,0.9793000221252441
2021-02-17 05:02:25,0,0.9790000319480896,0.2689000070095062,0.8318000435829163,1.0862001180648804,0.7235000133514404,0.073900006711483,0,1.0368001461029053
2021-02-17 05:16:49,0,0.9629000425338745,0.255700021982193,0.8256000876426697,1.0106000900268555,0.7224000692367554,0.07530000805854797,0,1.0379000902175903
2021-02-17 05:31:13,0,1.0329999923706055,0.27140000462532043,0.8618000149726868,1.065100073814392,0.6897000670433044,0.06350000202655792,0,0.9803000092506409
2021-02-17 05:45:37,0,0.997700035572052,0.2882000207901001,0.8351000547409058,1.0066001415252686,0.6930000185966492,0.07330000400543213,0,0.9859000444412231
2021-02-17 06:00:01,0,1.0950000286102295,0.25360003113746643,0.8752000331878662,1.1059000492095947,0.7175000309944153,0.0625,0,1.0392000675201416
2021-02-17 06:14:25,0,0.9790000319480896,0.2590000033378601,0.8493000268936157,1.0267001390457153,0.7175000309944153,0.07650000602006912,0,1.0422000885009766
2021-02-17 06:28:49,0,1.1160000562667847,0.2681000232696533,0.9111000895500183,1.0863001346588135,0.7526000738143921,0.06270000338554382,0,0.9978000521659851
2021-02-17 06:43:13,0,1.1177000999450684,0.25930002331733704,0.8695000410079956,1.0978001356124878,0.7493000030517578,0.07330000400543213,0,1.0512001514434814
2021-02-17 06:57:37,0,0.9920000433921814,0.27000001072883606,0.9301000833511353,1.0268001556396484,0.7744000554084778,0.062400005757808685,0,0.9966000914573669
2021-02-17 07:12:01,0,1.090000033378601,0.27300000190734863,0.9205000400543213,1.0343000888824463,0.7898000478744507,0.06360000371932983,0,1.0504000186920166
2021-02-17 07:26:25,0,0.9790000319480896,0.2590000033378601,0.8835000395774841,1.1213001012802124,0.7493000030517578,0.07270000874996185,0,0.9908000230789185
2021-02-17 07:40:49,0,1.00190007686615,0.27140000462532043,0.8807000517845154,1.177700161933899,0.7620000243186951,0.06220000237226486,0,0.9891000986099243
2021-02-17 07:55:13,0,1.125,0.2590000033378601,0.922700047492981,1.0939000844955444,0.7404000759124756,0.07250000536441803,0,1.038100004196167
2021-02-17 08:09:37,0,1.1100000143051147,0.2681000232696533,0.9086000919342041,1.0730000734329224,0.7485000491142273,0.07259999960660934,0,1.0398000478744507
2021-02-17 08:24:01,0,1.00190007686615,0.2556000053882599,0.8851000666618347,1.1558001041412354,0.7881000638008118,0.061500001698732376,0,0.9960000514984131
2021-02-17 08:38:25,0,1.0040000677108765,0.270300030708313,0.8985000252723694,1.1064001321792603,0.7784000635147095,0.061500001698732376,0,1.0332001447677612
2021-02-17 08:52:49,0,1.1180000305175781,0.2578999996185303,0.9275000691413879,1.232100009918213,0.7487000226974487,0.07040000706911087,0,0.9935000538825989
2021-02-17 09:07:13,0,1.125,0.26750001311302185,0.8928000330924988,1.2361000776290894,0.7465000152587891,0.07280000299215317,0,0.9940000176429749
2021-02-17 09:21:37,0,0.9910000562667847,0.25600001215934753,0.9320000410079956,1.1792001724243164,0.7642000317573547,0.06320000439882278,0,1.0447001457214355
2021-02-17 09:36:01,0,1.016700029373169,0.25839999318122864,0.9013000130653381,1.1882001161575317,0.7593000531196594,0.06130000203847885,0,1.0663001537322998
2021-02-17 09:50:25,0,1.127000093460083,0.2669000029563904,0.9430000185966492,1.2573001384735107,0.7904000878334045,0.06980000436306,0,0.9780000448226929
2021-02-17 10:04:49,0,1.1260000467300415,0.26590001583099365,0.9079000949859619,1.2603001594543457,0.7932000756263733,0.07330000400543213,0,0.9808000326156616
2021-02-17 10:19:13,0,1.0160000324249268,0.25780004262924194,0.938800036907196,1.1749000549316406,0.7735000252723694,0.061100006103515625,0,1.0541000366210938
2021-02-17 10:33:37,0,1.1260000467300415,0.255700021982193,0.9551000595092773,1.165600061416626,0.7801000475883484,0.06140000373125076,0,1.020799994468689
2021-02-17 10:48:01,0,1.0125000476837158,0.28610002994537354,0.9076001048088074,1.2527000904083252,0.7455000281333923,0.07090000808238983,0,0.9908000230789185
2021-02-17 11:02:25,0,1.1231000423431396,0.26530003547668457,0.9440000653266907,1.2430000305175781,0.7419000864028931,0.0714000016450882,0,1.0529000759124756
2021-02-17 11:16:49,0,1.0265001058578491,0.25600001215934753,0.8944000601768494,1.1821000576019287,0.7727000713348389,0.06160000339150429,0,0.9871000647544861
2021-02-17 11:31:13,0,1.0070000886917114,0.2702000141143799,0.9133000373840332,1.2656000852584839,0.7468000054359436,0.06370000541210175,0,0.9860000610351562
2021-02-17 11:45:37,0,1.109700083732605,0.2581000328063965,0.9504000544548035,1.1849000453948975,0.7988000512123108,0.07100000232458115,0,1.0344001054763794
2021-02-17 12:00:01,0,1.1290000677108765,0.25699999928474426,0.9399000406265259,1.268800139427185,0.7972000241279602,0.07120000571012497,0,1.0331000089645386
2021-02-17 12:14:25,0,0.9910000562667847,0.2680000066757202,0.8936001062393188,1.1805000305175781,0.7748000025749207,0.061100006103515625,0,0.9824000597000122
2021-02-17 12:28:49,0,1.1440000534057617,0.2672000229358673,0.9071000814437866,1.2457001209259033,0.7763000130653381,0.07270000874996185,0,1.1490000486373901
2021-02-17 12:43:13,0,1.0191000699996948,0.255700021982193,0.9546000957489014,1.1899000406265259,0.7445000410079956,0.06130000203847885,0,0.9850000739097595
2021-02-17 12:57:37,0,1.0023000240325928,0.2580000162124634,0.9678000211715698,1.2529001235961914,0.7704000473022461,0.07240000367164612,0,1.0365999937057495
2021-02-17 13:12:01,0,1.127000093460083,0.26680001616477966,0.9154000878334045,1.17930006980896,0.7542999982833862,0.06100000441074371,0,0.9698000550270081
2021-02-17 13:26:25,0,1.019200086593628,0.25360003113746643,0.9077000617980957,1.272300124168396,0.7643000483512878,0.06160000339150429,0,1.0522000789642334
2021-02-17 13:40:49,0,1.148900032043457,0.2670000195503235,0.94840008020401,1.1956000328063965,0.7833000421524048,0.07259999960660934,0,0.9896000623703003
2021-02-17 13:55:13,0,1.1260000467300415,0.26760002970695496,0.9650000333786011,1.2613000869750977,0.7916000485420227,0.06180000305175781,0,0.9881001114845276
2021-02-17 14:09:37,0,1.0200001001358032,0.25699999928474426,0.9246000647544861,1.182800054550171,0.7630000114440918,0.07190000265836716,0,1.0297001600265503
2021-02-17 14:24:01,0,1.1500000953674316,0.26570001244544983,0.9675000309944153,1.2085000276565552,0.7528000473976135,0.07220000773668289,0,1.0331000089645386
2021-02-17 14:38:25,0,1.0150001049041748,0.251800000667572,0.9141000509262085,1.3075000047683716,0.7779000401496887,0.06130000203847885,0,0.9911000728607178
2021-02-17 14:52:49,0,1.132099986076355,0.27410000562667847,0.9520000219345093,1.3291000127792358,0.7854000329971313,0.061100006103515625,0,1.0483001470565796
2021-02-17 15:07:13,0,1.0333000421524048,0.24800001084804535,0.9102000594139099,1.1715000867843628,0.8271000981330872,0.07110000401735306,0,0.9867000579833984
2021-02-17 15:21:37,0,1.1330000162124634,0.2396000176668167,0.9029000401496887,1.2452001571655273,0.8171000480651855,0.06180000305175781,0,1.0575000047683716
2021-02-17 15:36:01,0,0.999000072479248,0.2738000452518463,0.957800030708313,1.1637001037597656,0.8351000547409058,0.07220000773668289,0,0.9906001091003418
2021-02-17 15:50:25,0,1.1222001314163208,0.24000000953674316,0.9552000761032104,1.2673001289367676,0.8351000547409058,0.06160000339150429,0,1.0511000156402588
2021-02-17 16:04:49,0,1.0080000162124634,0.26420003175735474,0.914400041103363,1.1488001346588135,0.815000057220459,0.0706000030040741,0,0.9856000542640686
2021-02-17 16:19:13,0,1.0130000114440918,0.23900000751018524,0.9569000601768494,1.1708000898361206,0.8229000568389893,0.0714000016450882,0,0.9904000759124756
2021-02-17 16:33:37,0,1.1370000839233398,0.2639999985694885,0.9089000821113586,1.2584000825881958,0.7928000092506409,0.06120000407099724,0,1.162000060081482
2021-02-17 16:48:01,0,1.027999997138977,0.2452000081539154,0.9050000309944153,1.1949000358581543,0.804900050163269,0.06210000440478325,0,1.0760000944137573
2021-02-17 17:02:25,0,1.1200000047683716,0.26420003175735474,0.9725000262260437,1.301900029182434,0.8233000040054321,0.07170000672340393,0,0.9987000823020935
2021-02-17 17:16:49,0,1.1299999952316284,0.26500001549720764,0.9432000517845154,1.3143000602722168,0.8118000030517578,0.0731000006198883,0,0.9915000200271606
2021-02-17 17:31:13,0,1.00600004196167,0.2435000091791153,0.8944000601768494,1.2466000318527222,0.8267000317573547,0.06220000237226486,0,1.0393000841140747
2021-02-17 17:45:37,0,1.03000009059906,0.26100000739097595,0.891800045967102,1.2483000755310059,0.8261000514030457,0.09070000797510147,0,0.9913000464439392
2021-02-17 18:00:01,0,1.1410000324249268,0.24050001800060272,0.959100067615509,1.3111000061035156,0.8006000518798828,0.06530000269412994,0,1.0457000732421875
2021-02-17 18:14:25,0,0.9960000514984131,0.24340002238750458,0.8849000930786133,1.2395000457763672,0.8093000054359436,0.07430000603199005,0,1.078200101852417
2021-02-17 18:28:49,0,1.128000020980835,0.27300000190734863,0.9126001000404358,1.3564001321792603,0.7939000725746155,0.0642000064253807,0,0.9906001091003418
2021-02-17 18:43:13,0,1.1197000741958618,0.2541000247001648,0.9441000819206238,1.2390000820159912,0.7900000214576721,0.0642000064253807,0,1.0001001358032227
2021-02-17 18:57:37,0,1.0265001058578491,0.2696000337600708,0.8914000391960144,1.3026000261306763,0.8099000453948975,0.07530000805854797,0,1.047300100326538
2021-02-17 19:12:01,0,1.1262000799179077,0.25519999861717224,0.8744000792503357,1.324700117111206,0.803100049495697,0.06360000371932983,0,1.1260000467300415
2021-02-17 19:26:25,0,1.0220000743865967,0.2673000395298004,0.927600085735321,1.2462000846862793,0.8409000635147095,0.07450000196695328,0,0.9953000545501709
2021-02-17 19:40:49,0,1.0040000677108765,0.2680000066757202,0.9180000424385071,1.3001000881195068,0.8397000432014465,0.06459999829530716,0,1.0022000074386597
2021-02-17 19:55:13,0,1.127000093460083,0.25699999928474426,0.8813000321388245,1.2433000802993774,0.7839000821113586,0.07650000602006912,0,1.0599000453948975
2021-02-17 20:09:37,0,1.0129001140594482,0.2670000195503235,0.8832000494003296,1.3157001733779907,0.8211000561714172,0.07660000026226044,0,1.0382001399993896
2021-02-17 20:24:01,0,1.1082000732421875,0.2580000162124634,0.9341000914573669,1.2275999784469604,0.7940000295639038,0.06459999829530716,0,0.9898000359535217
2021-02-17 20:38:25,0,0.999000072479248,0.2702000141143799,0.8781000971794128,1.2315000295639038,0.7912999987602234,0.07270000874996185,0,0.976900041103363
2021-02-17 20:52:49,0,1.1200000047683716,0.25460001826286316,0.9271000623703003,1.313099980354309,0.8039000630378723,0.06400000303983688,0,1.0563000440597534
2021-02-17 21:07:13,0,1.1320000886917114,0.2678000330924988,0.9190000295639038,1.2298001050949097,0.7833000421524048,0.07420001178979874,0,0.9892000555992126
2021-02-17 21:21:37,0,1.027999997138977,0.2534000277519226,0.8673000335693359,1.2989001274108887,0.8019000887870789,0.06509999930858612,0,1.0439001321792603
2021-02-17 21:36:01,0,0.9765000343322754,0.25300002098083496,0.9683000445365906,1.3018001317977905,0.8029000759124756,0.06450000405311584,0,1.0400999784469604
2021-02-17 21:50:25,0,1.1130000352859497,0.2677000164985657,0.8696000576019287,1.2440000772476196,0.7790000438690186,0.07410000264644623,0,0.9867000579833984
2021-02-17 22:04:49,0,1.1230000257492065,0.26430001854896545,0.9364000558853149,1.2853001356124878,0.7748000025749207,0.07320000976324081,0,0.9884000420570374
2021-02-17 22:19:13,0,0.9880000352859497,0.2534000277519226,0.8658000230789185,1.2201000452041626,0.7955000400543213,0.06350000202655792,0,1.0368001461029053
2021-02-17 22:33:37,0,1.0090000629425049,0.248400017619133,0.8938000202178955,1.2929000854492188,0.7725000381469727,0.06430000811815262,0,1.0348000526428223
2021-02-17 22:48:01,0,1.0890001058578491,0.2669000029563904,0.8622000813484192,1.2229000329971313,0.7976000905036926,0.08580000698566437,0,0.9902000427246094
2021-02-17 23:02:25,0,0.982900083065033,0.24170000851154327,0.8769000768661499,1.2987000942230225,0.8042000532150269,0.10620000958442688,0,1.0362001657485962
2021-02-17 23:16:49,0,1.1040000915527344,0.2670000195503235,0.8443000316619873,1.2137001752853394,0.7752000689506531,0.06379999965429306,0,0.9889000654220581
2021-02-17 23:31:13,0,1.1207001209259033,0.23970000445842743,0.8470000624656677,1.2117000818252563,0.8056000471115112,0.08740000426769257,0,0.9903000593185425
2021-02-17 23:45:37,0,0.9900000691413879,0.26360002160072327,0.9048000574111938,1.2909001111984253,0.7752000689506531,0.06370000541210175,0,1.0430999994277954
2021-02-18 00:00:01,0,1.0040000677108765,0.24390001595020294,0.8481000661849976,1.2271000146865845,0.784000039100647,0.06920000910758972,0,1.029900074005127