DateTime,"WEAVER_WN2_ACTIVE_POWER","WEAVER_WN4_ACTIVE_POWER","WEAVER_WN5_ACTIVE_POWER","WEAVER_WS3_ACTIVE_POWER","WEAVER_WS4_ACTIVE_POWER","WEAVER_WS5_ACTIVE_POWER"
2021-08-12 00:00:01,0.8183000087738037,0.7377000451087952,0.5902000665664673,0.421500027179718,0.4759000241756439,0.09540000557899475
2021-08-12 00:14:25,0.8925000429153442,0.7175000309944153,0.5622000098228455,0.3988000452518463,0.46490001678466797,0.0893000066280365
2021-08-12 00:28:49,0.9034000635147095,0.7469000816345215,0.5830000042915344,0.39570003747940063,0.4651000201702118,0.09080000966787338
2021-08-12 00:43:13,0.8266000747680664,0.7110000252723694,0.5611000657081604,0.4082000255584717,0.47450003027915955,0.10980001091957092
2021-08-12 00:57:37,0.810200035572052,0.7072000503540039,0.5804000496864319,0.4245000183582306,0.46070003509521484,0.11480000615119934
2021-08-12 01:12:01,0.8962000608444214,0.7777000665664673,0.5607000589370728,0.3976000249385834,0.48580002784729004,0.09100000560283661
2021-08-12 01:26:25,0.8075000643730164,0.7095000147819519,0.556600034236908,0.38620004057884216,0.4755000174045563,0.10910000652074814
2021-08-12 01:40:49,0.8819000720977783,0.7363000512123108,0.5812000632286072,0.40970003604888916,0.5136000514030457,0.08880000561475754
2021-08-12 01:55:13,0.8824000954627991,0.7316000461578369,0.5746000409126282,0.41100001335144043,0.47780004143714905,0.08870001137256622
2021-08-12 02:09:37,0.8063000440597534,0.6472000479698181,0.5136000514030457,0.38620004057884216,0.49230003356933594,0.09370000660419464
2021-08-12 02:24:01,0.8545000553131104,0.6566000580787659,0.511400043964386,0.3880000114440918,0.48760002851486206,0.08810000121593475
2021-08-12 02:38:25,0.7992000579833984,0.6425000429153442,0.5265000462532043,0.40070003271102905,0.5046000480651855,0.09380000829696655
2021-08-12 02:52:49,0.86080002784729,0.6440000534057617,0.5052000284194946,0.40640002489089966,0.49900001287460327,0.09260000288486481
2021-08-12 03:07:13,0.8005000352859497,0.6672000288963318,0.5259000658988953,0.38850000500679016,0.47870004177093506,0.08790000528097153
2021-08-12 03:21:37,0.79420006275177,0.6445000171661377,0.5333000421524048,0.4037000238895416,0.48010003566741943,0.09330000728368759
2021-08-12 03:36:01,0.859000027179718,0.6694000363349915,0.5080000162124634,0.3863000273704529,0.460500031709671,0.08790000528097153
2021-08-12 03:50:25,0.7978000044822693,0.6642000675201416,0.5022000074386597,0.3767000436782837,0.4638000428676605,0.09220001101493835
2021-08-12 04:04:49,0.8849000930786133,0.6424000263214111,0.5293000340461731,0.39560002088546753,0.4768000543117523,0.08880000561475754
2021-08-12 04:19:13,0.7941000461578369,0.6482000350952148,0.5029000043869019,0.37630003690719604,0.45990002155303955,0.09450000524520874
2021-08-12 04:33:37,0.8682000637054443,0.7044000625610352,0.5232999920845032,0.39810001850128174,0.4905000329017639,0.08840000629425049
2021-08-12 04:48:01,0.7974000573158264,0.6939000487327576,0.5041000247001648,0.38690000772476196,0.4611000418663025,0.08910000324249268
2021-08-12 05:02:25,0.9952000379562378,0.7337000370025635,0.5726000666618347,0.4012000262737274,0.4926000237464905,0.09690000861883163
2021-08-12 05:16:49,1.0071001052856445,0.7201000452041626,0.5542000532150269,0.3741000294685364,0.49890002608299255,0.09150000661611557
2021-08-12 05:31:13,0.8082000613212585,0.7057000398635864,0.5926000475883484,0.43140000104904175,0.46140000224113464,0.09720000624656677
2021-08-12 05:45:37,0.968000054359436,0.7179000377655029,0.5731000900268555,0.40160003304481506,0.48250001668930054,0.09290000796318054
2021-08-12 06:00:01,0.8449000716209412,0.7546000480651855,0.5958000421524048,0.42260003089904785,0.5344000458717346,0.10450000315904617
2021-08-12 06:14:25,0.962100088596344,0.7308000326156616,0.589400053024292,0.4109000265598297,0.5017000436782837,0.0974000096321106
2021-08-12 06:28:49,0.8528000116348267,0.7637000679969788,0.5624000430107117,0.3987000286579132,0.5408000349998474,0.10630001127719879
2021-08-12 06:43:13,0.9930000305175781,0.7255000472068787,0.6009000539779663,0.4285000264644623,0.5073000192642212,0.10480000823736191
2021-08-12 06:57:37,0.8587000370025635,0.768500030040741,0.5730000138282776,0.39330002665519714,0.539400041103363,0.09890000522136688
2021-08-12 07:12:01,0.8895000219345093,0.72760009765625,0.5684000253677368,0.39910003542900085,0.5013999938964844,0.09840000420808792
2021-08-12 07:26:25,1.0272001028060913,0.7694000601768494,0.5978000164031982,0.41430002450942993,0.5306000709533691,0.10930000990629196
2021-08-12 07:40:49,0.9094000458717346,0.7395000457763672,0.5726000666618347,0.41440001130104065,0.5018000602722168,0.10620000958442688
2021-08-12 07:55:13,1.1104000806808472,0.8012000322341919,0.6259000301361084,0.3907000422477722,0.5353000164031982,0.09600000083446503
2021-08-12 08:09:37,0.9229000806808472,0.7542999982833862,0.6338000297546387,0.4049000144004822,0.5049999952316284,0.11810000240802765
2021-08-12 08:24:01,1.0460000038146973,0.8149000406265259,0.5814000368118286,0.4508000314235687,0.5594000220298767,0.09370000660419464
2021-08-12 08:38:25,0.9339000582695007,0.7562000751495361,0.5900000333786011,0.4254000186920166,0.5368000268936157,0.09700000286102295
2021-08-12 08:52:49,1.1385999917984009,0.7975000143051147,0.6212000250816345,0.4564000070095062,0.4984000027179718,0.10510000586509705
2021-08-12 09:07:13,0.9459000825881958,0.7674000859260559,0.6066000461578369,0.44530004262924194,0.5330000519752502,0.09870000928640366
2021-08-12 09:21:37,1.1129000186920166,0.8136000633239746,0.6559000611305237,0.4165000319480896,0.500700056552887,0.10730000585317612
2021-08-12 09:36:01,1.0525000095367432,0.7753000259399414,0.6788000464439392,0.4228000342845917,0.5023000240325928,0.10470000654459
2021-08-12 09:50:25,0.9597000479698181,0.8255000114440918,0.6083000302314758,0.45590001344680786,0.5610000491142273,0.14169999957084656
2021-08-12 10:04:49,0.9691000580787659,0.82750004529953,0.6538000106811523,0.45160001516342163,0.5301000475883484,0.10790000855922699
2021-08-12 10:19:13,1.196600079536438,0.7765000462532043,0.6071000695228577,0.4410000145435333,0.5037000179290771,0.11730001121759415
2021-08-12 10:33:37,1.1360000371932983,0.8289000391960144,0.6150000095367432,0.43890002369880676,0.5034000277519226,0.10920000821352005
2021-08-12 10:48:01,0.9877000451087952,0.7814000844955444,0.6756000518798828,0.4707000255584717,0.5361000895500183,0.18200001120567322
2021-08-12 11:02:25,1.0021001100540161,0.7846000790596008,0.6177000403404236,0.4772000312805176,0.5527000427246094,0.17350000143051147
2021-08-12 11:16:49,1.189500093460083,0.8321000933647156,0.6816000938415527,0.4456000328063965,0.5012000203132629,0.1104000061750412
2021-08-12 11:31:13,1.0344001054763794,0.7819000482559204,0.7002000212669373,0.4532000422477722,0.5544000267982483,0.11240001022815704
2021-08-12 11:45:37,1.1878000497817993,0.831000030040741,0.6230000257492065,0.47780004143714905,0.5060000419616699,0.13700000941753387
2021-08-12 12:00:01,1.1420999765396118,0.771600067615509,0.6277000308036804,0.4727000296115875,0.5455000400543213,0.11390000581741333
2021-08-12 12:14:25,1.0004000663757324,0.8536000847816467,0.7084000706672668,0.45170003175735474,0.5169000625610352,0.12600000202655792
2021-08-12 12:28:49,1.0053000450134277,0.8258000016212463,0.6350000500679016,0.4699000120162964,0.5178000330924988,0.11420001089572906
2021-08-12 12:43:13,1.1641000509262085,0.7821000814437866,0.6964000463485718,0.4489000141620636,0.5906000733375549,0.1574000120162964
2021-08-12 12:57:37,1.002500057220459,0.8425000309944153,0.6996000409126282,0.45090001821517944,0.5494000315666199,0.1145000085234642
2021-08-12 13:12:01,1.2608001232147217,0.7921000719070435,0.6428000330924988,0.48330003023147583,0.5163000226020813,0.1258000135421753
2021-08-12 13:26:25,1.0089000463485718,0.79420006275177,0.6372000575065613,0.4468000531196594,0.5527000427246094,0.1145000085234642
2021-08-12 13:40:49,1.2045999765396118,0.9170000553131104,0.6899000406265259,0.48100003600120544,0.5147000551223755,0.13920000195503235
2021-08-12 13:55:13,1.0202000141143799,0.7839000821113586,0.6791000962257385,0.4910000264644623,0.510200023651123,0.12650001049041748
2021-08-12 14:09:37,1.1660000085830688,0.8364000916481018,0.6445000171661377,0.4557000398635864,0.5462000370025635,0.1161000058054924
2021-08-12 14:24:01,1.128600001335144,0.8219000697135925,0.6457000374794006,0.47350001335144043,0.5082000494003296,0.13960000872612
2021-08-12 14:38:25,0.9974000453948975,0.7912000417709351,0.6961000561714172,0.445900022983551,0.5641000866889954,0.11570000648498535
2021-08-12 14:52:49,1.2041000127792358,0.8240000605583191,0.7236000895500183,0.4417000412940979,0.5056000351905823,0.11750000715255737
2021-08-12 15:07:13,0.985200047492981,0.7849000692367554,0.6339000463485718,0.46540001034736633,0.5439000725746155,0.12320000678300858
2021-08-12 15:21:37,1.097599983215332,0.7896000742912292,0.7023000121116638,0.4390000104904175,0.5113000273704529,0.11840000748634338
2021-08-12 15:36:01,0.9748000502586365,0.8417000770568848,0.640500009059906,0.45760002732276917,0.5469000339508057,0.13440001010894775
2021-08-12 15:50:25,1.1430000066757202,0.8387000560760498,0.6849000453948975,0.482200026512146,0.5662000179290771,0.11920001357793808
2021-08-12 16:04:49,0.970300018787384,0.7838000059127808,0.6342999935150146,0.4366000294685364,0.510200023651123,0.12860001623630524
2021-08-12 16:19:13,0.9631000757217407,0.8238000273704529,0.6332000494003296,0.46320003271102905,0.5654000639915466,0.12530000507831573
2021-08-12 16:33:37,1.0822001695632935,0.7785000205039978,0.665600061416626,0.4359000027179718,0.511400043964386,0.11720000952482224
2021-08-12 16:48:01,1.0825001001358032,0.8260000348091125,0.6710000038146973,0.4336000382900238,0.5117000341415405,0.11570000648498535
2021-08-12 17:02:25,0.9465000629425049,0.766800045967102,0.6034000515937805,0.4474000036716461,0.5514000654220581,0.1284000128507614
2021-08-12 17:16:49,1.061500072479248,0.8103000521659851,0.6099000573158264,0.4471000134944916,0.5469000339508057,0.14100000262260437
2021-08-12 17:31:13,0.9243000149726868,0.7540000081062317,0.6641000509262085,0.42570003867149353,0.5130000114440918,0.12000000476837158
2021-08-12 17:45:37,1.0379000902175903,0.8122000694274902,0.586400032043457,0.4455000162124634,0.5136000514030457,0.14360001683235168
2021-08-12 18:00:01,0.9140000343322754,0.7541000843048096,0.6335000395774841,0.42600002884864807,0.552600085735321,0.1177000105381012
2021-08-12 18:14:25,1.0870000123977661,0.8205000162124634,0.576900064945221,0.4239000082015991,0.5153000354766846,0.12320000678300858
2021-08-12 18:28:49,0.9191001057624817,0.7439000606536865,0.6550000309944153,0.45020002126693726,0.5560000538825989,0.11680001020431519
2021-08-12 18:43:13,1.0246000289916992,0.7910000085830688,0.6467000246047974,0.43620002269744873,0.5432000160217285,0.14230000972747803
2021-08-12 18:57:37,0.9084000587463379,0.740600049495697,0.5922000408172607,0.4068000316619873,0.4935000240802765,0.11350000649690628
2021-08-12 19:12:01,1.016700029373169,0.8004000782966614,0.6410000324249268,0.4147000312805176,0.4937000274658203,0.14000000059604645
2021-08-12 19:26:25,0.8803000450134277,0.7376000881195068,0.5811000466346741,0.42680004239082336,0.5349000692367554,0.11180000752210617
2021-08-12 19:40:49,0.8655000329017639,0.7413000464439392,0.5519000291824341,0.43980005383491516,0.5499000549316406,0.1339000165462494
2021-08-12 19:55:13,0.9998000264167786,0.7860000133514404,0.612500011920929,0.40300002694129944,0.49970003962516785,0.10610000044107437
2021-08-12 20:09:37,1.0470000505447388,0.7345000505447388,0.5637000203132629,0.40380004048347473,0.5028000473976135,0.11260000616312027
2021-08-12 20:24:01,0.863800048828125,0.7710000276565552,0.6028000116348267,0.42590001225471497,0.5430000424385071,0.10470000654459
2021-08-12 20:38:25,1.0281000137329102,0.7594000697135925,0.5577999949455261,0.42680004239082336,0.5054000020027161,0.11470001190900803
2021-08-12 20:52:49,0.8641000986099243,0.7308000326156616,0.595300018787384,0.4021000266075134,0.5412999987602234,0.10540000349283218
2021-08-12 21:07:13,1.006500005722046,0.7337999939918518,0.6199000477790833,0.4223000407218933,0.49810004234313965,0.10910000652074814
2021-08-12 21:21:37,0.862500011920929,0.7721000909805298,0.5556000471115112,0.40720003843307495,0.546500027179718,0.10420001298189163
2021-08-12 21:36:01,0.8532000780105591,0.766700029373169,0.5540000200271606,0.417900025844574,0.5011000037193298,0.10610000044107437
2021-08-12 21:50:25,0.9166001081466675,0.732900083065033,0.5799000263214111,0.4017000198364258,0.5320000052452087,0.09760000556707382
2021-08-12 22:04:49,0.853100061416626,0.750700056552887,0.5606000423431396,0.4021000266075134,0.5372000336647034,0.09480001032352448
2021-08-12 22:19:13,0.9229000806808472,0.7209000587463379,0.5845000147819519,0.4141000211238861,0.46980005502700806,0.10970000922679901
2021-08-12 22:33:37,0.9091000556945801,0.7434000372886658,0.5529000759124756,0.4173000454902649,0.49730002880096436,0.10180000960826874
2021-08-12 22:48:01,0.8529000878334045,0.7232000231742859,0.6093000173568726,0.3994000256061554,0.4691000282764435,0.09380000829696655
2021-08-12 23:02:25,0.9895000457763672,0.7670000195503235,0.5849000811576843,0.4003000259399414,0.49800002574920654,0.10000000149011612
2021-08-12 23:16:49,0.8448000550270081,0.7263000011444092,0.5478000044822693,0.41530004143714905,0.469400018453598,0.09109999984502792
2021-08-12 23:31:13,0.90010005235672,0.7904000878334045,0.5842000246047974,0.4116000235080719,0.49960002303123474,0.09710000455379486
2021-08-12 23:45:37,0.8446000814437866,0.7241000533103943,0.5493000149726868,0.4003000259399414,0.468500018119812,0.08910000324249268
2021-08-13 00:00:01,0.8510000109672546,0.7712000608444214,0.5872000455856323,0.3986000120639801,0.46710002422332764,0.08810000121593475
2021-08-13 00:14:25,0.9219000935554504,0.7245000600814819,0.5511000752449036,0.41690000891685486,0.4991000294685364,0.09330000728368759
2021-08-13 00:28:49,0.9363000392913818,0.7508000135421753,0.5857000350952148,0.42090001702308655,0.46810004115104675,0.0958000048995018
2021-08-13 00:43:13,0.8333000540733337,0.7263000011444092,0.5520000457763672,0.39830005168914795,0.47770002484321594,0.08940000832080841
2021-08-13 00:57:37,0.9160000681877136,0.7204000353813171,0.5506000518798828,0.3936000168323517,0.46810004115104675,0.09400000423192978
2021-08-13 01:12:01,0.8312000632286072,0.7618000507354736,0.5664000511169434,0.42000001668930054,0.5015000104904175,0.08890000730752945
2021-08-13 01:26:25,0.8271000981330872,0.7493000030517578,0.5708000063896179,0.40240001678466797,0.4814000129699707,0.11180000752210617
2021-08-13 01:40:49,0.9015000462532043,0.7258000373840332,0.5390000343322754,0.3863000273704529,0.5148000121116638,0.0877000093460083
2021-08-13 01:55:13,0.8991000652313232,0.7379000782966614,0.5619000792503357,0.40570002794265747,0.4911000430583954,0.08640000224113464
2021-08-13 02:09:37,0.8121000528335571,0.6642000675201416,0.5106000304222107,0.38380002975463867,0.5249000787734985,0.09180000424385071
2021-08-13 02:24:01,0.8711000680923462,0.679900050163269,0.5392000675201416,0.3753000497817993,0.5078000426292419,0.09230000525712967
2021-08-13 02:38:25,0.8062000274658203,0.6589000821113586,0.5099000334739685,0.4013000428676605,0.48580002784729004,0.0861000046133995
2021-08-13 02:52:49,0.8914000391960144,0.6907000541687012,0.5017000436782837,0.4125000238418579,0.506600022315979,0.09060000628232956
2021-08-13 03:07:13,0.8116000890731812,0.6597000360488892,0.5266000628471375,0.38700002431869507,0.4821000397205353,0.08550000190734863
2021-08-13 03:21:37,0.8066000938415527,0.6756000518798828,0.5311000347137451,0.3831000328063965,0.5019000172615051,0.09150000661611557
2021-08-13 03:36:01,0.893000066280365,0.6612000465393066,0.5076000094413757,0.4017000198364258,0.46730002760887146,0.0860000029206276
2021-08-13 03:50:25,0.8035000562667847,0.6756000518798828,0.4938000440597534,0.398000031709671,0.4942000210285187,0.0853000059723854
2021-08-13 04:04:49,0.8837000727653503,0.6531000733375549,0.5293000340461731,0.3867000341415405,0.46330004930496216,0.09380000829696655
2021-08-13 04:19:13,0.8839000463485718,0.6603000164031982,0.5241000652313232,0.3696000277996063,0.4579000174999237,0.08960000425577164
2021-08-13 04:33:37,0.8050000667572021,0.7500000596046448,0.5024000406265259,0.4010000228881836,0.5076000094413757,0.08430000394582748
2021-08-13 04:48:01,0.8072000741958618,0.7082000374794006,0.5038000345230103,0.40050002932548523,0.4557000398635864,0.08580000698566437
2021-08-13 05:02:25,0.9913000464439392,0.7344000339508057,0.5772000551223755,0.38540002703666687,0.48600003123283386,0.09220001101493835
2021-08-13 05:16:49,1.0157999992370605,0.7159000635147095,0.5508000254631042,0.39010003209114075,0.4579000174999237,0.0877000093460083
2021-08-13 05:31:13,0.8244000673294067,0.7360000610351562,0.5776000618934631,0.41450002789497375,0.4848000407218933,0.09310000389814377
2021-08-13 05:45:37,0.976300060749054,0.756100058555603,0.55840003490448,0.3976000249385834,0.48770004510879517,0.08970000594854355
2021-08-13 06:00:01,0.8505000472068787,0.7214000821113586,0.5852000117301941,0.43470004200935364,0.5360000133514404,0.09720000624656677
2021-08-13 06:14:25,0.853100061416626,0.7677000761032104,0.5618000030517578,0.40970003604888916,0.5527999997138977,0.09210000187158585
2021-08-13 06:28:49,1.026300072669983,0.7407000660896301,0.5796000361442566,0.3970000147819519,0.503000020980835,0.09730000793933868
2021-08-13 06:43:13,0.872200071811676,0.7535000443458557,0.5957000255584717,0.4065000116825104,0.506600022315979,0.09570001065731049
2021-08-13 06:57:37,0.9956001043319702,0.7268000245094299,0.55840003490448,0.3879000246524811,0.5581000447273254,0.09220001101493835
2021-08-13 07:12:01,1.1065000295639038,0.7241000533103943,0.5616000890731812,0.3977000415325165,0.5347000360488892,0.1283000111579895
2021-08-13 07:26:25,0.8950000405311584,0.7639000415802002,0.5907000303268433,0.4163000285625458,0.5040000081062317,0.09260000288486481
2021-08-13 07:40:49,0.9140000343322754,0.7379000782966614,0.5656000375747681,0.4123000502586365,0.5377000570297241,0.13830001652240753
2021-08-13 07:55:13,1.0700000524520874,0.7760000228881836,0.6084000468254089,0.3979000151157379,0.5010000467300415,0.09270001202821732
2021-08-13 08:09:37,0.9237000346183777,0.7468000054359436,0.5772000551223755,0.4009000062942505,0.5408000349998474,0.0925000011920929
2021-08-13 08:24:01,1.1084001064300537,0.7891000509262085,0.6071000695228577,0.47690001130104065,0.5067000389099121,0.09790000319480896
2021-08-13 08:38:25,1.0458000898361206,0.7853000164031982,0.5861000418663025,0.4174000024795532,0.49640002846717834,0.09620001167058945
2021-08-13 08:52:49,0.9272000789642334,0.7470000386238098,0.6255000233650208,0.4505000114440918,0.5564000606536865,0.13580000400543213
2021-08-13 09:07:13,1.0725001096725464,0.7517000436782837,0.6367999911308289,0.4230000078678131,0.49900001287460327,0.12770001590251923
2021-08-13 09:21:37,0.9314000606536865,0.8742000460624695,0.5961000919342041,0.4508000314235687,0.5411000847816467,0.10130000859498978
2021-08-13 09:36:01,0.9413000345230103,0.7586000561714172,0.6022000312805176,0.43620002269744873,0.49900001287460327,0.10410000383853912
2021-08-13 09:50:25,1.0958000421524048,0.8145000338554382,0.64000004529953,0.46470004320144653,0.5319000482559204,0.11400000751018524
2021-08-13 10:04:49,0.9671000838279724,0.7713000178337097,0.6600000262260437,0.4457000195980072,0.5520000457763672,0.11280000954866409
2021-08-13 10:19:13,1.1541000604629517,0.8075000643730164,0.6016000509262085,0.4919000267982483,0.5009000301361084,0.1064000055193901
2021-08-13 10:33:37,1.1567001342773438,0.7762000560760498,0.6719000339508057,0.499500036239624,0.5683000087738037,0.1071000024676323
2021-08-13 10:48:01,0.9772000312805176,0.8135000467300415,0.6131000518798828,0.4701000154018402,0.5033000707626343,0.11470001190900803
2021-08-13 11:02:25,0.9759000539779663,0.8191000819206238,0.6155000329017639,0.5038999915122986,0.5559000372886658,0.108800008893013
2021-08-13 11:16:49,1.1634000539779663,0.7797000408172607,0.6594000458717346,0.45520004630088806,0.5058000683784485,0.15070000290870667
2021-08-13 11:31:13,1.1384000778198242,0.8338000178337097,0.6205000281333923,0.477400004863739,0.5523000359535217,0.133200004696846
2021-08-13 11:45:37,0.9814000725746155,0.7781000733375549,0.6526000499725342,0.45420002937316895,0.5051000118255615,0.11000000685453415
2021-08-13 12:00:01,1.1811000108718872,0.8233000040054321,0.6725000143051147,0.477400004863739,0.5184000730514526,0.10930000990629196
2021-08-13 12:14:25,0.9883000254631042,0.7749000787734985,0.6276000738143921,0.4480000138282776,0.572700023651123,0.12380000948905945
2021-08-13 12:28:49,0.979400098323822,0.7760000228881836,0.6699000597000122,0.44840002059936523,0.520300030708313,0.11090000718832016
2021-08-13 12:43:13,1.2026000022888184,0.8302000761032104,0.6087000370025635,0.4758000373840332,0.5662000179290771,0.11740000545978546
2021-08-13 12:57:37,0.9656000733375549,0.8393000364303589,0.6127000451087952,0.44120004773139954,0.5720000267028809,0.12230000644922256
2021-08-13 13:12:01,1.1339000463485718,0.7785000205039978,0.6760000586509705,0.467600017786026,0.5213000178337097,0.1137000098824501
2021-08-13 13:26:25,1.1450999975204468,0.7736001014709473,0.6061000823974609,0.4457000195980072,0.5507000088691711,0.11440000683069229
2021-08-13 13:40:49,0.9805000424385071,0.8187000751495361,0.6643000245094299,0.4755000174045563,0.5242000222206116,0.11870001256465912
2021-08-13 13:55:13,1.0951000452041626,0.7726000547409058,0.6812000274658203,0.4711000323295593,0.5134000778198242,0.11740000545978546
2021-08-13 14:09:37,0.9618000388145447,0.8190000653266907,0.615600049495697,0.450700044631958,0.5433000326156616,0.12550000846385956
2021-08-13 14:24:01,1.0798001289367676,0.8613000512123108,0.6230000257492065,0.45650002360343933,0.5117000341415405,0.1194000095129013
2021-08-13 14:38:25,0.9699000716209412,0.7711000442504883,0.6534000635147095,0.4815000295639038,0.5635000467300415,0.12630000710487366
2021-08-13 14:52:49,0.9633000493049622,0.815500020980835,0.6181000471115112,0.4506000280380249,0.5407000184059143,0.1210000067949295
2021-08-13 15:07:13,1.0667001008987427,0.7737000584602356,0.6932000517845154,0.47630003094673157,0.511400043964386,0.12890002131462097
2021-08-13 15:21:37,1.0471000671386719,0.7715000510215759,0.6503000259399414,0.4709000289440155,0.5136000514030457,0.12480001151561737
2021-08-13 15:36:01,0.9572000503540039,0.8073000311851501,0.609000027179718,0.44940000772476196,0.5478000044822693,0.11840000748634338
2021-08-13 15:50:25,0.9414000511169434,0.8197000622749329,0.659000039100647,0.4674000144004822,0.5473000407218933,0.12390000373125076
2021-08-13 16:04:49,1.086400032043457,0.771600067615509,0.6064000725746155,0.4531000256538391,0.513200044631958,0.11750000715255737
2021-08-13 16:19:13,1.078200101852417,0.7718000411987305,0.6336000561714172,0.4580000340938568,0.5138000249862671,0.12790000438690186
2021-08-13 16:33:37,0.9437000751495361,0.8129000663757324,0.6085000038146973,0.44860002398490906,0.5551000833511353,0.11630000919103622
2021-08-13 16:48:01,1.06850004196167,0.7613000273704529,0.6664000749588013,0.4447000324726105,0.551800012588501,0.11840000748634338
2021-08-13 17:02:25,0.9346000552177429,0.8021000623703003,0.6084000468254089,0.473300039768219,0.5171000361442566,0.13770000636577606
2021-08-13 17:16:49,1.0181001424789429,0.7880000472068787,0.5877000689506531,0.4409000277519226,0.5372000336647034,0.1437000036239624
2021-08-13 17:31:13,0.904900074005127,0.7560000419616699,0.6299000382423401,0.4711000323295593,0.6021000742912292,0.11630000919103622
2021-08-13 17:45:37,1.0374001264572144,0.8179000616073608,0.57750004529953,0.4366000294685364,0.5362000465393066,0.12110000103712082
2021-08-13 18:00:01,0.8976000547409058,0.7552000284194946,0.6223000288009644,0.4666000306606293,0.5941000580787659,0.1161000058054924
2021-08-13 18:14:25,0.8950000405311584,0.7888000011444092,0.6432999968528748,0.44120004773139954,0.5959000587463379,0.12140000611543655
2021-08-13 18:28:49,1.0753000974655151,0.7374000549316406,0.5789000391960144,0.4726000428199768,0.5356000661849976,0.11490000784397125
2021-08-13 18:43:13,1.0230000019073486,0.7505000233650208,0.5760000348091125,0.46820002794265747,0.5782000422477722,0.1120000034570694
2021-08-13 18:57:37,0.90010005235672,0.7337000370025635,0.6159000396728516,0.42410001158714294,0.5093000531196594,0.1316000074148178
2021-08-13 19:12:01,1.0187000036239624,0.7807000279426575,0.6058000326156616,0.42500001192092896,0.5109000205993652,0.11590000987052917
2021-08-13 19:26:25,0.8565000295639038,0.7306000590324402,0.5771000385284424,0.43790000677108765,0.5525000095367432,0.10920000821352005
2021-08-13 19:40:49,1.005500078201294,0.7773000001907349,0.6024000644683838,0.443200021982193,0.5493000149726868,0.11230000853538513
2021-08-13 19:55:13,0.8479000926017761,0.7261000871658325,0.5705000162124634,0.42170003056526184,0.5166000723838806,0.10650000721216202
2021-08-13 20:09:37,0.9805000424385071,0.732900083065033,0.5943000316619873,0.43980005383491516,0.5174000263214111,0.10490000993013382
2021-08-13 20:24:01,0.8622000813484192,0.7729000449180603,0.5636000633239746,0.420600026845932,0.5868000388145447,0.11230000853538513
2021-08-13 20:38:25,0.9743000268936157,0.7514000535011292,0.5728000402450562,0.4448000490665436,0.5896000862121582,0.1112000122666359
2021-08-13 20:52:49,0.8623000383377075,0.7331000566482544,0.5982000231742859,0.41780003905296326,0.5122000575065613,0.10470000654459
2021-08-13 21:07:13,0.9989000558853149,0.7547000646591187,0.5772000551223755,0.41520002484321594,0.5059000253677368,0.10280001163482666
2021-08-13 21:21:37,0.8475000262260437,0.7306000590324402,0.6083000302314758,0.42890000343322754,0.547700047492981,0.1112000122666359
2021-08-13 21:36:01,0.8345000147819519,0.7256000638008118,0.5763000249862671,0.4394000172615051,0.5567000508308411,0.10900000482797623
2021-08-13 21:50:25,0.9407000541687012,0.761400043964386,0.5942000150680542,0.42090001702308655,0.4702000319957733,0.09670001268386841
2021-08-13 22:04:49,0.9271000623703003,0.770300030708313,0.5888000130653381,0.40400001406669617,0.5116000175476074,0.09720000624656677
2021-08-13 22:19:13,0.8462000489234924,0.7271000742912292,0.5659000277519226,0.4288000464439392,0.460500031709671,0.09300000220537186
2021-08-13 22:33:37,0.8279000520706177,0.7617000341415405,0.5642000436782837,0.4345000088214874,0.45770004391670227,0.09200000762939453
2021-08-13 22:48:01,0.9100000262260437,0.7175000309944153,0.6068000197410583,0.4146000146865845,0.5133000016212463,0.11270000785589218
2021-08-13 23:02:25,0.938200056552887,0.7226000428199768,0.5867000222206116,0.4053000509738922,0.4588000476360321,0.10160000622272491
2021-08-13 23:16:49,0.823900043964386,0.7679000496864319,0.5565000176429749,0.42740002274513245,0.5034000277519226,0.09000000357627869
2021-08-13 23:31:13,0.9154000878334045,0.745400071144104,0.5517000555992126,0.41610002517700195,0.4974000155925751,0.09380000829696655
2021-08-13 23:45:37,0.8249000906944275,0.7099000811576843,0.6114000678062439,0.40550002455711365,0.457800030708313,0.08880000561475754
2021-08-14 00:00:01,0.9565000534057617,0.7339000701904297,0.5542000532150269,0.40420001745224,0.48760002851486206,0.08790000528097153
2021-08-14 00:14:25,0.8205000162124634,0.710900068283081,0.5760000348091125,0.42250001430511475,0.45190000534057617,0.09290000796318054
2021-08-14 00:28:49,0.8005000352859497,0.7304000854492188,0.5562999844551086,0.4272000193595886,0.5161000490188599,0.0877000093460083
2021-08-14 00:43:13,0.9319000840187073,0.7099000811576843,0.5782999992370605,0.39810001850128174,0.4532000422477722,0.0983000099658966
2021-08-14 00:57:37,0.7946000695228577,0.7098000049591064,0.5474000573158264,0.39820003509521484,0.4570000171661377,0.0885000005364418
2021-08-14 01:12:01,0.9166001081466675,0.7482000589370728,0.5748000144958496,0.4102000296115875,0.4969000220298767,0.12520000338554382
2021-08-14 01:26:25,0.9481000900268555,0.7474000453948975,0.5451000332832336,0.4205000102519989,0.4976000189781189,0.10910000652074814
2021-08-14 01:40:49,0.8040000200271606,0.710900068283081,0.5666000843048096,0.39080002903938293,0.47140002250671387,0.08780000358819962
2021-08-14 01:55:13,0.9153000116348267,0.7212000489234924,0.5585000514984131,0.38680005073547363,0.47230005264282227,0.09430000931024551
2021-08-14 02:09:37,0.7993000149726868,0.6463000178337097,0.5063999891281128,0.41110002994537354,0.5071000456809998,0.08820001035928726
2021-08-14 02:24:01,0.8879000544548035,0.6395000219345093,0.5035000443458557,0.40139999985694885,0.4918000400066376,0.09080000966787338
2021-08-14 02:38:25,0.8025000095367432,0.6550000309944153,0.5250000357627869,0.3828999996185303,0.4711000323295593,0.0877000093460083
2021-08-14 02:52:49,0.924500048160553,0.6432000398635864,0.5313000082969666,0.40390002727508545,0.47210001945495605,0.09100000560283661
2021-08-14 03:07:13,0.7930000424385071,0.6682000160217285,0.5046000480651855,0.3904000222682953,0.5068000555038452,0.08680000901222229
2021-08-14 03:21:37,0.9142000675201416,0.6562000513076782,0.521600067615509,0.4027000367641449,0.4918000400066376,0.08709999918937683
2021-08-14 03:36:01,0.7888000011444092,0.6438000202178955,0.5059000253677368,0.3848000466823578,0.4579000174999237,0.09410000592470169
2021-08-14 03:50:25,0.7803000211715698,0.6589000821113586,0.5184000730514526,0.40080004930496216,0.4937000274658203,0.08780000358819962
2021-08-14 04:04:49,0.9336000680923462,0.6452000141143799,0.49720004200935364,0.38620004057884216,0.4522000253200531,0.09370000660419464
2021-08-14 04:19:13,0.7916000485420227,0.6490000486373901,0.49720004200935364,0.4044000208377838,0.45030003786087036,0.08860000222921371
2021-08-14 04:33:37,0.9225000143051147,0.7062000632286072,0.5307000279426575,0.3921000361442566,0.47290000319480896,0.0917000100016594
2021-08-14 04:48:01,0.9130000472068787,0.6852999925613403,0.5002000331878662,0.41120004653930664,0.4936000406742096,0.08990000933408737
2021-08-14 05:02:25,0.7920000553131104,0.7067000269889832,0.5750000476837158,0.3895000219345093,0.45090001821517944,0.09480001032352448
2021-08-14 05:16:49,0.9171000719070435,0.7137000560760498,0.5421000719070435,0.381600022315979,0.4505000114440918,0.09140000492334366
2021-08-14 05:31:13,0.8128000497817993,0.690000057220459,0.5745000243186951,0.40540000796318054,0.492900013923645,0.09780000895261765
2021-08-14 05:45:37,0.9540000557899475,0.7131000757217407,0.5562000274658203,0.40720003843307495,0.48350003361701965,0.09360000491142273
2021-08-14 06:00:01,0.8231000900268555,0.6932000517845154,0.5824000239372253,0.3904000222682953,0.4524000287055969,0.10060000419616699
2021-08-14 06:14:25,0.8154000639915466,0.7095000147819519,0.5517000555992126,0.3801000118255615,0.48340001702308655,0.09920001029968262
2021-08-14 06:28:49,0.9285000562667847,0.6878000497817993,0.5895000100135803,0.3993000388145447,0.4520000219345093,0.09350000321865082
2021-08-14 06:43:13,0.9480000734329224,0.6872000694274902,0.5713000297546387,0.39020001888275146,0.44940000772476196,0.10050000250339508
2021-08-14 06:57:37,0.8066000938415527,0.7193000316619873,0.5595000386238098,0.40700000524520874,0.47130003571510315,0.09150000661611557
2021-08-14 07:12:01,0.8153000473976135,0.7040000557899475,0.5546000599861145,0.40550002455711365,0.48020002245903015,0.09600000083446503
2021-08-14 07:26:25,0.9381000995635986,0.7416000962257385,0.5888000130653381,0.38920003175735474,0.443200021982193,0.09140000492334366
2021-08-14 07:40:49,0.924500048160553,0.7029000520706177,0.5451000332832336,0.38510003685951233,0.4472000300884247,0.09230000525712967
2021-08-14 07:55:13,0.8200000524520874,0.7427999973297119,0.5764000415802002,0.41590002179145813,0.504300057888031,0.09950000792741776
2021-08-14 08:09:37,0.8160000443458557,0.7256000638008118,0.5550000071525574,0.3977000415325165,0.46700000762939453,0.09150000661611557
2021-08-14 08:24:01,0.9892000555992126,0.701900064945221,0.5877000689506531,0.4288000464439392,0.5170000195503235,0.0983000099658966
2021-08-14 08:38:25,0.9424000978469849,0.7014000415802002,0.556100070476532,0.4376000165939331,0.47470003366470337,0.09220001101493835
2021-08-14 08:52:49,0.8196001052856445,0.7279000878334045,0.5867000222206116,0.3963000476360321,0.5082000494003296,0.10330000519752502
2021-08-14 09:07:13,0.8199000358581543,0.7469000816345215,0.557200014591217,0.40640002489089966,0.48270004987716675,0.09630000591278076
2021-08-14 09:21:37,0.9597000479698181,0.7069000601768494,0.5823000073432922,0.39640000462532043,0.5199000239372253,0.10330000519752502
2021-08-14 09:36:01,0.921000063419342,0.7047000527381897,0.5893000364303589,0.41050001978874207,0.4829000234603882,0.09840000420808792
2021-08-14 09:50:25,0.8255000114440918,0.7349000573158264,0.5659000277519226,0.39520004391670227,0.5256000757217407,0.10380000621080399
2021-08-14 10:04:49,0.8339000344276428,0.707800030708313,0.5690000057220459,0.39830005168914795,0.5745000243186951,0.10490000993013382
2021-08-14 10:19:13,0.9641000628471375,0.7601000666618347,0.588200032711029,0.41060003638267517,0.5017000436782837,0.10180000960826874
2021-08-14 10:33:37,0.9195000529289246,0.7553000450134277,0.5922999978065491,0.410800039768219,0.5049000382423401,0.10300000756978989
2021-08-14 10:48:01,0.8262000679969788,0.7067000269889832,0.5689000487327576,0.39520004391670227,0.5256000757217407,0.10860000550746918
2021-08-14 11:02:25,0.8403000235557556,0.7584000825881958,0.5691000819206238,0.4132000207901001,0.5070000290870667,0.10530000925064087
2021-08-14 11:16:49,0.9437000751495361,0.7094000577926636,0.6004000306129456,0.39640000462532043,0.5562999844551086,0.10980001091957092
2021-08-14 11:31:13,0.8398000001907349,0.7054000496864319,0.5761000514030457,0.3986000120639801,0.5071000456809998,0.11250000447034836
2021-08-14 11:45:37,0.9547000527381897,0.7316000461578369,0.6222000122070312,0.41380003094673157,0.5285000205039978,0.10420001298189163
2021-08-14 12:00:01,0.8349000811576843,0.7570000290870667,0.5789000391960144,0.4124000072479248,0.5472000241279602,0.11180000752210617
2021-08-14 12:14:25,0.9506000876426697,0.7116000652313232,0.631100058555603,0.3921000361442566,0.506100058555603,0.10430000722408295
2021-08-14 12:28:49,0.9241001009941101,0.7103000283241272,0.6297000646591187,0.42520004510879517,0.5456000566482544,0.10470000654459
2021-08-14 12:43:13,0.8439000844955444,0.7316000461578369,0.5753000378608704,0.40050002932548523,0.5085000395774841,0.11130000650882721
2021-08-14 12:57:37,0.9291000962257385,0.7637000679969788,0.6087000370025635,0.41190001368522644,0.598300039768219,0.10670001059770584
2021-08-14 13:12:01,0.835900068283081,0.7085000276565552,0.5738000273704529,0.3979000151157379,0.5176000595092773,0.11160000413656235
2021-08-14 13:26:25,0.8375000357627869,0.7450000643730164,0.5789000391960144,0.38920003175735474,0.5164999961853027,0.10650000721216202
2021-08-14 13:40:49,0.9439000487327576,0.7076000571250916,0.6069000363349915,0.42020002007484436,0.5389000773429871,0.11250000447034836
2021-08-14 13:55:13,0.8345000147819519,0.7163000106811523,0.5832000374794006,0.3883000314235687,0.5520000457763672,0.11240001022815704
2021-08-14 14:09:37,0.9475000500679016,0.7480000257492065,0.6065000295639038,0.41690000891685486,0.5038999915122986,0.10690000653266907
2021-08-14 14:24:01,0.9745000600814819,0.723800003528595,0.5991000533103943,0.4155000150203705,0.556600034236908,0.10740000754594803
2021-08-14 14:38:25,0.8365000486373901,0.7715000510215759,0.570900022983551,0.4041000306606293,0.5028000473976135,0.16120000183582306
2021-08-14 14:52:49,0.838200032711029,0.7445000410079956,0.6124000549316406,0.4268999993801117,0.49790000915527344,0.11290000379085541
2021-08-14 15:07:13,0.987000048160553,0.7265000343322754,0.5662000179290771,0.3992000222206116,0.534500002861023,0.10760000348091125
2021-08-14 15:21:37,0.993600070476532,0.7242000699043274,0.5701000690460205,0.40380004048347473,0.49970003962516785,0.10810000449419022
2021-08-14 15:36:01,0.8295000195503235,0.7704000473022461,0.6032000184059143,0.4238000512123108,0.5261000394821167,0.12040000408887863
2021-08-14 15:50:25,0.8333000540733337,0.7360000610351562,0.572700023651123,0.4058000445365906,0.5004000067710876,0.1120000034570694
2021-08-14 16:04:49,0.904900074005127,0.7081000804901123,0.6272000670433044,0.4312000274658203,0.5327000617980957,0.11700000613927841
2021-08-14 16:19:13,0.988800048828125,0.7071000933647156,0.5792999863624573,0.405100017786026,0.5309000611305237,0.11980000883340836
2021-08-14 16:33:37,0.8388000130653381,0.7433000206947327,0.5966000556945801,0.4244000017642975,0.497700035572052,0.10950000584125519
2021-08-14 16:48:01,0.9807000756263733,0.7085000276565552,0.6136000752449036,0.42000001668930054,0.5052000284194946,0.11400000751018524
2021-08-14 17:02:25,0.8285000324249268,0.7426000833511353,0.5796000361442566,0.40320003032684326,0.4937000274658203,0.12200000882148743
2021-08-14 17:16:49,0.82340008020401,0.7260000109672546,0.5804000496864319,0.398000031709671,0.49500003457069397,0.11560000479221344
2021-08-14 17:31:13,0.934700071811676,0.7068000435829163,0.620400071144104,0.411700040102005,0.5342000126838684,0.12150000780820847
2021-08-14 17:45:37,0.8356000781059265,0.7242000699043274,0.5852000117301941,0.4158000349998474,0.49900001287460327,0.11550000309944153
2021-08-14 18:00:01,0.914400041103363,0.7084000706672668,0.6022000312805176,0.39510002732276917,0.5357000231742859,0.12130001187324524
2021-08-14 18:14:25,0.8282999992370605,0.703000009059906,0.5992000699043274,0.3923000395298004,0.4922000467777252,0.11390000581741333
2021-08-14 18:28:49,0.9589000940322876,0.7155000567436218,0.5761000514030457,0.4058000445365906,0.525700032711029,0.13050000369548798
2021-08-14 18:43:13,0.9361000657081604,0.7041000723838806,0.6006000638008118,0.41040000319480896,0.52920001745224,0.11210000514984131
2021-08-14 18:57:37,0.8301000595092773,0.719200074672699,0.5629000663757324,0.38910001516342163,0.49500003457069397,0.11820001155138016
2021-08-14 19:12:01,0.9176000952720642,0.7057000398635864,0.5659000277519226,0.3913000226020813,0.4942000210285187,0.11620000749826431
2021-08-14 19:26:25,0.8088000416755676,0.7604000568389893,0.6037999987602234,0.40950003266334534,0.5250000357627869,0.10920000821352005
2021-08-14 19:40:49,0.8036000728607178,0.718000054359436,0.5714000463485718,0.40450000762939453,0.4985000193119049,0.11400000751018524
2021-08-14 19:55:13,0.8815000653266907,0.6952000260353088,0.5969000458717346,0.39080002903938293,0.5296000838279724,0.10620000958442688
2021-08-14 20:09:37,0.7937000393867493,0.7204000353813171,0.5893000364303589,0.39340001344680786,0.5361000895500183,0.11050000786781311
2021-08-14 20:24:01,0.9266000986099243,0.7047000527381897,0.5703000426292419,0.40970003604888916,0.49810004234313965,0.10440000891685486
2021-08-14 20:38:25,0.9371000528335571,0.7026000618934631,0.5627000331878662,0.41690000891685486,0.5121000409126282,0.10360000282526016
2021-08-14 20:52:49,0.8027000427246094,0.7202000617980957,0.5838000178337097,0.3863000273704529,0.46320003271102905,0.10930000990629196
2021-08-14 21:07:13,0.913800060749054,0.7020000219345093,0.5982000231742859,0.3855000138282776,0.48180004954338074,0.11140000820159912
2021-08-14 21:21:37,0.8038000464439392,0.7368000149726868,0.5607000589370728,0.4019000232219696,0.4601000249385834,0.10350000858306885
2021-08-14 21:36:01,0.8005000352859497,0.7015000581741333,0.589400053024292,0.3915000259876251,0.5035000443458557,0.10810000449419022
2021-08-14 21:50:25,0.9249000549316406,0.7396000623703003,0.5202000141143799,0.40240001678466797,0.4588000476360321,0.09690000861883163
2021-08-14 22:04:49,0.9190000295639038,0.7010000348091125,0.5086000561714172,0.4107000231742859,0.5041000247001648,0.10030000656843185
2021-08-14 22:19:13,0.7998000383377075,0.7221000790596008,0.5401000380516052,0.38940000534057617,0.45770004391670227,0.09260000288486481
2021-08-14 22:33:37,0.7893000245094299,0.7220000624656677,0.5008000135421753,0.38930004835128784,0.4571000337600708,0.0966000035405159
2021-08-14 22:48:01,0.9231000542640686,0.6597000360488892,0.5227000117301941,0.4078000485897064,0.4830000102519989,0.08910000324249268
2021-08-14 23:02:25,0.9074000716209412,0.659000039100647,0.5057000517845154,0.4148000478744507,0.4903000295162201,0.09459999948740005
2021-08-14 23:16:49,0.7899000644683838,0.6397000551223755,0.5254000425338745,0.3857000172138214,0.45580002665519714,0.08700000494718552
2021-08-14 23:31:13,0.9127000570297241,0.6361000537872314,0.5277000665664673,0.38870003819465637,0.4564000070095062,0.0917000100016594
2021-08-14 23:45:37,0.8002000451087952,0.65420001745224,0.5070000290870667,0.39990001916885376,0.4824000298976898,0.08540000766515732
2021-08-15 00:00:01,0.9327000379562378,0.6741000413894653,0.5044000148773193,0.40570002794265747,0.4557000398635864,0.08870001137256622
2021-08-15 00:14:25,0.7918000221252441,0.6406000852584839,0.5238000154495239,0.38780003786087036,0.4776000380516052,0.08380001038312912
2021-08-15 00:28:49,0.9236000776290894,0.6567000150680542,0.5019000172615051,0.39170002937316895,0.4677000343799591,0.08330000936985016
2021-08-15 00:43:13,0.7959000468254089,0.636400043964386,0.5187000632286072,0.4068000316619873,0.4553000330924988,0.08920001238584518
2021-08-15 00:57:37,0.7910000085830688,0.6611000895500183,0.5278000235557556,0.383400022983551,0.4522000253200531,0.08970000594854355
2021-08-15 01:12:01,0.9688000082969666,0.6345000267028809,0.5023000240325928,0.40730002522468567,0.47700002789497375,0.08330000936985016
2021-08-15 01:26:25,0.9349000453948975,0.6345000267028809,0.49640002846717834,0.38130003213882446,0.46550002694129944,0.0860000029206276
2021-08-15 01:40:49,0.7966001033782959,0.6538000106811523,0.5284000635147095,0.4059000015258789,0.45510002970695496,0.08300000429153442
2021-08-15 01:55:13,0.7888000011444092,0.655500054359436,0.536300003528595,0.40310001373291016,0.45260003209114075,0.08940000832080841
2021-08-15 02:09:37,0.9253000020980835,0.6370000243186951,0.4974000155925751,0.3874000012874603,0.47310003638267517,0.08420000970363617
2021-08-15 02:24:01,0.9022000432014465,0.6561000943183899,0.52510005235672,0.39650002121925354,0.45270001888275146,0.0860000029206276
2021-08-15 02:38:25,0.7993000149726868,0.6342999935150146,0.498600035905838,0.38770002126693726,0.4637000262737274,0.0820000022649765
2021-08-15 02:52:49,0.9381000995635986,0.6507999897003174,0.5253000259399414,0.40540000796318054,0.47530004382133484,0.08260000497102737
2021-08-15 03:07:13,0.785800039768219,0.6334000825881958,0.4936000406742096,0.38910001516342163,0.4540000259876251,0.09140000492334366
2021-08-15 03:21:37,0.7862000465393066,0.6662000417709351,0.5243000388145447,0.40290001034736633,0.45180004835128784,0.08350000530481339
2021-08-15 03:36:01,0.9909000992774963,0.6339000463485718,0.5004000067710876,0.38260000944137573,0.469400018453598,0.08820001035928726
2021-08-15 03:50:25,0.7932000756263733,0.6507999897003174,0.5188000202178955,0.3831000328063965,0.45160001516342163,0.08290000259876251
2021-08-15 04:04:49,0.9118000268936157,0.6374000310897827,0.49820002913475037,0.4001000225543976,0.46490001678466797,0.09060000628232956
2021-08-15 04:19:13,0.9358000159263611,0.6350000500679016,0.5199000239372253,0.38430002331733704,0.47630003094673157,0.08550000190734863
2021-08-15 04:33:37,0.7882000207901001,0.697700023651123,0.4936000406742096,0.40420001745224,0.450700044631958,0.09150000661611557
2021-08-15 04:48:01,0.9239000678062439,0.7128000259399414,0.4991000294685364,0.4004000127315521,0.483100026845932,0.09430000931024551
2021-08-15 05:02:25,0.8014000654220581,0.6874000430107117,0.5936000943183899,0.3792000412940979,0.4524000287055969,0.08750000596046448
2021-08-15 05:16:49,0.794700026512146,0.6849000453948975,0.5534999966621399,0.4009000062942505,0.4788000285625458,0.0885000005364418
2021-08-15 05:31:13,0.9452000856399536,0.6996000409126282,0.5853000283241272,0.381600022315979,0.4524000287055969,0.09640000760555267
2021-08-15 05:45:37,0.9907000660896301,0.7072000503540039,0.5878000259399414,0.40560001134872437,0.4634000062942505,0.0901000052690506
2021-08-15 06:00:01,0.8326000571250916,0.6875000596046448,0.5677000284194946,0.38940000534057617,0.45430004596710205,0.09550000727176666
2021-08-15 06:14:25,0.8249000906944275,0.6846000552177429,0.5627000331878662,0.4027000367641449,0.4701000154018402,0.09030000865459442
2021-08-15 06:28:49,0.9449000954627991,0.7085000276565552,0.5849000811576843,0.38270002603530884,0.450700044631958,0.0982000082731247
2021-08-15 06:43:13,0.9655000567436218,0.6871000528335571,0.562000036239624,0.3865000307559967,0.47310003638267517,0.09470000863075256
2021-08-15 06:57:37,0.8172000646591187,0.7445000410079956,0.5804000496864319,0.4002000391483307,0.4447000324726105,0.08810000121593475
2021-08-15 07:12:01,0.8250000476837158,0.6942000389099121,0.5790000557899475,0.3866000175476074,0.43700000643730164,0.08790000528097153
2021-08-15 07:26:25,0.9641000628471375,0.7070000171661377,0.5617000460624695,0.4150000214576721,0.47060003876686096,0.09400000423192978
2021-08-15 07:40:49,0.960900068283081,0.7195000052452087,0.560200035572052,0.38350000977516174,0.4561000168323517,0.0950000062584877
2021-08-15 07:55:13,0.8330000638961792,0.69840008020401,0.5790000557899475,0.40790000557899475,0.4377000331878662,0.08630000799894333
2021-08-15 08:09:37,0.9612000584602356,0.6946000456809998,0.5782000422477722,0.39340001344680786,0.43700000643730164,0.09330000728368759
2021-08-15 08:24:01,0.8326000571250916,0.7127000689506531,0.5597000122070312,0.4287000298500061,0.4609000086784363,0.08550000190734863
2021-08-15 08:38:25,0.8347000479698181,0.718500018119812,0.5607000589370728,0.4196000397205353,0.43730002641677856,0.0860000029206276
2021-08-15 08:52:49,0.9453000426292419,0.701900064945221,0.5905000567436218,0.3992000222206116,0.465300053358078,0.0966000035405159
2021-08-15 09:07:13,0.8332000374794006,0.6993000507354736,0.5676000714302063,0.4236000180244446,0.44110003113746643,0.09360000491142273
2021-08-15 09:21:37,0.9836000800132751,0.7210000157356262,0.5945000052452087,0.39500001072883606,0.4508000314235687,0.10180000960826874
2021-08-15 09:36:01,0.8406000733375549,0.6991000771522522,0.5947999954223633,0.39990001916885376,0.4425000250339508,0.0974000096321106
2021-08-15 09:50:25,0.9624000787734985,0.7212000489234924,0.5694000720977783,0.41350001096725464,0.516700029373169,0.10680000483989716
2021-08-15 10:04:49,0.9744000434875488,0.7166000604629517,0.5711000561714172,0.39670002460479736,0.523900032043457,0.10420001298189163
2021-08-15 10:19:13,0.83760005235672,0.7023000121116638,0.6041000485420227,0.41880002617836,0.4930000305175781,0.11110000312328339
2021-08-15 10:33:37,0.8498000502586365,0.7336000800132751,0.6132000684738159,0.3978000283241272,0.5270000100135803,0.1039000079035759
2021-08-15 10:48:01,1.0255000591278076,0.7004000544548035,0.5745000243186951,0.41370004415512085,0.4919000267982483,0.10830000787973404
2021-08-15 11:02:25,0.8498000502586365,0.7377000451087952,0.5755000114440918,0.4174000024795532,0.49790000915527344,0.10520000755786896
2021-08-15 11:16:49,0.9533000588417053,0.6953000426292419,0.6022000312805176,0.3945000171661377,0.5507000088691711,0.11290000379085541
2021-08-15 11:31:13,1.0495001077651978,0.7366001009941101,0.6356000900268555,0.4082000255584717,0.5256000757217407,0.10670001059770584
2021-08-15 11:45:37,0.8612000346183777,0.6970000267028809,0.5703000426292419,0.3937000334262848,0.5,0.11090000718832016
2021-08-15 12:00:01,0.8552000522613525,0.7152000665664673,0.6355000138282776,0.4100000262260437,0.5032000541687012,0.1080000028014183
2021-08-15 12:14:25,1.0047000646591187,0.6992000341415405,0.5891000628471375,0.39180004596710205,0.5527999997138977,0.1169000044465065
2021-08-15 12:28:49,0.8627000451087952,0.7247000336647034,0.6140000224113464,0.41060003638267517,0.5637000203132629,0.11730001121759415
2021-08-15 12:43:13,1.096000075340271,0.6963000297546387,0.588200032711029,0.39730003476142883,0.5192000269889832,0.1112000122666359
2021-08-15 12:57:37,1.044100046157837,0.6980000138282776,0.5824000239372253,0.3904000222682953,0.5758000016212463,0.13530001044273376
2021-08-15 13:12:01,0.8719000816345215,0.7220000624656677,0.6147000193595886,0.42080003023147583,0.514400064945221,0.11190000921487808
2021-08-15 13:26:25,1.0256000757217407,0.7243000268936157,0.6065000295639038,0.4002000391483307,0.5475000143051147,0.11880000680685043
2021-08-15 13:40:49,0.8619000911712646,0.7031000852584839,0.5644000768661499,0.4231000244617462,0.47620004415512085,0.10870000720024109
2021-08-15 13:55:13,0.9960000514984131,0.695400059223175,0.6080000400543213,0.4140000343322754,0.4756000339984894,0.11540000885725021
2021-08-15 14:09:37,0.8601000905036926,0.7216000556945801,0.5692999958992004,0.4013000428676605,0.48820003867149353,0.1064000055193901
2021-08-15 14:24:01,0.8613000512123108,0.7261000871658325,0.5645000338554382,0.4248000383377075,0.5052000284194946,0.10940000414848328
2021-08-15 14:38:25,0.9826000928878784,0.7051000595092773,0.6121000647544861,0.3996000289916992,0.4789000153541565,0.10140000283718109
2021-08-15 14:52:49,1.0129001140594482,0.7031000852584839,0.6095000505447388,0.43160003423690796,0.4829000234603882,0.10300000756978989
2021-08-15 15:07:13,0.8499000668525696,0.7380000352859497,0.5701000690460205,0.40080004930496216,0.4994000196456909,0.09780000895261765
2021-08-15 15:21:37,1.0254000425338745,0.7284000515937805,0.5836000442504883,0.3988000452518463,0.5359000563621521,0.10190000385046005
2021-08-15 15:36:01,0.8534000515937805,0.7039000391960144,0.6058000326156616,0.4222000241279602,0.4910000264644623,0.09590000659227371
2021-08-15 15:50:25,1.0175000429153442,0.7427999973297119,0.5684000253677368,0.4114000201225281,0.508400022983551,0.0990000069141388
2021-08-15 16:04:49,0.8688000440597534,0.684700071811676,0.6283000111579895,0.39580002427101135,0.49790000915527344,0.09290000796318054
2021-08-15 16:19:13,0.8326000571250916,0.688200056552887,0.6160000562667847,0.41530004143714905,0.4927000403404236,0.09960000216960907
2021-08-15 16:33:37,0.9785000681877136,0.7176000475883484,0.5671000480651855,0.39180004596710205,0.5153000354766846,0.09109999984502792
2021-08-15 16:48:01,0.8279000520706177,0.6920000314712524,0.6075000166893005,0.41220003366470337,0.49560001492500305,0.09290000796318054
2021-08-15 17:02:25,1.0220000743865967,0.7027000188827515,0.573900043964386,0.3930000066757202,0.5146000385284424,0.09760000556707382
2021-08-15 17:16:49,0.8192000389099121,0.7298000454902649,0.6279000639915466,0.39570003747940063,0.4960000216960907,0.1404000222682953
2021-08-15 17:31:13,0.9386000633239746,0.6877000331878662,0.5676000714302063,0.410800039768219,0.5249000787734985,0.09220001101493835
2021-08-15 17:45:37,0.8272000551223755,0.6914000511169434,0.5659000277519226,0.4077000319957733,0.49010002613067627,0.11590000987052917
2021-08-15 18:00:01,0.9469000697135925,0.7760000228881836,0.6117000579833984,0.3948000371456146,0.5330000519752502,0.09230000525712967
2021-08-15 18:14:25,0.9376000761985779,0.7181000709533691,0.5938000082969666,0.4074000120162964,0.4953000545501709,0.09150000661611557
2021-08-15 18:28:49,0.834100067615509,0.6868000030517578,0.5617000460624695,0.38870003819465637,0.5511000752449036,0.09970001131296158
2021-08-15 18:43:13,0.8312000632286072,0.6875000596046448,0.5523000359535217,0.40970003604888916,0.5311000347137451,0.09590000659227371
2021-08-15 18:57:37,0.9165000319480896,0.7067000269889832,0.5993000268936157,0.38530004024505615,0.4970000088214874,0.09180000424385071
2021-08-15 19:12:01,0.9073000550270081,0.6814000606536865,0.593500018119812,0.4100000262260437,0.49800002574920654,0.09890000522136688
2021-08-15 19:26:25,0.7910000085830688,0.7018000483512878,0.5675000548362732,0.38860002160072327,0.5282999873161316,0.09180000424385071
2021-08-15 19:40:49,0.7946000695228577,0.7057000398635864,0.5596000552177429,0.40640002489089966,0.5228000283241272,0.09730000793933868
2021-08-15 19:55:13,0.9362000823020935,0.6880000233650208,0.5987000465393066,0.387300044298172,0.5035000443458557,0.09190000593662262
2021-08-15 20:09:37,0.929900050163269,0.7106000781059265,0.5527999997138977,0.3890000283718109,0.5076000094413757,0.09150000661611557
2021-08-15 20:24:01,0.7940000295639038,0.6938000321388245,0.5900000333786011,0.40450000762939453,0.5432000160217285,0.09690000861883163
2021-08-15 20:38:25,0.9165000319480896,0.706000030040741,0.5879000425338745,0.38100001215934753,0.5092000365257263,0.09180000424385071
2021-08-15 20:52:49,0.8017000555992126,0.6831000447273254,0.5636000633239746,0.40220004320144653,0.5522000193595886,0.09870000928640366
2021-08-15 21:07:13,0.9620000720024109,0.7093000411987305,0.5905000567436218,0.3857000172138214,0.5468000173568726,0.09940000623464584
2021-08-15 21:21:37,0.7891000509262085,0.6856000423431396,0.5627000331878662,0.3997000455856323,0.513700008392334,0.09260000288486481
2021-08-15 21:36:01,0.7980000376701355,0.6861000657081604,0.5794000625610352,0.38020002841949463,0.5618000030517578,0.09880001097917557
2021-08-15 21:50:25,0.9353000521659851,0.711400032043457,0.5207000374794006,0.4009000062942505,0.5049000382423401,0.09200000762939453
2021-08-15 22:04:49,0.9105000495910645,0.7359000444412231,0.5192000269889832,0.38940000534057617,0.5512000322341919,0.09459999948740005
2021-08-15 22:19:13,0.7992000579833984,0.6956000924110413,0.5443000197410583,0.41930004954338074,0.501300036907196,0.08900000154972076
2021-08-15 22:33:37,0.7937999963760376,0.7145000100135803,0.5414000749588013,0.412600040435791,0.5432000160217285,0.08810000121593475
2021-08-15 22:48:01,0.9102000594139099,0.65010005235672,0.5063999891281128,0.3833000361919403,0.49830004572868347,0.09459999948740005
2021-08-15 23:02:25,0.7835000157356262,0.6488000154495239,0.5115000009536743,0.3866000175476074,0.4975000321865082,0.09440000355243683
2021-08-15 23:16:49,0.9155000448226929,0.6270000338554382,0.5350000262260437,0.4011000394821167,0.5491000413894653,0.08560000360012054
2021-08-15 23:31:13,0.7890000343322754,0.6222000122070312,0.5293000340461731,0.38850000500679016,0.4927000403404236,0.08480000495910645
2021-08-15 23:45:37,0.9051001071929932,0.6415000557899475,0.5049999952316284,0.40390002727508545,0.5272000432014465,0.09000000357627869
2021-08-16 00:00:01,0.8959000706672668,0.6165000200271606,0.5094000101089478,0.4001000225543976,0.4926000237464905,0.09040000289678574
2021-08-16 00:14:25,0.7777000665664673,0.634600043296814,0.536300003528595,0.3848000466823578,0.526900053024292,0.08460000157356262
2021-08-16 00:28:49,0.9003000259399414,0.6350000500679016,0.5046000480651855,0.4086000323295593,0.49240002036094666,0.08460000157356262
2021-08-16 00:43:13,0.7912999987602234,0.6215000152587891,0.5276000499725342,0.383400022983551,0.5452000498771667,0.08970000594854355
2021-08-16 00:57:37,0.7859000563621521,0.618600070476532,0.5401000380516052,0.3871000111103058,0.49170002341270447,0.08490000665187836
2021-08-16 01:12:01,0.9171000719070435,0.6369000673294067,0.5046000480651855,0.4019000232219696,0.5472000241279602,0.09070000797510147
2021-08-16 01:26:25,0.7999000549316406,0.6313000321388245,0.49970003962516785,0.37960001826286316,0.5034000277519226,0.09000000357627869
2021-08-16 01:40:49,0.9021000862121582,0.6176000833511353,0.5276000499725342,0.40150001645088196,0.5527999997138977,0.08400000631809235
2021-08-16 01:55:13,0.7854000329971313,0.6224000453948975,0.4946000277996063,0.4037000238895416,0.5095000267028809,0.09050000458955765
2021-08-16 02:09:37,0.9280000329017639,0.6528000235557556,0.524600088596344,0.3841000199317932,0.5404000282287598,0.08230000734329224
2021-08-16 02:24:01,0.9020000696182251,0.6432000398635864,0.5040000081062317,0.38440001010894775,0.5356000661849976,0.08270000666379929
2021-08-16 02:38:25,0.7855000495910645,0.6216000914573669,0.5260000228881836,0.39660003781318665,0.5157000422477722,0.08900000154972076
2021-08-16 02:52:49,0.8909000754356384,0.6162000298500061,0.5253000259399414,0.3874000012874603,0.5955000519752502,0.09140000492334366
2021-08-16 03:07:13,0.77510005235672,0.6527000665664673,0.504800021648407,0.3979000151157379,0.5170000195503235,0.0835999995470047
2021-08-16 03:21:37,0.7723000049591064,0.6198000311851501,0.5261000394821167,0.398000031709671,0.5680000185966492,0.08390000462532043
2021-08-16 03:36:01,0.8924000859260559,0.6415000557899475,0.5011000037193298,0.3850000202655792,0.5147000551223755,0.09050000458955765
2021-08-16 03:50:25,0.8372000455856323,0.6199000477790833,0.5004000067710876,0.39670002460479736,0.5397000312805176,0.08510000258684158
2021-08-16 04:04:49,0.7534000873565674,0.639400064945221,0.5189000368118286,0.3858000338077545,0.511900007724762,0.08780000358819962
2021-08-16 04:19:13,0.8710000514984131,0.6154000759124756,0.5067000389099121,0.40700000524520874,0.5532000660896301,0.09230000525712967
2021-08-16 04:33:37,0.737500011920929,0.6889000535011292,0.5286000370979309,0.3856000304222107,0.5117000341415405,0.08370000869035721
2021-08-16 04:48:01,0.7315000295639038,0.6730000376701355,0.509600043296814,0.3800000250339508,0.5139999985694885,0.08540000766515732
2021-08-16 05:02:25,0.9166001081466675,0.720300018787384,0.5905000567436218,0.40230002999305725,0.5460000038146973,0.09040000289678574
2021-08-16 05:16:49,0.7433000206947327,0.7139000296592712,0.5418000221252441,0.39330002665519714,0.5175000429153442,0.08780000358819962
2021-08-16 05:31:13,0.8869000673294067,0.6960000395774841,0.572700023651123,0.41610002517700195,0.5437000393867493,0.09260000288486481
2021-08-16 05:45:37,0.781700074672699,0.6942000389099121,0.5534999966621399,0.4013000428676605,0.5534000396728516,0.09070000797510147
2021-08-16 06:00:01,0.9074000716209412,0.735200047492981,0.587100088596344,0.43710002303123474,0.5181000828742981,0.09590000659227371
2021-08-16 06:14:25,0.9846000671386719,0.7137000560760498,0.5814000368118286,0.4036000370979309,0.563800036907196,0.09810000658035278
2021-08-16 06:28:49,0.8003000020980835,0.7327000498771667,0.5597000122070312,0.4278000295162201,0.5154000520706177,0.09260000288486481
2021-08-16 06:43:13,0.8161000609397888,0.7170000076293945,0.5830000042915344,0.4083999991416931,0.5636000633239746,0.09200000762939453
2021-08-16 06:57:37,0.9681000709533691,0.7657999992370605,0.5512000322341919,0.43300002813339233,0.5127000212669373,0.0982000082731247
2021-08-16 07:12:01,0.8532000780105591,0.7278000116348267,0.5436000823974609,0.4091000258922577,0.537100076675415,0.09390000253915787
2021-08-16 07:26:25,1.0359001159667969,0.7553000450134277,0.6065000295639038,0.436100035905838,0.5009000301361084,0.10090000927448273
2021-08-16 07:40:49,0.8460000157356262,0.7360000610351562,0.5635000467300415,0.42640000581741333,0.539400041103363,0.12040000408887863
2021-08-16 07:55:13,1.0036001205444336,0.8010000586509705,0.6040000319480896,0.4131000339984894,0.5049999952316284,0.09600000083446503
2021-08-16 08:09:37,1.0714000463485718,0.7271000742912292,0.5618000030517578,0.417900025844574,0.5120000243186951,0.09670001268386841
2021-08-16 08:24:01,0.9042000770568848,0.7982000708580017,0.6310000419616699,0.46970003843307495,0.5397999882698059,0.10250000655651093
2021-08-16 08:38:25,1.0412001609802246,0.755600094795227,0.5817000269889832,0.43620002269744873,0.5147000551223755,0.09800000488758087
2021-08-16 08:52:49,0.921000063419342,0.8167000412940979,0.6315000057220459,0.4564000070095062,0.5491000413894653,0.12370000779628754
2021-08-16 09:07:13,0.9407000541687012,0.766800045967102,0.6009000539779663,0.4386000335216522,0.5457000136375427,0.0982000082731247
2021-08-16 09:21:37,1.1320000886917114,0.8108000159263611,0.6409000754356384,0.45260003209114075,0.514400064945221,0.10830000787973404
2021-08-16 09:36:01,1.1054000854492188,0.7709000706672668,0.6670000553131104,0.44350001215934753,0.5195000171661377,0.10340000689029694
2021-08-16 09:50:25,0.9491000771522522,0.824600100517273,0.6056000590324402,0.4579000174999237,0.5469000339508057,0.11140000820159912
2021-08-16 10:04:49,0.9629000425338745,0.8431000709533691,0.6168000102043152,0.4400000274181366,0.5237000584602356,0.10530000925064087
2021-08-16 10:19:13,1.1476000547409058,0.7824000716209412,0.6789000630378723,0.4773000478744507,0.5811000466346741,0.1265999972820282
2021-08-16 10:33:37,0.9885000586509705,0.7903000116348267,0.6196000576019287,0.44200003147125244,0.5274000763893127,0.13030001521110535
2021-08-16 10:48:01,1.1176000833511353,0.8724000453948975,0.6901000738143921,0.4772000312805176,0.5588000416755676,0.10750000178813934
2021-08-16 11:02:25,1.1460000276565552,0.8409000635147095,0.6708000302314758,0.46310001611709595,0.5336000323295593,0.1080000028014183
2021-08-16 11:16:49,0.9887000322341919,0.796500027179718,0.6192000508308411,0.4466000199317932,0.557900071144104,0.13180001080036163
2021-08-16 11:31:13,0.982900083065033,0.7950000166893005,0.6577000617980957,0.4610000252723694,0.5319000482559204,0.11140000820159912
2021-08-16 11:45:37,1.1111000776290894,0.879300057888031,0.6259000301361084,0.4440000355243683,0.5624000430107117,0.11830000579357147
2021-08-16 12:00:01,0.9860000610351562,0.838200032711029,0.6790000200271606,0.4466000199317932,0.5657000541687012,0.1413000077009201
2021-08-16 12:14:25,1.1273001432418823,0.7877000570297241,0.6226000785827637,0.4816000163555145,0.5368000268936157,0.10980001091957092
2021-08-16 12:28:49,0.9928000569343567,0.782800018787384,0.607900083065033,0.47870004177093506,0.5354000329971313,0.1316000074148178
2021-08-16 12:43:13,1.1305999755859375,0.8501001000404358,0.6720000505447388,0.44530004262924194,0.5770000219345093,0.108800008893013
2021-08-16 12:57:37,0.9759000539779663,0.8743000030517578,0.6325000524520874,0.4537000358104706,0.562000036239624,0.11950000375509262
2021-08-16 13:12:01,1.210900068283081,0.7870000600814819,0.6756000518798828,0.47520002722740173,0.5331000685691833,0.11060000211000443
2021-08-16 13:26:25,0.990100085735321,0.7877000570297241,0.6844000816345215,0.47530004382133484,0.5374000668525696,0.15150000154972076
2021-08-16 13:40:49,1.2247000932693481,0.8258000016212463,0.6284000277519226,0.4472000300884247,0.5618000030517578,0.11100000888109207
2021-08-16 13:55:13,1.0017000436782837,0.8588000535964966,0.6795000433921814,0.47210001945495605,0.5690000057220459,0.11320000886917114
2021-08-16 14:09:37,1.143800139427185,0.7856000661849976,0.620400071144104,0.45250001549720764,0.5361000895500183,0.13440001010894775
2021-08-16 14:24:01,0.9682000875473022,0.7915000319480896,0.6237000226974487,0.47300001978874207,0.5407000184059143,0.11350000649690628
2021-08-16 14:38:25,1.0928001403808594,0.8314000368118286,0.6819000840187073,0.45260003209114075,0.5622000098228455,0.12080001085996628
2021-08-16 14:52:49,1.1605000495910645,0.8439000844955444,0.6163000464439392,0.4832000434398651,0.5731000900268555,0.11580000817775726
2021-08-16 15:07:13,0.9637000560760498,0.7950000166893005,0.6806000471115112,0.45160001516342163,0.5412000417709351,0.12240000814199448
2021-08-16 15:21:37,1.0909000635147095,0.7899000644683838,0.6777999997138977,0.47620004415512085,0.5417000651359558,0.12810000777244568
2021-08-16 15:36:01,0.9572000503540039,0.8281000852584839,0.6289000511169434,0.4480000138282776,0.571600079536438,0.1145000085234642
2021-08-16 15:50:25,0.9184000492095947,0.837100088596344,0.6177000403404236,0.4661000370979309,0.5427000522613525,0.12290000915527344
2021-08-16 16:04:49,1.0509001016616821,0.7869000434875488,0.6641000509262085,0.4367000460624695,0.5875000357627869,0.11300000548362732
2021-08-16 16:19:13,1.0512001514434814,0.8457000255584717,0.6634000539779663,0.4455000162124634,0.5715000033378601,0.10980001091957092
2021-08-16 16:33:37,0.9107000827789307,0.7755000591278076,0.6146000623703003,0.42750000953674316,0.5421000719070435,0.13590002059936523
2021-08-16 16:48:01,0.9109000563621521,0.8106001019477844,0.5967000126838684,0.42820003628730774,0.5702000260353088,0.10990000516176224
2021-08-16 17:02:25,1.026300072669983,0.766200065612793,0.6790000200271606,0.4561000168323517,0.5364000201225281,0.11710000038146973
2021-08-16 17:16:49,0.905500054359436,0.7867000699043274,0.6342999935150146,0.4262000322341919,0.5651000738143921,0.11340000480413437
2021-08-16 17:31:13,1.0450000762939453,0.760200023651123,0.5903000235557556,0.44280004501342773,0.5382000207901001,0.12060000747442245
2021-08-16 17:45:37,1.0430999994277954,0.8208000063896179,0.6164000630378723,0.4313000440597534,0.5682000517845154,0.13610000908374786
2021-08-16 18:00:01,0.9074000716209412,0.7532000541687012,0.59170001745224,0.4554000198841095,0.5412000417709351,0.11430000513792038
2021-08-16 18:14:25,1.065000057220459,0.7970000505447388,0.578700065612793,0.445000022649765,0.5723000168800354,0.11140000820159912
2021-08-16 18:28:49,0.8944000601768494,0.7488000392913818,0.65010005235672,0.4172000288963318,0.5387000441551208,0.13680000603199005
2021-08-16 18:43:13,1.0041000843048096,0.7852000594139099,0.582800030708313,0.436100035905838,0.5649000406265259,0.11890000849962234
2021-08-16 18:57:37,0.8863000273704529,0.7461000680923462,0.6383000016212463,0.4183000326156616,0.5366000533103943,0.11080000549554825
2021-08-16 19:12:01,1.022200107574463,0.7708000540733337,0.6365000009536743,0.43640002608299255,0.5379000306129456,0.10630001127719879
2021-08-16 19:26:25,0.844700038433075,0.7450000643730164,0.5839000344276428,0.4082000255584717,0.570400059223175,0.11300000548362732
2021-08-16 19:40:49,0.8319000601768494,0.7398000359535217,0.6087999939918518,0.41040000319480896,0.5732000470161438,0.10500000417232513
2021-08-16 19:55:13,0.9656000733375549,0.7865000367164612,0.5577999949455261,0.44220003485679626,0.5431000590324402,0.10980001091957092
2021-08-16 20:09:37,0.9731000661849976,0.7431000471115112,0.5737000107765198,0.41440001130104065,0.5482000112533569,0.11110000312328339
2021-08-16 20:24:01,0.8507000803947449,0.7888000011444092,0.5940000414848328,0.428600013256073,0.578700065612793,0.10410000383853912
2021-08-16 20:38:25,0.8441000580787659,0.7885000109672546,0.6078000068664551,0.4247000217437744,0.5552999973297119,0.10340000689029694
2021-08-16 20:52:49,0.9599000811576843,0.747700035572052,0.5608000159263611,0.41290000081062317,0.585900068283081,0.1096000000834465
2021-08-16 21:07:13,0.9851000905036926,0.7488000392913818,0.5997000336647034,0.42640000581741333,0.5577999949455261,0.10690000653266907
2021-08-16 21:21:37,0.8446000814437866,0.7638000249862671,0.5609000325202942,0.4158000349998474,0.5830000042915344,0.10170000791549683
2021-08-16 21:36:01,0.9526000618934631,0.7458000183105469,0.5545000433921814,0.4100000262260437,0.5861000418663025,0.10630001127719879
2021-08-16 21:50:25,0.8135000467300415,0.7812000513076782,0.6014000773429871,0.4293000400066376,0.5570000410079956,0.0966000035405159
2021-08-16 22:04:49,0.8267000317573547,0.7853000164031982,0.5855000019073486,0.41360002756118774,0.5843000411987305,0.10300000756978989
2021-08-16 22:19:13,0.9494000673294067,0.7389000654220581,0.5621000528335571,0.4280000329017639,0.5576000809669495,0.09240000694990158
2021-08-16 22:33:37,0.8194000720977783,0.7606000900268555,0.5448000431060791,0.4253000319004059,0.5927000641822815,0.0999000072479248
2021-08-16 22:48:01,0.9432000517845154,0.7232000231742859,0.5838000178337097,0.41050001978874207,0.5565000176429749,0.09000000357627869
2021-08-16 23:02:25,0.8200000524520874,0.7205000519752502,0.6035000085830688,0.42270001769065857,0.5909000635147095,0.09960000216960907
2021-08-16 23:16:49,0.935200035572052,0.7724000811576843,0.5418000221252441,0.40620002150535583,0.5587000250816345,0.09020000696182251
2021-08-16 23:31:13,0.9257000684738159,0.7629000544548035,0.5861000418663025,0.41540002822875977,0.596500039100647,0.08709999918937683
2021-08-16 23:45:37,0.807900071144104,0.7193000316619873,0.5476000905036926,0.4012000262737274,0.5550000071525574,0.09260000288486481
2021-08-17 00:00:01,0.8067000508308411,0.759100079536438,0.5462999939918518,0.395300030708313,0.5576000809669495,0.09280000627040863
2021-08-17 00:14:25,0.9172000288963318,0.7149000763893127,0.5754000544548035,0.4165000319480896,0.5755000114440918,0.08730001002550125
2021-08-17 00:28:49,0.8813000321388245,0.7100000381469727,0.563800036907196,0.4133000373840332,0.5565000176429749,0.08709999918937683
2021-08-17 00:43:13,0.8147000670433044,0.7465000152587891,0.5415000319480896,0.3978000283241272,0.5637000203132629,0.1104000061750412
2021-08-17 00:57:37,0.8041000962257385,0.747200071811676,0.5670000314712524,0.4123000502586365,0.575700044631958,0.09560000151395798
2021-08-17 01:12:01,0.8828000426292419,0.7038000226020813,0.5352000594139099,0.39350003004074097,0.5552000403404236,0.08820001035928726
2021-08-17 01:26:25,0.8033000230789185,0.7804000377655029,0.5617000460624695,0.38690000772476196,0.5524000525474548,0.08680000901222229
2021-08-17 01:40:49,0.8611000776290894,0.7014000415802002,0.5319000482559204,0.40870001912117004,0.5873000025749207,0.09330000728368759
2021-08-17 01:55:13,0.7961000800132751,0.7331000566482544,0.549500048160553,0.4151000380516052,0.5943000316619873,0.09180000424385071
2021-08-17 02:09:37,0.8557000756263733,0.6377000212669373,0.504300057888031,0.39180004596710205,0.5508000254631042,0.08670000731945038
2021-08-17 02:24:01,0.7845000624656677,0.6480000019073486,0.5274000763893127,0.3881000280380249,0.5834000706672668,0.09100000560283661
2021-08-17 02:38:25,0.8592000603675842,0.6288000345230103,0.5017000436782837,0.40330004692077637,0.5504000782966614,0.0860000029206276
2021-08-17 02:52:49,0.8559000492095947,0.6527000665664673,0.5378000140190125,0.39170002937316895,0.5801000595092773,0.09080000966787338
2021-08-17 03:07:13,0.7891000509262085,0.6305000185966492,0.4978000521659851,0.41620004177093506,0.5470000505447388,0.0853000059723854
2021-08-17 03:21:37,0.785800039768219,0.6430000066757202,0.5248000025749207,0.4028000235557556,0.5654000639915466,0.08560000360012054
2021-08-17 03:36:01,0.8762000799179077,0.6279000639915466,0.5038999915122986,0.3863000273704529,0.5466000437736511,0.09160000085830688
2021-08-17 03:50:25,0.8921000957489014,0.6335000395774841,0.49790000915527344,0.4009000062942505,0.5555000305175781,0.09180000424385071
2021-08-17 04:04:49,0.7923000454902649,0.6481000781059265,0.5248000025749207,0.38050001859664917,0.5482000112533569,0.08620000630617142
2021-08-17 04:19:13,0.8645000457763672,0.6297000646591187,0.5006000399589539,0.3768000304698944,0.5671000480651855,0.0861000046133995
2021-08-17 04:33:37,0.7868000268936157,0.719200074672699,0.5196000337600708,0.40470004081726074,0.5449000597000122,0.09040000289678574
2021-08-17 04:48:01,0.7877000570297241,0.6892000436782837,0.5035000443458557,0.4011000394821167,0.5455000400543213,0.09260000288486481
2021-08-17 05:02:25,0.9727000594139099,0.7236000895500183,0.5773000121116638,0.39020001888275146,0.5622000098228455,0.08740000426769257
2021-08-17 05:16:49,0.9991000890731812,0.7283000349998474,0.5344000458717346,0.3915000259876251,0.5677000284194946,0.0885000005364418
2021-08-17 05:31:13,0.8101000785827637,0.6955000162124634,0.5835000276565552,0.41430002450942993,0.54420006275177,0.09610000252723694
2021-08-17 05:45:37,0.831000030040741,0.7006000876426697,0.5552000403404236,0.3970000147819519,0.5450000166893005,0.09000000357627869
2021-08-17 06:00:01,0.9577000737190247,0.7541000843048096,0.5834000706672668,0.42240002751350403,0.5764999985694885,0.09770000725984573
2021-08-17 06:14:25,0.8559000492095947,0.764400064945221,0.5541000366210938,0.4025000333786011,0.5738000273704529,0.0950000062584877
2021-08-17 06:28:49,0.9678000211715698,0.720300018787384,0.5872000455856323,0.42180004715919495,0.5455000400543213,0.1194000095129013
2021-08-17 06:43:13,0.8604000806808472,0.7199000716209412,0.5796000361442566,0.4017000198364258,0.5788000226020813,0.11720000952482224
2021-08-17 06:57:37,0.9774000644683838,0.7468000054359436,0.5514000654220581,0.4229000210762024,0.5393000245094299,0.09220001101493835
2021-08-17 07:12:01,0.8915000557899475,0.7264000773429871,0.6071000695228577,0.40450000762939453,0.5938000082969666,0.09590000659227371
2021-08-17 07:26:25,1.0154000520706177,0.7800000309944153,0.5613000392913818,0.4172000288963318,0.5252000093460083,0.09270001202821732
2021-08-17 07:40:49,0.9125000238418579,0.7521000504493713,0.6170000433921814,0.39820003509521484,0.5285000205039978,0.09760000556707382
2021-08-17 07:55:13,1.0647001266479492,0.8233000040054321,0.5596000552177429,0.4309000074863434,0.5732000470161438,0.09240000694990158
2021-08-17 08:09:37,0.9346000552177429,0.7589000463485718,0.6183000206947327,0.4133000373840332,0.5394999980926514,0.09330000728368759
2021-08-17 08:24:01,1.071000099182129,0.8195000290870667,0.5552000403404236,0.44940000772476196,0.5692999958992004,0.12160000205039978
2021-08-17 08:38:25,0.9437000751495361,0.7765000462532043,0.5809000730514526,0.46080005168914795,0.5397999882698059,0.0958000048995018
2021-08-17 08:52:49,1.17930006980896,0.8282999992370605,0.6237000226974487,0.4240000247955322,0.5879999995231628,0.10170000791549683
2021-08-17 09:07:13,0.9793000221252441,0.7825000286102295,0.5887000560760498,0.41940000653266907,0.5400000214576721,0.09930000454187393
2021-08-17 09:21:37,1.1496000289916992,0.8491000533103943,0.6403000354766846,0.45930004119873047,0.5992000699043274,0.11470001190900803
2021-08-17 09:36:01,1.1140000820159912,0.79010009765625,0.5961000919342041,0.4489000141620636,0.6037999987602234,0.10190000385046005
2021-08-17 09:50:25,0.9813000559806824,0.8622000813484192,0.6636000871658325,0.482200026512146,0.5301000475883484,0.11920001357793808
2021-08-17 10:04:49,0.9905000329017639,0.8537000417709351,0.6137000322341919,0.44440001249313354,0.5482000112533569,0.10740000754594803
2021-08-17 10:19:13,1.1279001235961914,0.8019000887870789,0.661300003528595,0.4951000213623047,0.6083000302314758,0.12770001590251923
2021-08-17 10:33:37,0.9891000986099243,0.8509000539779663,0.605400025844574,0.467600017786026,0.5878000259399414,0.1096000000834465
2021-08-17 10:48:01,1.14080011844635,0.8094000816345215,0.6615000367164612,0.4496000409126282,0.5541000366210938,0.1527000069618225
2021-08-17 11:02:25,1.1416000127792358,0.8504000902175903,0.6126000881195068,0.4823000431060791,0.589400053024292,0.1104000061750412
2021-08-17 11:16:49,0.9871000647544861,0.8033000230789185,0.70250004529953,0.458700031042099,0.5569000244140625,0.13290001451969147
2021-08-17 11:31:13,1.1333000659942627,0.8664000630378723,0.6106000542640686,0.4547000229358673,0.5614000558853149,0.11830000579357147
2021-08-17 11:45:37,0.9717000722885132,0.7928000092506409,0.6877000331878662,0.48020002245903015,0.6195000410079956,0.11100000888109207
2021-08-17 12:00:01,1.1069999933242798,0.7984000444412231,0.669700026512146,0.44760003685951233,0.5940000414848328,0.11220000684261322
2021-08-17 12:14:25,0.984000027179718,0.8756000995635986,0.6037000417709351,0.4776000380516052,0.5637000203132629,0.12310000509023666
2021-08-17 12:28:49,0.9783000349998474,0.7980000376701355,0.6694000363349915,0.49000000953674316,0.5617000460624695,0.11300000548362732
2021-08-17 12:43:13,1.1944000720977783,0.845300018787384,0.6112000346183777,0.4553000330924988,0.59170001745224,0.13770000636577606
2021-08-17 12:57:37,1.1369000673294067,0.8520000576972961,0.6302000284194946,0.4618000388145447,0.5971000790596008,0.11540000885725021
2021-08-17 13:12:01,0.9919000864028931,0.7876001000404358,0.6850000619888306,0.4854000210762024,0.5600000023841858,0.12800000607967377
2021-08-17 13:26:25,1.1363000869750977,0.8289000391960144,0.617400050163269,0.4580000340938568,0.5617000460624695,0.1380000114440918
2021-08-17 13:40:49,0.9812000393867493,0.7875000238418579,0.6787000298500061,0.4797000288963318,0.6060000061988831,0.11560000479221344
2021-08-17 13:55:13,1.1161000728607178,0.7951000928878784,0.6340000033378601,0.4531000256538391,0.5955000519752502,0.11550000309944153
2021-08-17 14:09:37,0.9753000140190125,0.8484000563621521,0.6765000224113464,0.4748000502586365,0.5617000460624695,0.16360001266002655
2021-08-17 14:24:01,0.98580002784729,0.8593000173568726,0.6126000881195068,0.4597000479698181,0.5557000637054443,0.12000000476837158
2021-08-17 14:38:25,1.1756000518798828,0.8062000274658203,0.688800036907196,0.48250001668930054,0.5913000106811523,0.1282000094652176
2021-08-17 14:52:49,1.2255001068115234,0.8621000647544861,0.6307000517845154,0.48030003905296326,0.5619000792503357,0.1210000067949295
2021-08-17 15:07:13,1.0010000467300415,0.8050000667572021,0.7102000713348389,0.4588000476360321,0.5946000814437866,0.14470000565052032
2021-08-17 15:21:37,1.1038000583648682,0.8979000449180603,0.6833000183105469,0.4524000287055969,0.5899000763893127,0.15400001406669617
2021-08-17 15:36:01,0.9773000478744507,0.8114000558853149,0.6227999925613403,0.4700000286102295,0.5618000030517578,0.12120001018047333
2021-08-17 15:50:25,0.9625000357627869,0.8583000302314758,0.6161000728607178,0.47380003333091736,0.5879000425338745,0.12190000712871552
2021-08-17 16:04:49,1.1180000305175781,0.8059000372886658,0.6785000562667847,0.4531000256538391,0.557200014591217,0.1274000108242035
2021-08-17 16:19:13,1.0939000844955444,0.794700026512146,0.6229000687599182,0.45160001516342163,0.5562000274658203,0.1267000138759613
2021-08-17 16:33:37,0.9650000333786011,0.8209000825881958,0.6660000085830688,0.47300001978874207,0.5920000076293945,0.11910000443458557
2021-08-17 16:48:01,1.0907001495361328,0.8251000642776489,0.6061000823974609,0.47360002994537354,0.5897000432014465,0.12250000238418579
2021-08-17 17:02:25,0.9448000192642212,0.7702000737190247,0.6552000641822815,0.44790002703666687,0.5509000420570374,0.11710000038146973
2021-08-17 17:16:49,1.0943001508712769,0.8007000684738159,0.6751000881195068,0.4602000415325165,0.5496000647544861,0.11590000987052917
2021-08-17 17:31:13,0.9118000268936157,0.7682999968528748,0.6085000038146973,0.4237000346183777,0.5803000330924988,0.1363000124692917
2021-08-17 17:45:37,1.050700068473816,0.7597000598907471,0.6018000245094299,0.42740002274513245,0.5818000435829163,0.11950000375509262
2021-08-17 18:00:01,0.9084000587463379,0.800000011920929,0.6475000381469727,0.4392000436782837,0.5507000088691711,0.1153000071644783
2021-08-17 18:14:25,0.8902000784873962,0.8116000890731812,0.5903000235557556,0.4244000017642975,0.5890000462532043,0.12540000677108765
2021-08-17 18:28:49,1.0219000577926636,0.747700035572052,0.6270000338554382,0.45580002665519714,0.5503000020980835,0.11070001125335693
2021-08-17 18:43:13,0.9767000675201416,0.7426000833511353,0.6284000277519226,0.44140002131462097,0.5825000405311584,0.11630000919103622
2021-08-17 18:57:37,0.8672000765800476,0.789400041103363,0.5831000804901123,0.4195000231266022,0.5527999997138977,0.10890000313520432
2021-08-17 19:12:01,0.9875000715255737,0.7895000576972961,0.6420000195503235,0.4195000231266022,0.5479000210762024,0.10790000855922699
2021-08-17 19:26:25,0.829300045967102,0.7404000759124756,0.5903000235557556,0.43150001764297485,0.5706000924110413,0.1298000067472458
2021-08-17 19:40:49,0.8212000727653503,0.7413000464439392,0.6211000680923462,0.42420002818107605,0.5785000324249268,0.11250000447034836
2021-08-17 19:55:13,1.0027000904083252,0.7903000116348267,0.5752000212669373,0.4376000165939331,0.549500048160553,0.10440000891685486
2021-08-17 20:09:37,0.8509000539779663,0.7804000377655029,0.5758000016212463,0.41610002517700195,0.5537000298500061,0.10520000755786896
2021-08-17 20:24:01,1.0049999952316284,0.7410000562667847,0.6205000281333923,0.43620002269744873,0.5877000689506531,0.11160000413656235
2021-08-17 20:38:25,0.9793000221252441,0.7597000598907471,0.5981000661849976,0.43290001153945923,0.5599000453948975,0.12680001556873322
2021-08-17 20:52:49,0.8537999987602234,0.7326000928878784,0.5652999877929688,0.41690000891685486,0.5918000340461731,0.10320001095533371
2021-08-17 21:07:13,0.851900041103363,0.7629000544548035,0.5608000159263611,0.4166000187397003,0.5794000625610352,0.10400000214576721
2021-08-17 21:21:37,0.9760000705718994,0.7291000485420227,0.6018000245094299,0.44540002942085266,0.5564000606536865,0.11390000581741333
2021-08-17 21:36:01,0.8395000696182251,0.7411000728607178,0.5994000434875488,0.41590002179145813,0.5855000019073486,0.10890000313520432
2021-08-17 21:50:25,0.9331001043319702,0.7235000133514404,0.5564000606536865,0.435200035572052,0.5585000514984131,0.09800000488758087
2021-08-17 22:04:49,0.9231000542640686,0.7637000679969788,0.5854000449180603,0.4083999991416931,0.5565000176429749,0.09360000491142273
2021-08-17 22:19:13,0.8471000790596008,0.7219000458717346,0.5552000403404236,0.4302000403404236,0.5933000445365906,0.11890000849962234
2021-08-17 22:33:37,0.9167000651359558,0.7485000491142273,0.556600034236908,0.435200035572052,0.5592000484466553,0.11590000987052917
2021-08-17 22:48:01,0.8464000821113586,0.7220000624656677,0.5918000340461731,0.4240000247955322,0.5997999906539917,0.09200000762939453
2021-08-17 23:02:25,0.9671000838279724,0.7217000722885132,0.596500039100647,0.4350000321865082,0.5593000054359436,0.09790000319480896
2021-08-17 23:16:49,0.8423000574111938,0.7464000582695007,0.5548000335693359,0.41770002245903015,0.5936000943183899,0.09030000865459442
2021-08-17 23:31:13,0.8898000121116638,0.7346000671386719,0.5523000359535217,0.45120003819465637,0.6109000444412231,0.10209999978542328
2021-08-17 23:45:37,0.8178000450134277,0.7107000350952148,0.5830000042915344,0.4158000349998474,0.5609000325202942,0.08830000460147858
2021-08-18 00:00:01,0.86080002784729,0.7138000130653381,0.5732000470161438,0.4189000129699707,0.5809000730514526,0.09020000696182251