DateTime,ANNEX_AE2_ACTIVE_POWER,ANNEX_AE4_ACTIVE_POWER,ANNEX_AE5_ACTIVE_POWER,ANNEX_AE7_ACTIVE_POWER,ANNEX_AE9_ACTIVE_POWER
8/13/2021 0:00,0.288100034,0.0006,0.309300035,6.093900204,0.157200009
8/13/2021 0:12,0.262800038,0.0007,0.330800027,5.853000164,0.171500012
8/13/2021 0:24,0.260800034,0.0006,0.33070004,6.021000385,0.154500008
8/13/2021 0:36,0.293600023,0.0007,0.300300032,5.909399986,0.167500004
8/13/2021 0:48,0.273600012,0.0006,0.323800027,5.937600613,0.15200001
8/13/2021 1:00,0.263999999,0.0007,0.305300027,5.811100483,0.166800007
8/13/2021 1:12,0.268900007,0.0006,0.295600027,5.845500469,0.150400013
8/13/2021 1:24,0.257300019,0.0007,0.314900011,5.690600395,0.161500007
8/13/2021 1:36,0.2685,0.0006,0.316400021,5.711500168,0.159800008
8/13/2021 1:48,0.258900017,0.0007,0.29580003,5.524300575,0.133900017
8/13/2021 2:00,0.271000028,0.0006,0.294700027,5.547500134,0.153700009
8/13/2021 2:12,0.258900017,0.0007,0.319500029,4.829600334,0.127200007
8/13/2021 2:24,0.267700016,0.0006,0.293800026,4.95320034,0.127300009
8/13/2021 2:36,0.256600022,0.0007,0.311800033,4.724900246,0.1382
8/13/2021 2:48,0.259200037,0.0007,0.311100006,4.834300518,0.138100013
8/13/2021 3:00,0.282200038,0.0007,0.293300033,5.36950016,0.128400013
8/13/2021 3:12,0.26820001,0.0007,0.317100018,5.341500282,0.137400016
8/13/2021 3:24,0.253800005,0.0007,0.294700027,5.01570034,0.12470001
8/13/2021 3:36,0.258399993,0.0007,0.31280002,5.191200256,0.139600009
8/13/2021 3:48,0.26730004,0.0007,0.292000026,5.05270052,0.126800016
8/13/2021 4:00,0.269400001,0.0007,0.292899996,5.099200249,0.127300009
8/13/2021 4:12,0.259900004,0.0007,0.317900002,5.396600246,0.143600017
8/13/2021 4:24,0.257800043,0.0007,0.29460001,5.147400379,0.1259
8/13/2021 4:36,0.268000007,0.0007,0.315899998,5.294100285,0.138500005
8/13/2021 4:48,0.292300045,0.0007,0.313300043,5.212100506,0.13970001
8/13/2021 5:00,0.257700026,0.0007,0.292000026,5.606400013,0.127500013
8/13/2021 5:12,0.27700001,0.0007,0.313500017,5.609300613,0.127500013
8/13/2021 5:24,0.26700002,0.0007,0.293200016,4.792900085,0.140100017
8/13/2021 5:36,0.26820001,0.0006,0.291900009,4.647500038,0.127700016
8/13/2021 5:48,0.316300035,0.0007,0.310400009,4.925500393,0.163300008
8/13/2021 6:00,0.313500017,0.0007,0.314900011,4.839800358,0.170100018
8/13/2021 6:12,0.338800043,0.0007,0.293400019,5.92770052,0.159700006
8/13/2021 6:24,0.317300022,0.0006,0.323600024,5.828500271,0.173000008
8/13/2021 6:36,0.348399997,0.0007,0.293300033,5.50810051,0.158200011
8/13/2021 6:48,0.371100038,0.0007,0.290500015,5.72990036,0.159199998
8/13/2021 7:00,0.32250002,0.0007,0.335700035,5.606200695,0.188000008
8/13/2021 7:12,0.360000014,0.0006,0.293400019,5.639400005,0.154800013
8/13/2021 7:24,0.320000023,0.0007,0.317500025,5.818500042,0.179000005
8/13/2021 7:36,0.324200034,0.0006,0.2949,5.795800686,0.171800017
8/13/2021 7:48,0.372200042,0.0007,0.323800027,5.654100418,0.189100012
8/13/2021 8:00,0.334100008,0.0006,0.302300036,5.848400116,0.183600008
8/13/2021 8:12,0.376300037,0.0007,0.318800032,5.647800446,0.219100013
8/13/2021 8:24,0.353900015,0.0006,0.30490002,5.642100334,0.189100012
8/13/2021 8:36,0.327300042,0.0007,0.337600023,5.84910059,0.207100019
8/13/2021 8:48,0.338200033,0.0007,0.333600014,5.875300407,0.191000015
8/13/2021 9:00,0.381900012,0.0006,0.305800021,6.2062006,0.204600021
8/13/2021 9:12,0.337200016,0.0006,0.308800042,6.086600304,0.194600016
8/13/2021 9:24,0.381000012,0.0007,0.329400003,6.2208004,0.212900013
8/13/2021 9:36,0.343300045,0.0007,0.316700041,6.240700722,0.227300018
8/13/2021 9:48,0.372900009,0.0006,0.350200027,6.11190033,0.1972
8/13/2021 10:00,0.387500018,0.0007,0.320100009,6.144800663,0.207800016
8/13/2021 10:12,0.346400023,0.0006,0.34980002,6.02960062,0.197400019
8/13/2021 10:24,0.39200002,0.0007,0.324500024,6.049600601,0.196200013
8/13/2021 10:36,0.350200027,0.0006,0.351600021,5.990800381,0.214200005
8/13/2021 10:48,0.40290001,0.0007,0.332100034,6.016400337,0.198600009
8/13/2021 11:00,0.344300032,0.0006,0.3574,5.976700306,0.227300018
8/13/2021 11:12,0.352600008,0.0007,0.331400007,5.998000145,0.222800016
8/13/2021 11:24,0.396400005,0.0006,0.377800047,6.058700562,0.19600001
8/13/2021 11:36,0.395700037,0.0007,0.331500024,6.075300694,0.233900025
8/13/2021 11:48,0.351800025,0.0006,0.361300021,6.026400089,0.196200013
8/13/2021 12:00,0.350800037,0.0006,0.385100037,6.058900356,0.222800016
8/13/2021 12:12,0.390500009,0.0007,0.339900017,6.004000187,0.196400017
8/13/2021 12:24,0.347100019,0.0006,0.368800044,6.027400017,0.216300011
8/13/2021 12:36,0.393900007,0.0007,0.337300032,5.958899975,0.194400012
8/13/2021 12:48,0.347900003,0.0006,0.388100028,5.959300518,0.215300009
8/13/2021 13:00,0.391200036,0.0007,0.337200016,6.011000156,0.19310002
8/13/2021 13:12,0.353000015,0.0007,0.341100037,5.985200405,0.227600023
8/13/2021 13:24,0.429700047,0.0006,0.36740002,6.070899963,0.194000006
8/13/2021 13:36,0.396800041,0.0007,0.344900012,6.071200371,0.219600022
8/13/2021 13:48,0.350700021,0.0006,0.36590001,6.001800537,0.19310002
8/13/2021 14:00,0.354500026,0.0007,0.366600037,6.016400337,0.20980002
8/13/2021 14:12,0.396300048,0.0006,0.340800047,6.075100422,0.194700003
8/13/2021 14:24,0.34860003,0.0007,0.339400023,6.070500374,0.2192
8/13/2021 14:36,0.421900004,0.0006,0.371100038,6.026500225,0.192600012
8/13/2021 14:48,0.349300027,0.0007,0.374900013,6.028700352,0.214400023
8/13/2021 15:00,0.397500008,0.0006,0.340300024,6.073800564,0.194100022
8/13/2021 15:12,0.399600029,0.0007,0.341200024,6.030600548,0.214000016
8/13/2021 15:24,0.348500013,0.0006,0.378700018,6.102300644,0.196800008
8/13/2021 15:36,0.372400016,0.0007,0.36740002,6.061600208,0.222300008
8/13/2021 15:48,0.344400018,0.0006,0.339100033,6.129600525,0.195900023
8/13/2021 16:00,0.340000004,0.0007,0.33070004,6.106100559,0.211700007
8/13/2021 16:12,0.396400005,0.0006,0.372900009,5.684400082,0.192900017
8/13/2021 16:24,0.366100013,0.0007,0.32950002,5.662700653,0.189300016
8/13/2021 16:36,0.336700022,0.0006,0.34950003,5.330700397,0.213700011
8/13/2021 16:48,0.362900019,0.0007,0.379000008,5.207600117,0.207200006
8/13/2021 17:00,0.3389,0.0006,0.332400024,5.615700245,0.174500003
8/13/2021 17:12,0.329300046,0.0006,0.354500026,5.740400314,0.185300007
8/13/2021 17:24,0.352800041,0.0007,0.326300025,5.249800682,0.170100018
8/13/2021 17:36,0.331900001,0.0007,0.354900002,5.573800564,0.180500016
8/13/2021 17:48,0.354500026,0.0006,0.317900002,5.028700352,0.159000009
8/13/2021 18:00,0.364300042,0.0006,0.321700037,5.062000275,0.154000014
8/13/2021 18:12,0.328100026,0.0007,0.352600008,5.61730051,0.171200007
8/13/2021 18:24,0.327500015,0.0006,0.334600031,5.671300411,0.153300017
8/13/2021 18:36,0.387500018,0.0007,0.318300039,4.89070034,0.173300013
8/13/2021 18:48,0.338000029,0.0007,0.317300022,5.109400272,0.163900018
8/13/2021 19:00,0.32100001,0.0006,0.339300036,5.679399967,0.151800007
8/13/2021 19:12,0.315899998,0.0007,0.343200028,5.687700272,0.149500012
8/13/2021 19:24,0.333600014,0.0006,0.320100009,6.252800465,0.177400023
8/13/2021 19:36,0.317200035,0.0007,0.342700034,6.269600391,0.166000009
8/13/2021 19:48,0.33070004,0.0006,0.316500008,6.15430069,0.148600012
8/13/2021 20:00,0.321800023,0.0007,0.313900024,6.133900166,0.153600007
8/13/2021 20:12,0.336899996,0.0006,0.333100021,6.209000111,0.16520001
8/13/2021 20:24,0.345200032,0.0007,0.31220004,6.222900391,0.169200003
8/13/2021 20:36,0.318300039,0.0006,0.340500027,6.109300613,0.154400021
8/13/2021 20:48,0.317200035,0.0007,0.338700026,6.198500156,0.182700008
8/13/2021 21:00,0.336000025,0.0006,0.310200036,6.086200714,0.155300006
8/13/2021 21:12,0.368000031,0.0006,0.335000008,6.157300472,0.153300017
8/13/2021 21:24,0.316800028,0.0007,0.308899999,6.259600163,0.186700001
8/13/2021 21:36,0.338500023,0.0007,0.310600013,6.272900105,0.153900012
8/13/2021 21:48,0.313600034,0.0006,0.335500002,6.126600266,0.167000011
8/13/2021 22:00,0.312700033,0.0007,0.311100006,6.24960041,0.174300015
8/13/2021 22:12,0.32220003,0.0006,0.332800031,6.123000145,0.149700001
8/13/2021 22:24,0.328200042,0.0007,0.322000027,6.173200607,0.15200001
8/13/2021 22:36,0.31370002,0.0006,0.303600013,6.270200729,0.167600021
8/13/2021 22:48,0.32280004,0.0006,0.3204,6.286200523,0.164500013
8/13/2021 23:00,0.309500009,0.0007,0.305000007,6.045800686,0.150500014
8/13/2021 23:12,0.337700039,0.0007,0.30370003,6.214700699,0.160700008
8/13/2021 23:24,0.300900012,0.0006,0.324700028,6.05150032,0.148200005
8/13/2021 23:36,0.341800034,0.0006,0.333900005,6.119600296,0.144400015
8/13/2021 23:48,0.275900006,0.0007,0.300600022,5.967200279,0.162600011
8/14/2021 0:00,0.259200037,0.0007,0.302900016,5.905200481,0.162500009
8/14/2021 0:12,0.27580002,0.0006,0.321400017,5.9562006,0.148000002
8/14/2021 0:24,0.270600021,0.0007,0.324500024,5.770800591,0.149100021
8/14/2021 0:36,0.263700038,0.0006,0.296300024,6.242500305,0.164100021
8/14/2021 0:48,0.281900018,0.0006,0.324200034,6.258200645,0.162600011
8/14/2021 1:00,0.261200011,0.0007,0.288800031,5.881100178,0.143600017
8/14/2021 1:12,0.25820002,0.0006,0.287600011,6.162800789,0.144400015
8/14/2021 1:24,0.274900019,0.0007,0.315200031,5.9781003,0.168200001
8/14/2021 1:36,0.263600022,0.0007,0.304700017,6.097900391,0.155100018
8/14/2021 1:48,0.276500016,0.0006,0.284800023,5.826200485,0.132100016
8/14/2021 2:00,0.277700037,0.0007,0.28730002,6.039900303,0.121100001
8/14/2021 2:12,0.263200015,0.0006,0.312700033,5.312900066,0.151800007
8/14/2021 2:24,0.262300044,0.0006,0.285300046,5.21200037,0.123600006
8/14/2021 2:36,0.270500004,0.0007,0.303000003,5.648900032,0.132900015
8/14/2021 2:48,0.276899993,0.0007,0.286200017,5.630600452,0.125
8/14/2021 3:00,0.263200015,0.0006,0.299400002,5.338000298,0.14320001
8/14/2021 3:12,0.272100031,0.0006,0.286600024,5.271300316,0.13760002
8/14/2021 3:24,0.254600018,0.0007,0.310100019,5.4708004,0.125700012
8/14/2021 3:36,0.268400013,0.0006,0.313900024,5.531700611,0.133100018
8/14/2021 3:48,0.25970003,0.0007,0.282000005,5.903100491,0.124300011
8/14/2021 4:00,0.261700034,0.0006,0.282000005,5.600600243,0.133400008
8/14/2021 4:12,0.28490001,0.0007,0.302000016,5.860500336,0.124200009
8/14/2021 4:24,0.291900009,0.0007,0.305800021,5.818700314,0.122000009
8/14/2021 4:36,0.260100007,0.0006,0.282499999,4.689899921,0.136300012
8/14/2021 4:48,0.258000016,0.0006,0.298100024,4.748300552,0.13530001
8/14/2021 5:00,0.271700025,0.0007,0.284000009,4.318100452,0.123100005
8/14/2021 5:12,0.25820002,0.0006,0.282400012,4.476500034,0.132400021
8/14/2021 5:24,0.271899998,0.0007,0.305500001,4.778300285,0.125100002
8/14/2021 5:36,0.260100007,0.0007,0.280400008,4.508900166,0.124200009
8/14/2021 5:48,0.26820001,0.0006,0.301300019,4.713400364,0.152800009
8/14/2021 6:00,0.272000015,0.0006,0.30250001,4.60860014,0.157600015
8/14/2021 6:12,0.261600018,0.0007,0.283500016,4.851200581,0.147500008
8/14/2021 6:24,0.261200011,0.0006,0.304800034,4.849300385,0.153100014
8/14/2021 6:36,0.273500025,0.0007,0.282600015,4.646900177,0.140500009
8/14/2021 6:48,0.270000011,0.0006,0.27820003,4.598700523,0.140400022
8/14/2021 7:00,0.254200011,0.0007,0.298800021,4.807899952,0.168900013
8/14/2021 7:12,0.251300007,0.0007,0.308000028,4.890100479,0.149600014
8/14/2021 7:24,0.26000002,0.0006,0.281000018,4.750600338,0.137000009
8/14/2021 7:36,0.249900028,0.0006,0.281500012,4.692100525,0.147800013
8/14/2021 7:48,0.282800019,0.0007,0.304700017,4.971200466,0.139900014
8/14/2021 8:00,0.279500008,0.0007,0.300100029,4.827400208,0.140600011
8/14/2021 8:12,0.314500004,0.0006,0.278300017,5.368100166,0.153500006
8/14/2021 8:24,0.299100012,0.0006,0.305800021,5.348900318,0.139200002
8/14/2021 8:36,0.329899997,0.0007,0.278600007,5.666800499,0.150600016
8/14/2021 8:48,0.33920002,0.0006,0.280900002,5.485700607,0.139000013
8/14/2021 9:00,0.292400002,0.0007,0.301100016,5.690500259,0.152500004
8/14/2021 9:12,0.315500021,0.0006,0.301400006,5.685400009,0.152199998
8/14/2021 9:24,0.304200023,0.0007,0.282200038,5.829900265,0.1382
8/14/2021 9:36,0.317300022,0.0006,0.281200022,5.780800343,0.140699998
8/14/2021 9:48,0.303500026,0.0007,0.298900008,6.041399956,0.154600009
8/14/2021 10:00,0.332900017,0.0007,0.309100032,6.021500111,0.150900021
8/14/2021 10:12,0.300200015,0.0006,0.287400007,5.725100517,0.136800006
8/14/2021 10:24,0.300500005,0.0006,0.308600008,5.905300617,0.153000012
8/14/2021 10:36,0.318000019,0.0007,0.286600024,5.730900288,0.136100009
8/14/2021 10:48,0.349300027,0.0006,0.309300035,5.901100159,0.138600007
8/14/2021 11:00,0.306400001,0.0007,0.287400007,5.71530056,0.151700005
8/14/2021 11:12,0.308200032,0.0007,0.284000009,5.626800537,0.134200007
8/14/2021 11:24,0.351400018,0.0006,0.302900016,5.857200623,0.149900019
8/14/2021 11:36,0.306899995,0.0006,0.308000028,5.911200523,0.139000013
8/14/2021 11:48,0.360100031,0.0007,0.289000005,5.742000103,0.170300007
8/14/2021 12:00,0.347900003,0.0006,0.290800035,5.859500408,0.153100014
8/14/2021 12:12,0.312300026,0.0007,0.307700038,5.741700649,0.1382
8/14/2021 12:24,0.310300022,0.0006,0.289000005,5.857800484,0.137400016
8/14/2021 12:36,0.344600022,0.0007,0.308800042,5.729000092,0.153000012
8/14/2021 12:48,0.342600018,0.0006,0.309100032,5.811500072,0.139600009
8/14/2021 13:00,0.311800033,0.0007,0.28730002,5.351400375,0.167900011
8/14/2021 13:12,0.34130004,0.0006,0.290100008,5.469900131,0.153400019
8/14/2021 13:24,0.310700029,0.0007,0.306899995,5.704400063,0.141200006
8/14/2021 13:36,0.310600013,0.0006,0.335800022,5.604700565,0.143700004
8/14/2021 13:48,0.352000028,0.0007,0.290500015,5.786700249,0.154700011
8/14/2021 14:00,0.309500009,0.0006,0.290100008,5.416300774,0.139600009
8/14/2021 14:12,0.345300049,0.0007,0.334900022,5.835800648,0.15640001
8/14/2021 14:24,0.311100006,0.0007,0.292300045,5.673600197,0.157500014
8/14/2021 14:36,0.337800026,0.0007,0.324500024,5.964900017,0.141500011
8/14/2021 14:48,0.314500004,0.0006,0.308800042,5.748000145,0.15550001
8/14/2021 15:00,0.355000019,0.0007,0.290000021,4.922200203,0.142200008
8/14/2021 15:12,0.311399996,0.0006,0.304200023,4.720400333,0.140800014
8/14/2021 15:24,0.328600019,0.0007,0.287900001,5.173000336,0.164100021
8/14/2021 15:36,0.350100011,0.0006,0.309700012,5.157600403,0.158700004
8/14/2021 15:48,0.310200036,0.0006,0.289600015,4.559200287,0.13970001
8/14/2021 16:00,0.314700037,0.0007,0.309400022,5.05850029,0.154900014
8/14/2021 16:12,0.328100026,0.0006,0.292100012,4.669300556,0.140800014
8/14/2021 16:24,0.302000016,0.0007,0.292500019,4.748300552,0.140300006
8/14/2021 16:36,0.35710001,0.0006,0.31190002,5.218800545,0.173300013
8/14/2021 16:48,0.313300043,0.0007,0.312100023,5.179700375,0.155900016
8/14/2021 17:00,0.349000007,0.0006,0.291500002,4.726000309,0.1435
8/14/2021 17:12,0.345000029,0.0007,0.315000027,4.578600407,0.154700011
8/14/2021 17:24,0.312000006,0.0006,0.291300029,4.963500023,0.138500005
8/14/2021 17:36,0.31310001,0.0007,0.312900007,5.215000153,0.157400012
8/14/2021 17:48,0.346800029,0.0006,0.290100008,4.960700512,0.142400011
8/14/2021 18:00,0.374000013,0.0007,0.325399995,5.02450037,0.141200006
8/14/2021 18:12,0.306899995,0.0006,0.288500011,4.700100422,0.159600019
8/14/2021 18:24,0.332500011,0.0006,0.316700041,4.792600155,0.155400023
8/14/2021 18:36,0.30460003,0.0007,0.290500015,5.204800606,0.138700008
8/14/2021 18:48,0.302100033,0.0007,0.310000002,4.830900192,0.139600009
8/14/2021 19:00,0.336400002,0.0006,0.288800031,5.66010046,0.15730001
8/14/2021 19:12,0.335800022,0.0006,0.321400017,5.637000084,0.140500009
8/14/2021 19:24,0.315100014,0.0007,0.288800031,5.745800495,0.152400017
8/14/2021 19:36,0.31310001,0.0006,0.308000028,5.812900066,0.153400019
8/14/2021 19:48,0.372100025,0.0007,0.289600015,5.657200336,0.140500009
8/14/2021 20:00,0.316100031,0.0006,0.288000017,5.738900185,0.141300008
8/14/2021 20:12,0.329300046,0.0007,0.315200031,5.496600151,0.151800007
8/14/2021 20:24,0.370600015,0.0006,0.308100015,5.647500038,0.141500011
8/14/2021 20:36,0.314100027,0.0007,0.288500011,5.40130043,0.163900018
8/14/2021 20:48,0.316200018,0.0007,0.307100028,5.250700474,0.144500002
8/14/2021 21:00,0.352500021,0.0006,0.288900018,6.0406003,0.159100011
8/14/2021 21:12,0.324100018,0.0007,0.311100006,6.128200531,0.177000001
8/14/2021 21:24,0.298500001,0.0006,0.287500024,5.687300682,0.144500002
8/14/2021 21:36,0.323400021,0.0007,0.289800018,5.728800774,0.154300004
8/14/2021 21:48,0.281300038,0.0006,0.311399996,5.219700336,0.132200003
8/14/2021 22:00,0.283300042,0.0007,0.288500011,5.420500278,0.142200008
8/14/2021 22:12,0.262000024,0.0006,0.317200035,4.685900211,0.1285
8/14/2021 22:24,0.273800045,0.0007,0.309000015,4.684800625,0.131300002
8/14/2021 22:36,0.259200037,0.0006,0.288700014,5.170200348,0.143900022
8/14/2021 22:48,0.262600005,0.0007,0.292300045,5.244400024,0.128200009
8/14/2021 23:00,0.296700031,0.0006,0.308700025,5.056100368,0.137300014
8/14/2021 23:12,0.29430002,0.0007,0.309000015,4.852300644,0.140200004
8/14/2021 23:24,0.260200024,0.0006,0.288300037,5.337200642,0.125500008
8/14/2021 23:36,0.2579,0.0006,0.307000011,5.212300777,0.134200007
8/14/2021 23:48,0.270400017,0.0007,0.28490001,4.919000149,0.125500008
8/15/2021 0:00,0.261700034,0.0006,0.288800031,4.825100422,0.136600018
8/15/2021 0:12,0.273600012,0.0007,0.307400018,5.364400387,0.128300011
8/15/2021 0:24,0.274000019,0.0007,0.287400007,5.205200672,0.135100007
8/15/2021 0:36,0.26030004,0.0006,0.309800029,4.598500252,0.124500006
8/15/2021 0:48,0.26060003,0.0007,0.306100011,4.712200642,0.125800014
8/15/2021 1:00,0.269200027,0.0006,0.286200017,4.020100117,0.134000003
8/15/2021 1:12,0.26030004,0.0007,0.287200034,4.071800232,0.124800012
8/15/2021 1:24,0.275300026,0.0006,0.310500026,5.728200436,0.136300012
8/15/2021 1:36,0.251600027,0.0006,0.305300027,5.716200352,0.133100018
8/15/2021 1:48,0.270800024,0.0007,0.287200034,4.60340023,0.1259
8/15/2021 2:00,0.288100034,0.0006,0.311600029,5.399800777,0.154100016
8/15/2021 2:12,0.262700021,0.0007,0.288399994,4.839900017,0.127300009
8/15/2021 2:24,0.282100022,0.0007,0.28580004,4.980800629,0.122300006
8/15/2021 2:36,0.256600022,0.0006,0.306100011,4.826000214,0.132699996
8/15/2021 2:48,0.273500025,0.0007,0.308300018,4.882700443,0.126900002
8/15/2021 3:00,0.25820002,0.0006,0.286200017,5.018400192,0.135400012
8/15/2021 3:12,0.259800017,0.0006,0.28520003,4.87430048,0.131800011
8/15/2021 3:24,0.276200026,0.0007,0.301800042,5.014900208,0.123700008
8/15/2021 3:36,0.255900025,0.0006,0.283000022,4.840400219,0.12650001
8/15/2021 3:48,0.287500024,0.0007,0.310600013,5.024000168,0.136100009
8/15/2021 4:00,0.263400018,0.0006,0.287900001,4.944700241,0.125300005
8/15/2021 4:12,0.272900015,0.0007,0.30250001,5.11520052,0.133300006
8/15/2021 4:24,0.260900021,0.0007,0.300700039,4.969700336,0.131800011
8/15/2021 4:36,0.274300039,0.0006,0.286900014,5.116200447,0.1259
8/15/2021 4:48,0.272300035,0.0006,0.309100032,5.039500237,0.126599997
8/15/2021 5:00,0.256900012,0.0007,0.28670004,5.406100273,0.13880001
8/15/2021 5:12,0.275400013,0.0007,0.303300023,5.314100266,0.136100009
8/15/2021 5:24,0.258600026,0.0006,0.288000017,5.474900246,0.125400007
8/15/2021 5:36,0.262300044,0.0007,0.287600011,5.095100403,0.124500006
8/15/2021 5:48,0.274800032,0.0006,0.312100023,5.578700542,0.14850001
8/15/2021 6:00,0.290300041,0.0006,0.30250001,5.543300629,0.149700001
8/15/2021 6:12,0.25970003,0.0007,0.284200013,5.691300392,0.158600017
8/15/2021 6:24,0.27670002,0.0006,0.30340001,5.83039999,0.156900018
8/15/2021 6:36,0.259300023,0.0007,0.28610003,5.605100155,0.146000013
8/15/2021 6:48,0.273900002,0.0007,0.284000009,5.665500164,0.168900013
8/15/2021 7:00,0.257500023,0.0006,0.302100033,5.845600605,0.136200011
8/15/2021 7:12,0.253700018,0.0006,0.282800019,5.724500179,0.137000009
8/15/2021 7:24,0.26730004,0.0007,0.303800046,5.96239996,0.155200005
8/15/2021 7:36,0.252300024,0.0007,0.282300025,5.752700329,0.149700001
8/15/2021 7:48,0.281000018,0.0006,0.305900007,5.908000469,0.139000013
8/15/2021 8:00,0.270300031,0.0006,0.279800028,5.732200623,0.140000001
8/15/2021 8:12,0.309700012,0.0007,0.296800047,6.146700382,0.154000014
8/15/2021 8:24,0.300300032,0.0007,0.302300036,6.14289999,0.136800006
8/15/2021 8:36,0.311700016,0.0006,0.281000018,6.25510025,0.148699999
8/15/2021 8:48,0.303900003,0.0007,0.300600022,6.19410038,0.141400009
8/15/2021 9:00,0.32130003,0.0006,0.283600032,6.2602005,0.159500003
8/15/2021 9:12,0.295300037,0.0007,0.28490001,6.196600437,0.138600007
8/15/2021 9:24,0.317800045,0.0006,0.311700016,5.446200371,0.155400023
8/15/2021 9:36,0.328700036,0.0007,0.287200034,5.650700569,0.15290001
8/15/2021 9:48,0.305500001,0.0006,0.307600021,5.877900124,0.14230001
8/15/2021 10:00,0.303600013,0.0007,0.308100015,5.848400116,0.140699998
8/15/2021 10:12,0.315600008,0.0006,0.288500011,6.016700268,0.153800011
8/15/2021 10:24,0.317900002,0.0007,0.287900001,5.959500313,0.154100016
8/15/2021 10:36,0.306700021,0.0006,0.324700028,5.69260025,0.142700002
8/15/2021 10:48,0.315899998,0.0007,0.291000009,5.677400112,0.140900016
8/15/2021 11:00,0.303500026,0.0006,0.337500006,6.025300503,0.154300004
8/15/2021 11:12,0.314900011,0.0006,0.289900005,5.871600151,0.141800016
8/15/2021 11:24,0.303200036,0.0007,0.312700033,6.057400227,0.174800009
8/15/2021 11:36,0.30280003,0.0007,0.320300043,5.988800526,0.1435
8/15/2021 11:48,0.325399995,0.0006,0.292500019,6.217900276,0.154900014
8/15/2021 12:00,0.336100012,0.0007,0.293900013,6.160900116,0.1567
8/15/2021 12:12,0.304500014,0.0006,0.327600032,5.618100166,0.142200008
8/15/2021 12:24,0.309500009,0.0007,0.292200029,5.806700706,0.15290001
8/15/2021 12:36,0.323400021,0.0006,0.310100019,5.586300373,0.143400013
8/15/2021 12:48,0.304800034,0.0007,0.290700018,5.780500412,0.138900012
8/15/2021 13:00,0.319900006,0.0006,0.342200041,5.298300743,0.176000014
8/15/2021 13:12,0.329899997,0.0007,0.317500025,5.652000427,0.161000013
8/15/2021 13:24,0.30520004,0.0006,0.296600014,5.537000179,0.139600009
8/15/2021 13:36,0.32130003,0.0007,0.347100019,5.430000305,0.138900012
8/15/2021 13:48,0.290200025,0.0006,0.293800026,4.580500126,0.156000003
8/15/2021 14:00,0.331500024,0.0007,0.322100013,4.537100315,0.150500014
8/15/2021 14:12,0.298600018,0.0006,0.29610002,4.753000259,0.142200008
8/15/2021 14:24,0.323000014,0.0007,0.293100029,4.653600216,0.154000014
8/15/2021 14:36,0.304100007,0.0006,0.32310003,4.244800568,0.140900016
8/15/2021 14:48,0.323800027,0.0007,0.294200033,4.372300625,0.138500005
8/15/2021 15:00,0.307200015,0.0006,0.314500004,5.214200497,0.153900012
8/15/2021 15:12,0.313800037,0.0007,0.325800031,5.83190012,0.14290002
8/15/2021 15:24,0.300900012,0.0006,0.291500002,4.826800346,0.149200007
8/15/2021 15:36,0.315400004,0.0007,0.293000013,4.985600471,0.15200001
8/15/2021 15:48,0.290700018,0.0006,0.320500016,4.539900303,0.140400022
8/15/2021 16:00,0.301200032,0.0006,0.290000021,4.551700592,0.142000005
8/15/2021 16:12,0.335100025,0.0007,0.309700012,5.197500229,0.171600014
8/15/2021 16:24,0.310600013,0.0007,0.291900009,5.17620039,0.140800014
8/15/2021 16:36,0.329300046,0.0006,0.309300035,4.893300533,0.150000006
8/15/2021 16:48,0.329000026,0.0007,0.292500019,4.895800591,0.138700008
8/15/2021 17:00,0.301300019,0.0006,0.311800033,5.480300426,0.150300011
8/15/2021 17:12,0.309000015,0.0007,0.32130003,4.984899998,0.154900014
8/15/2021 17:24,0.321200013,0.0006,0.295000017,5.530700684,0.14320001
8/15/2021 17:36,0.319700032,0.0006,0.293400019,5.552300453,0.142000005
8/15/2021 17:48,0.253000021,0.0007,0.317600012,5.154000282,0.150400013
8/15/2021 18:00,0.268000007,0.0007,0.317200035,5.273300648,0.141500011
8/15/2021 18:12,0.254300028,0.0006,0.291900009,5.008200645,0.149100021
8/15/2021 18:24,0.268000007,0.0006,0.303500026,5.066100121,0.141900018
8/15/2021 18:36,0.25060001,0.0006,0.288399994,4.84400034,0.155000001
8/15/2021 18:48,0.254700005,0.0007,0.287800044,4.959400177,0.148800015
8/15/2021 19:00,0.262200028,0.0006,0.308000028,5.489500046,0.138300017
8/15/2021 19:12,0.256700039,0.0006,0.28580004,5.479500294,0.140000001
8/15/2021 19:24,0.272900015,0.0006,0.308100015,5.590000153,0.153400019
8/15/2021 19:36,0.274300039,0.0007,0.292500019,5.553700447,0.150800005
8/15/2021 19:48,0.257800043,0.0006,0.318700016,5.844700336,0.14290002
8/15/2021 20:00,0.25940001,0.0007,0.302000016,5.812900066,0.144500002
8/15/2021 20:12,0.307400018,0.0006,0.289000005,5.62460041,0.154200003
8/15/2021 20:24,0.275300026,0.0006,0.310500026,5.693700314,0.154700011
8/15/2021 20:36,0.264899999,0.0007,0.288000017,5.603800774,0.141100019
8/15/2021 20:48,0.273200035,0.0007,0.308800042,5.698600292,0.143700004
8/15/2021 21:00,0.264400005,0.0006,0.287700027,5.540000439,0.172500014
8/15/2021 21:12,0.263900012,0.0007,0.317600012,5.600000381,0.15290001
8/15/2021 21:24,0.27580002,0.0006,0.286800027,5.69960022,0.143800005
8/15/2021 21:36,0.273400009,0.0007,0.329400003,5.708000183,0.153600007
8/15/2021 21:48,0.255700022,0.0006,0.288700014,5.635100365,0.128400013
8/15/2021 22:00,0.274600029,0.0006,0.288300037,5.624400139,0.123200007
8/15/2021 22:12,0.259600013,0.0007,0.312000006,5.044600487,0.13000001
8/15/2021 22:24,0.262700021,0.0007,0.287700027,5.226700306,0.128900021
8/15/2021 22:36,0.274200022,0.0006,0.304399997,5.61400032,0.136200011
8/15/2021 22:48,0.272000015,0.0006,0.305100024,5.701200485,0.127100006
8/15/2021 23:00,0.260200024,0.0007,0.28730002,5.382800579,0.136800006
8/15/2021 23:12,0.261900008,0.0007,0.306500018,5.533400059,0.129800007
8/15/2021 23:24,0.272800028,0.0006,0.286200017,5.269900322,0.125400007
8/15/2021 23:36,0.256500006,0.0007,0.305300027,5.545400143,0.126400009
8/15/2021 23:48,0.282300025,0.0006,0.282900006,5.322200298,0.133100018
8/16/2021 0:00,0.25820002,0.0007,0.307500005,5.408000469,0.128700003
8/16/2021 0:12,0.292500019,0.0006,0.286200017,5.576800346,0.134500012
8/16/2021 0:24,0.271600008,0.0006,0.302600026,5.560400009,0.134900019
8/16/2021 0:36,0.259900004,0.0007,0.281000018,5.498200417,0.127100006
8/16/2021 0:48,0.25850001,0.0007,0.302400023,5.340700626,0.132300004
8/16/2021 1:00,0.272900015,0.0006,0.282499999,5.600200653,0.12650001
8/16/2021 1:12,0.277100027,0.0007,0.297800034,5.56180048,0.132900015
8/16/2021 1:24,0.260100007,0.0006,0.281700015,4.6729002,0.123700008
8/16/2021 1:36,0.26910001,0.0006,0.282800019,4.862800598,0.12650001
8/16/2021 1:48,0.253100008,0.0006,0.302000016,4.996800423,0.158200011
8/16/2021 2:00,0.26730004,0.0006,0.300200015,4.914600372,0.136000007
8/16/2021 2:12,0.253000021,0.0006,0.280200034,4.384600163,0.125500008
8/16/2021 2:24,0.252300024,0.0006,0.282700032,4.471800327,0.132699996
8/16/2021 2:36,0.265399992,0.0006,0.308400005,3.888100386,0.128200009
8/16/2021 2:48,0.252300024,0.0006,0.299899995,3.56850028,0.126300007
8/16/2021 3:00,0.265500009,0.0006,0.283000022,4.221500397,0.13350001
8/16/2021 3:12,0.255300015,0.0007,0.28550002,4.077600479,0.125300005
8/16/2021 3:24,0.27730003,0.0006,0.305100024,4.247900009,0.131500006
8/16/2021 3:36,0.251000017,0.0006,0.303200036,4.173500061,0.127800003
8/16/2021 3:48,0.267200023,0.0006,0.282499999,3.961500168,0.136300012
8/16/2021 4:00,0.289600015,0.0006,0.281000018,4.033400536,0.139100015
8/16/2021 4:12,0.252400011,0.0006,0.301400006,4.270600319,0.127200007
8/16/2021 4:24,0.266800016,0.0006,0.303500026,4.217900276,0.12470001
8/16/2021 4:36,0.255300015,0.0006,0.281600028,4.059200287,0.130100012
8/16/2021 4:48,0.253500015,0.0006,0.282400012,4.036800385,0.128800005
8/16/2021 5:00,0.270800024,0.0006,0.306899995,4.41010046,0.135800004
8/16/2021 5:12,0.265900016,0.0006,0.303300023,4.374000072,0.128600016
8/16/2021 5:24,0.278899997,0.0006,0.283200026,4.04610014,0.134600013
8/16/2021 5:36,0.257200032,0.0006,0.283300042,4.120000362,0.128100008
8/16/2021 5:48,0.315000027,0.0006,0.31400001,4.348300457,0.161100015
8/16/2021 6:00,0.289800018,0.0006,0.3134,4.317500114,0.169500008
8/16/2021 6:12,0.351600021,0.0006,0.290700018,4.912200451,0.158300012
8/16/2021 6:24,0.287700027,0.0006,0.309600025,4.687800407,0.195800006
8/16/2021 6:36,0.322300047,0.0006,0.290100008,4.954400063,0.159800008
8/16/2021 6:48,0.302100033,0.0006,0.290700018,4.916700363,0.157200009
8/16/2021 7:00,0.372600019,0.0006,0.31190002,4.797200203,0.191800013
8/16/2021 7:12,0.328700036,0.0006,0.298100024,4.860300541,0.184300005
8/16/2021 7:24,0.370700032,0.0006,0.32220003,4.565400124,0.163300008
8/16/2021 7:36,0.335500002,0.0006,0.302600026,4.595200539,0.168100014
8/16/2021 7:48,0.390300035,0.0006,0.339300036,5.059500217,0.207600012
8/16/2021 8:00,0.359300047,0.0007,0.362200022,4.836700439,0.210300013
8/16/2021 8:12,0.399600029,0.0006,0.308800042,5.242000103,0.184900016
8/16/2021 8:24,0.407200038,0.0006,0.31190002,5.069500446,0.220700011
8/16/2021 8:36,0.379200041,0.0006,0.338700026,5.489300728,0.190100014
8/16/2021 8:48,0.42810002,0.0006,0.338500023,5.495900154,0.19780001
8/16/2021 9:00,0.373900026,0.0006,0.318500012,5.664700508,0.215200007
8/16/2021 9:12,0.371000022,0.0006,0.315899998,5.664000034,0.204500005
8/16/2021 9:24,0.426600039,0.0006,0.354300022,5.92620039,0.226500005
8/16/2021 9:36,0.41140002,0.0006,0.328100026,6.101100445,0.225900024
8/16/2021 9:48,0.370700032,0.0006,0.369800031,5.935700417,0.202400014
8/16/2021 10:00,0.360200018,0.0006,0.352400005,5.930700302,0.230300009
8/16/2021 10:12,0.408100039,0.0006,0.334800035,5.989900112,0.205200002
8/16/2021 10:24,0.381000012,0.0007,0.336000025,5.956000328,0.195700005
8/16/2021 10:36,0.44600001,0.0006,0.378500015,6.029100418,0.234000012
8/16/2021 10:48,0.377800047,0.0007,0.371600032,6.06210041,0.205000013
8/16/2021 11:00,0.423200041,0.0006,0.34130004,6.18130064,0.217100009
8/16/2021 11:12,0.380100012,0.0007,0.341100037,6.133800507,0.202600017
8/16/2021 11:24,0.445500016,0.0006,0.378100038,6.198700428,0.229200006
8/16/2021 11:36,0.427100033,0.0006,0.339000016,6.107300758,0.218900025
8/16/2021 11:48,0.374200016,0.0007,0.391000032,6.208800793,0.204000011
8/16/2021 12:00,0.372800022,0.0007,0.364200026,6.20290041,0.242300019
8/16/2021 12:12,0.410100013,0.0006,0.340000004,5.143400192,0.198400021
8/16/2021 12:24,0.414800048,0.0007,0.340600014,6.090900421,0.233300015
8/16/2021 12:36,0.375700027,0.0006,0.365700036,5.490100384,0.197500005
8/16/2021 12:48,0.377000004,0.0007,0.342500031,5.76390028,0.217900023
8/16/2021 13:00,0.423900008,0.0006,0.374600023,5.411800385,0.198100016
8/16/2021 13:12,0.377800047,0.0007,0.342900008,5.156600475,0.226600021
8/16/2021 13:24,0.420100033,0.0006,0.367900014,5.613300323,0.193700001
8/16/2021 13:36,0.427400023,0.0007,0.346100032,5.460100174,0.22680001
8/16/2021 13:48,0.378700018,0.0006,0.379300028,5.625000477,0.199400023
8/16/2021 14:00,0.381500006,0.0007,0.413700044,5.610600471,0.211500004
8/16/2021 14:12,0.431400001,0.0006,0.345500022,5.082100391,0.195000008
8/16/2021 14:24,0.429100037,0.0006,0.343300045,5.383300781,0.217100009
8/16/2021 14:36,0.376600027,0.0007,0.368800044,5.163700581,0.199800014
8/16/2021 14:48,0.408000022,0.0007,0.380900025,5.391400337,0.195600018
8/16/2021 15:00,0.3829,0.0006,0.348800033,5.164200306,0.234300017
8/16/2021 15:12,0.374800026,0.0007,0.346400023,5.298399925,0.192200005
8/16/2021 15:24,0.433100015,0.0006,0.365700036,4.962800503,0.223600015
8/16/2021 15:36,0.418400019,0.0006,0.38350001,5.068700314,0.20130001
8/16/2021 15:48,0.377500027,0.0007,0.34950003,5.474200249,0.216300011
8/16/2021 16:00,0.428500026,0.0007,0.385400027,5.405600548,0.233300015
8/16/2021 16:12,0.36710003,0.0006,0.345700026,5.017800331,0.1972
8/16/2021 16:24,0.41080004,0.0007,0.36680004,5.350500107,0.211900026
8/16/2021 16:36,0.365800023,0.0006,0.334600031,4.936300755,0.192800015
8/16/2021 16:48,0.359400004,0.0007,0.360000014,5.01390028,0.220200002
8/16/2021 17:00,0.403600037,0.0006,0.33100003,5.422600269,0.183600008
8/16/2021 17:12,0.391900003,0.0006,0.375200033,5.55150032,0.209100023
8/16/2021 17:24,0.345400006,0.0007,0.320100009,5.266600132,0.174800009
8/16/2021 17:36,0.341100037,0.0006,0.320800036,5.717400074,0.203400016
8/16/2021 17:48,0.35770002,0.0007,0.349300027,5.188100338,0.160000011
8/16/2021 18:00,0.360700041,0.0006,0.317700028,5.474200249,0.173900023
8/16/2021 18:12,0.337300032,0.0007,0.34860003,5.166800499,0.158000007
8/16/2021 18:24,0.369400024,0.0006,0.345400006,5.476100445,0.174100012
8/16/2021 18:36,0.336800039,0.0007,0.317700028,5.126300335,0.152800009
8/16/2021 18:48,0.36560002,0.0007,0.363000005,5.399600506,0.178500012
8/16/2021 19:00,0.318200022,0.0006,0.315800041,5.037400246,0.155400023
8/16/2021 19:12,0.381800026,0.0006,0.330000013,5.489800453,0.153800011
8/16/2021 19:24,0.320800036,0.0007,0.315300047,6.069500446,0.172200009
8/16/2021 19:36,0.323200017,0.0007,0.339600027,6.010600567,0.146900013
8/16/2021 19:48,0.366100013,0.0006,0.315000027,6.132300377,0.164500013
8/16/2021 20:00,0.319900006,0.0006,0.315600008,6.100300789,0.152300015
8/16/2021 20:12,0.372400016,0.0007,0.335500002,6.160200596,0.164400011
8/16/2021 20:24,0.326900005,0.0007,0.333900005,6.170600414,0.15550001
8/16/2021 20:36,0.353100032,0.0006,0.314200014,6.113500118,0.164100021
8/16/2021 20:48,0.348700017,0.0007,0.313600034,6.16010046,0.168200001
8/16/2021 21:00,0.330900013,0.0006,0.335300028,6.0727005,0.154400021
8/16/2021 21:12,0.317600012,0.0007,0.31370002,6.070200443,0.151200011
8/16/2021 21:24,0.3574,0.0006,0.331200033,6.17220068,0.170000002
8/16/2021 21:36,0.336400002,0.0007,0.31370002,6.163900375,0.165300012
8/16/2021 21:48,0.317100018,0.0006,0.337500006,6.105500221,0.153200001
8/16/2021 22:00,0.349400014,0.0007,0.331500024,6.092600346,0.151700005
8/16/2021 22:12,0.323800027,0.0006,0.315300047,6.162100315,0.186100021
8/16/2021 22:24,0.321700037,0.0007,0.309400022,6.105100155,0.155400023
8/16/2021 22:36,0.332500011,0.0006,0.33920002,6.145800591,0.179800019
8/16/2021 22:48,0.354800045,0.0007,0.333500028,6.082900047,0.150500014
8/16/2021 23:00,0.322300047,0.0006,0.308000028,6.141900063,0.164800018
8/16/2021 23:12,0.331200033,0.0007,0.309100032,6.089900017,0.157100007
8/16/2021 23:24,0.317500025,0.0006,0.337700039,6.210800648,0.170200005
8/16/2021 23:36,0.330600023,0.0007,0.331400007,6.202000141,0.162400022
8/16/2021 23:48,0.283100009,0.0006,0.309400022,6.140800476,0.151400015
8/17/2021 0:00,0.284100026,0.0007,0.304399997,6.195800781,0.176900014
8/17/2021 0:12,0.269700021,0.0006,0.320500016,6.132600307,0.149800017
8/17/2021 0:24,0.282600015,0.0007,0.305700034,6.113800526,0.153200001
8/17/2021 0:36,0.268000007,0.0006,0.332800031,6.177800655,0.185500011
8/17/2021 0:48,0.281600028,0.0007,0.325399995,6.151600361,0.150400013
8/17/2021 1:00,0.270200014,0.0006,0.297600031,6.039800644,0.164800018
8/17/2021 1:12,0.283399999,0.0007,0.318000019,6.018800735,0.160500005
8/17/2021 1:24,0.265500009,0.0006,0.291600019,6.076000214,0.145500004
8/17/2021 1:36,0.287900001,0.0007,0.292100012,6.069400311,0.157100007
8/17/2021 1:48,0.269500017,0.0006,0.311399996,6.134100437,0.131700009
8/17/2021 2:00,0.270300031,0.0007,0.313000023,6.092200279,0.136400014
8/17/2021 2:12,0.282600015,0.0006,0.293000013,6.131500244,0.123800009
8/17/2021 2:24,0.27760002,0.0007,0.308600008,6.138300419,0.124800012
8/17/2021 2:36,0.266900003,0.0006,0.292000026,6.072200298,0.128700003
8/17/2021 2:48,0.264700025,0.0006,0.291200012,6.103600502,0.124600001
8/17/2021 3:00,0.282900006,0.0007,0.314800024,3.82580018,0.134000003
8/17/2021 3:12,0.299500018,0.0006,0.31400001,3.758500099,0.124900006
8/17/2021 3:24,0.261800021,0.0007,0.290100008,5.567500114,0.132300004
8/17/2021 3:36,0.268700033,0.0007,0.308000028,5.743000507,0.151700005
8/17/2021 3:48,0.281800032,0.0006,0.290900022,4.836100101,0.124500006
8/17/2021 4:00,0.278000027,0.0007,0.291500002,5.315000057,0.133000001
8/17/2021 4:12,0.26790002,0.0006,0.310700029,4.662300587,0.123900004
8/17/2021 4:24,0.268900007,0.0007,0.292000026,4.579100132,0.12560001
8/17/2021 4:36,0.275600016,0.0006,0.308500022,4.234300613,0.132300004
8/17/2021 4:48,0.26880002,0.0007,0.290399998,4.254100323,0.135100007
8/17/2021 5:00,0.281700015,0.0006,0.316800028,4.545900345,0.125700012
8/17/2021 5:12,0.30280003,0.0007,0.306800038,4.423800468,0.134100005
8/17/2021 5:24,0.274100006,0.0006,0.292400002,4.673500061,0.124400005
8/17/2021 5:36,0.27580002,0.0006,0.293100029,4.6977005,0.125500008
8/17/2021 5:48,0.329200029,0.0007,0.315000027,4.440500259,0.158200011
8/17/2021 6:00,0.329000026,0.0007,0.298100024,4.433200359,0.155300006
8/17/2021 6:12,0.355399996,0.0006,0.323800027,5.166300774,0.163500011
8/17/2021 6:24,0.345600009,0.0007,0.326400012,5.285200596,0.153200001
8/17/2021 6:36,0.357000023,0.0006,0.300700039,4.939300537,0.181900024
8/17/2021 6:48,0.347600013,0.0007,0.302200019,4.938500404,0.173400015
8/17/2021 7:00,0.384500027,0.0006,0.328000009,5.240600109,0.153500006
8/17/2021 7:12,0.349100024,0.0007,0.305100024,5.418400288,0.153800011
8/17/2021 7:24,0.412100017,0.0006,0.332800031,4.975000381,0.166600019
8/17/2021 7:36,0.353900015,0.0007,0.31190002,5.250200272,0.161100015
8/17/2021 7:48,0.404400021,0.0006,0.348200023,4.983300686,0.227000013
8/17/2021 8:00,0.408200026,0.0007,0.345100015,5.161000252,0.177300006
8/17/2021 8:12,0.360800028,0.0006,0.313600034,5.454000473,0.226700008
8/17/2021 8:24,0.362900019,0.0007,0.346100032,5.4477005,0.185400024
8/17/2021 8:36,0.404800028,0.0006,0.320100009,5.84250021,0.243300021
8/17/2021 8:48,0.367800027,0.0007,0.324700028,5.855600357,0.228800014
8/17/2021 9:00,0.405100018,0.0006,0.361600012,4.569800377,0.188900024
8/17/2021 9:12,0.434200019,0.0007,0.357500017,5.148200512,0.196900025
8/17/2021 9:24,0.369100034,0.0006,0.330000013,6.207700253,0.234300017
8/17/2021 9:36,0.3759,0.0007,0.335500002,6.117400169,0.248400018
8/17/2021 9:48,0.403700024,0.0006,0.376900017,6.216900349,0.197000012
8/17/2021 10:00,0.451300025,0.0006,0.337400019,6.11730051,0.195800006
8/17/2021 10:12,0.377500027,0.0007,0.369400024,6.208899975,0.233300015
8/17/2021 10:24,0.404400021,0.0007,0.377500027,6.220200539,0.20130001
8/17/2021 10:36,0.365500003,0.0006,0.338500023,6.150900364,0.247100011
8/17/2021 10:48,0.435000032,0.0007,0.338500023,6.233400345,0.244000018
8/17/2021 11:00,0.375100017,0.0006,0.362500012,6.151100159,0.201600015
8/17/2021 11:12,0.376300037,0.0007,0.347200036,6.032900333,0.200000003
8/17/2021 11:24,0.438900024,0.0006,0.37530005,6.211600304,0.242300019
8/17/2021 11:36,0.426100016,0.0007,0.374300033,6.19410038,0.235900015
8/17/2021 11:48,0.378399998,0.0006,0.347100019,6.131300449,0.203700006
8/17/2021 12:00,0.440200031,0.0006,0.368800044,6.163700581,0.200800017
8/17/2021 12:12,0.374100029,0.0007,0.335100025,6.074700356,0.261700034
8/17/2021 12:24,0.430600017,0.0006,0.339900017,6.071100235,0.239300013
8/17/2021 12:36,0.37560001,0.0007,0.377000004,6.128600597,0.198100016
8/17/2021 12:48,0.376100034,0.0006,0.370700032,6.066500187,0.200400025
8/17/2021 13:00,0.425000012,0.0007,0.337500006,6.127400398,0.226500005
8/17/2021 13:12,0.423700035,0.0006,0.33860001,6.086000443,0.197000012
8/17/2021 13:24,0.377200037,0.0007,0.389100015,6.169800758,0.221600011
8/17/2021 13:36,0.373800039,0.0007,0.373200029,6.140000343,0.230400026
8/17/2021 13:48,0.425300032,0.0006,0.349600017,6.185100555,0.202700004
8/17/2021 14:00,0.372000009,0.0006,0.346500009,6.126900196,0.201100022
8/17/2021 14:12,0.434100032,0.0007,0.380700022,6.198700428,0.226900026
8/17/2021 14:24,0.412500024,0.0007,0.34830004,6.185100555,0.200800017
8/17/2021 14:36,0.367200017,0.0006,0.405500025,6.127700329,0.230100021
8/17/2021 14:48,0.361300021,0.0006,0.357900023,6.198100567,0.237600014
8/17/2021 15:00,0.40170002,0.0007,0.384000003,6.122900009,0.203400016
8/17/2021 15:12,0.36650002,0.0006,0.353100032,6.139600277,0.201600015
8/17/2021 15:24,0.385800034,0.0007,0.379300028,6.215200424,0.220500007
8/17/2021 15:36,0.4199,0.0006,0.352899998,6.198300362,0.226900026
8/17/2021 15:48,0.361400008,0.0007,0.392700016,6.106500149,0.203500003
8/17/2021 16:00,0.351700038,0.0006,0.355200022,6.189100266,0.233400017
8/17/2021 16:12,0.379300028,0.0007,0.401300043,5.763500214,0.199600011
8/17/2021 16:24,0.399300039,0.0006,0.373000026,5.755600452,0.231400013
8/17/2021 16:36,0.354900002,0.0007,0.331400007,5.582800388,0.194800019
8/17/2021 16:48,0.373800039,0.0006,0.328500003,5.551100254,0.201800019
8/17/2021 17:00,0.341900021,0.0007,0.348399997,5.708400249,0.176700011
8/17/2021 17:12,0.345500022,0.0006,0.340900004,5.377600193,0.204500005
8/17/2021 17:24,0.389100015,0.0007,0.323900014,5.765600204,0.170000002
8/17/2021 17:36,0.336600035,0.0007,0.34980002,5.753200531,0.192400023
8/17/2021 17:48,0.362900019,0.0006,0.328000009,5.906300545,0.159000009
8/17/2021 18:00,0.372600019,0.0007,0.352600008,5.916000366,0.177200004
8/17/2021 18:12,0.329200029,0.0006,0.320200026,5.712200642,0.15550001
8/17/2021 18:24,0.338200033,0.0007,0.318100035,5.888400078,0.154400021
8/17/2021 18:36,0.356300026,0.0006,0.334900022,5.662100315,0.172700003
8/17/2021 18:48,0.387400001,0.0007,0.340800047,5.668300629,0.167300016
8/17/2021 19:00,0.318500012,0.0006,0.313000023,5.876600266,0.153400019
8/17/2021 19:12,0.328600019,0.0006,0.314100027,5.778600216,0.166700006
8/17/2021 19:24,0.341200024,0.0007,0.362300038,5.963100433,0.153800011
8/17/2021 19:36,0.326300025,0.0007,0.313000023,5.891500473,0.149700001
8/17/2021 19:48,0.363500029,0.0006,0.342400014,6.242200375,0.166300014
8/17/2021 20:00,0.369800031,0.0007,0.31220004,6.234300613,0.154000014
8/17/2021 20:12,0.329000026,0.0006,0.334700018,6.005400181,0.186500013
8/17/2021 20:24,0.332800031,0.0007,0.346200019,5.950400352,0.15290001
8/17/2021 20:36,0.362800032,0.0006,0.309500009,5.813899994,0.187500015
8/17/2021 20:48,0.32310003,0.0007,0.340300024,5.838200569,0.153200001
8/17/2021 21:00,0.374500006,0.0006,0.311700016,6.213400364,0.185900018
8/17/2021 21:12,0.32950002,0.0007,0.341200024,6.152100563,0.180000007
8/17/2021 21:24,0.337500006,0.0006,0.309000015,6.256200314,0.157000005
8/17/2021 21:36,0.327900022,0.0007,0.310200036,6.212100506,0.153100014
8/17/2021 21:48,0.343900025,0.0006,0.34070003,6.162899971,0.162
8/17/2021 22:00,0.343600035,0.0007,0.333600014,6.211100578,0.168000013
8/17/2021 22:12,0.32950002,0.0006,0.305500001,6.145700455,0.155600011
8/17/2021 22:24,0.374500006,0.0007,0.307300031,6.135600567,0.172900021
8/17/2021 22:36,0.328700036,0.0006,0.325600028,6.207200527,0.159600019
8/17/2021 22:48,0.335300028,0.0007,0.332600027,6.20140028,0.15290001
8/17/2021 23:00,0.326300025,0.0006,0.306800038,6.133900166,0.175400019
8/17/2021 23:12,0.335600019,0.0007,0.324600011,6.200000286,0.155100018
8/17/2021 23:24,0.316700041,0.0006,0.302600026,6.127800465,0.165500015
8/17/2021 23:36,0.336100012,0.0006,0.301500022,6.158700466,0.149200007
8/17/2021 23:48,0.280300021,0.0006,0.32220003,6.103800774,0.164100021
8/18/2021 0:00,0.282499999,0.0006,0.30370003,6.122000217,0.159600019
