DateTime,"HARRIS_HN1_ACTIVE_POWER","HARRIS_HN2_ACTIVE_POWER","HARRIS_HN3_ACTIVE_POWER","HARRIS_HS1_ACTIVE_POWER","HARRIS_HS2_ACTIVE_POWER","HARRIS_HS3_ACTIVE_POWER"
2021-02-12 00:00:01,0,0.21070000529289246,0.26760002970695496,0.3279000222682953,0.701900064945221,0.3224000036716461
2021-02-12 00:14:25,0,0.22100001573562622,0.25220000743865967,0.3643999993801117,0.6450000405311584,0.3167000412940979
2021-02-12 00:28:49,0.00010000000474974513,0.226500004529953,0.24380001425743103,0.3547000288963318,0.6630000472068787,0.31550002098083496
2021-02-12 00:43:13,0,0.21070000529289246,0.25780004262924194,0.32280004024505615,0.6042000651359558,0.3231000304222107
2021-02-12 00:57:37,0.00010000000474974513,0.20830000936985016,0.23890002071857452,0.3517000377178192,0.6376000642776489,0.3141000270843506
2021-02-12 01:12:01,0,0.22430001199245453,0.2524000108242035,0.3174000084400177,0.5860000252723694,0.3231000304222107
2021-02-12 01:26:25,0.00010000000474974513,0.22420001029968262,0.25440001487731934,0.3541000187397003,0.5746000409126282,0.3190000057220459
2021-02-12 01:40:49,0,0.20760001242160797,0.23970000445842743,0.3203999996185303,0.6061000823974609,0.33990001678466797
2021-02-12 01:55:13,0,0.2110000103712082,0.2572000324726105,0.32350000739097595,0.5499000549316406,0.33240002393722534
2021-02-12 02:09:37,0,0.22130002081394196,0.23990002274513245,0.26500001549720764,0.6064000725746155,0.31070002913475037
2021-02-12 02:24:01,0,0.21050001680850983,0.2394000142812729,0.2633000314235687,0.5838000178337097,0.31720003485679626
2021-02-12 02:38:25,0,0.22350001335144043,0.2589000165462494,0.30550000071525574,0.5609000325202942,0.31070002913475037
2021-02-12 02:52:49,0,0.22050000727176666,0.24580001831054688,0.2924000024795532,0.5885000228881836,0.31280001997947693
2021-02-12 03:07:13,0,0.20690001547336578,0.2567000389099121,0.26340001821517944,0.5596000552177429,0.32020002603530884
2021-02-12 03:21:37,0,0.20640002191066742,0.24880000948905945,0.2633000314235687,0.5884000658988953,0.3144000172615051
2021-02-12 03:36:01,0,0.22150000929832458,0.2696000337600708,0.2994000017642975,0.52920001745224,0.32010000944137573
2021-02-12 03:50:25,0,0.22140002250671387,0.27410000562667847,0.26510003209114075,0.551800012588501,0.3165000081062317
2021-02-12 04:04:49,0,0.2071000188589096,0.25950002670288086,0.2915000021457672,0.6057000160217285,0.34300002455711365
2021-02-12 04:19:13,0,0.21080000698566437,0.25930002331733704,0.3101000189781189,0.5985000133514404,0.3412000238895416
2021-02-12 04:33:37,0,0.22520001232624054,0.2685000002384186,0.26510003209114075,0.6224000453948975,0.3086000084877014
2021-02-12 04:48:01,0,0.22510001063346863,0.2567000389099121,0.27090001106262207,0.6020000576972961,0.3085000216960907
2021-02-12 05:02:25,0,0.20650000870227814,0.26900002360343933,0.3208000361919403,0.5428000092506409,0.32120001316070557
2021-02-12 05:16:49,0,0.22360001504421234,0.2704000174999237,0.27150002121925354,0.5282999873161316,0.31950002908706665
2021-02-12 05:31:13,0,0.2014000117778778,0.249300017952919,0.32130002975463867,0.5592000484466553,0.3078000247478485
2021-02-12 05:45:37,0,0.20160001516342163,0.26340001821517944,0.31780004501342773,0.5537999868392944,0.3144000172615051
2021-02-12 06:00:01,0,0.2102000117301941,0.24400001764297485,0.3907000422477722,0.5267000198364258,0.32260000705718994
2021-02-12 06:14:25,0,0.20560002326965332,0.25,0.3507000207901001,0.524600088596344,0.3197000324726105
2021-02-12 06:28:49,0,0.19390001893043518,0.24000000953674316,0.3979000151157379,0.5645000338554382,0.34790000319480896
2021-02-12 06:43:13,0,0.20030000805854797,0.25870001316070557,0.3553999960422516,0.5654000639915466,0.33810001611709595
2021-02-12 06:57:37,0,0.217600017786026,0.23930001258850098,0.42740002274513245,0.534000039100647,0.31280001997947693
2021-02-12 07:12:01,0,0.2111000120639801,0.2410000115633011,0.41690000891685486,0.5627999901771545,0.31690001487731934
2021-02-12 07:26:25,0,0.22110001742839813,0.25290003418922424,0.4028000235557556,0.5422000288963318,0.3095000088214874
2021-02-12 07:40:49,-0.00010000000474974513,0.22430001199245453,0.2403000146150589,0.4028000235557556,0.5622000098228455,0.3124000132083893
2021-02-12 07:55:13,0,0.21300001442432404,0.25030001997947693,0.4707000255584717,0.5387000441551208,0.31940001249313354
2021-02-12 08:09:37,0,0.20990002155303955,0.23740002512931824,0.40230002999305725,0.5700000524520874,0.3255000114440918
2021-02-12 08:24:01,0,0.21890002489089966,0.25550001859664917,0.4743000268936157,0.540600061416626,0.3157000243663788
2021-02-12 08:38:25,0,0.21140001714229584,0.2633000314235687,0.4318000376224518,0.5449000597000122,0.30980002880096436
2021-02-12 08:52:49,0,0.2217000126838684,0.2524000108242035,0.4018000364303589,0.6342000365257263,0.3460000157356262
2021-02-12 09:07:13,-0.00010000000474974513,0.2257000058889389,0.25390002131462097,0.4338000416755676,0.6340000033378601,0.3368000388145447
2021-02-12 09:21:37,0,0.21630001068115234,0.2671000063419342,0.4020000100135803,0.5804000496864319,0.324800044298172
2021-02-12 09:36:01,-0.00010000000474974513,0.21010001003742218,0.27160000801086426,0.4002000391483307,0.5918000340461731,0.32600000500679016
2021-02-12 09:50:25,0,0.2232000082731247,0.25710001587867737,0.45750001072883606,0.5377000570297241,0.3152000308036804
2021-02-12 10:04:49,-0.00010000000474974513,0.2225000113248825,0.26760002970695496,0.4520000219345093,0.5635000467300415,0.3258000314235687
2021-02-12 10:19:13,-0.00010000000474974513,0.54420006275177,0.25290003418922424,0.4044000208377838,0.4310000240802765,0.31839999556541443
2021-02-12 10:33:37,0,0.4223000407218933,0.23890002071857452,0.40420001745224,0.4628000259399414,0.317300021648407
2021-02-12 10:48:01,-0.00010000000474974513,0.45420002937316895,0.257500022649765,0.4638000428676605,0.49070003628730774,0.32830002903938293
2021-02-12 11:02:25,0,0.45900002121925354,0.24780000746250153,0.4027000367641449,0.4913000464439392,0.3223000466823578
2021-02-12 11:16:49,0,0.44790002703666687,0.23850001394748688,0.4691000282764435,0.4853000342845917,0.34630003571510315
2021-02-12 11:31:13,-0.00010000000474974513,0.44780004024505615,0.25270000100135803,0.4025000333786011,0.4864000082015991,0.3476000130176544
2021-02-12 11:45:37,0,0.47200003266334534,0.23360002040863037,0.48760002851486206,0.5196000337600708,0.3247000277042389
2021-02-12 12:00:01,-0.00010000000474974513,0.47700002789497375,0.2395000159740448,0.4683000445365906,0.5210000276565552,0.3199000060558319
2021-02-12 12:14:25,0,0.4927000403404236,0.22630001604557037,0.40380004048347473,0.5485000014305115,0.32600000500679016
2021-02-12 12:28:49,0,0.4743000268936157,0.23150001466274261,0.48910003900527954,0.5437000393867493,0.32520002126693726
2021-02-12 12:43:13,0,0.5032000541687012,0.24060001969337463,0.3979000151157379,0.5661000609397888,0.3193000257015228
2021-02-12 12:57:37,-0.00010000000474974513,0.4838000535964966,0.22800001502037048,0.45190000534057617,0.5460000038146973,0.32030004262924194
2021-02-12 13:12:01,0,0.4715000092983246,0.24320000410079956,0.39730003476142883,0.5228000283241272,0.3286000192165375
2021-02-12 13:26:25,-0.00010000000474974513,0.46570003032684326,0.2524999976158142,0.45260003209114075,0.5189000368118286,0.3190000057220459
2021-02-12 13:40:49,0,0.48180004954338074,0.24080000817775726,0.39350003004074097,0.5289000272750854,0.33410000801086426
2021-02-12 13:55:13,-0.00010000000474974513,0.4703000485897064,0.23280000686645508,0.42100003361701965,0.5198000073432922,0.32130002975463867
2021-02-12 14:09:37,0,0.4936000406742096,0.26180002093315125,0.3932000398635864,0.5540000200271606,0.35010001063346863
2021-02-12 14:24:01,-0.00010000000474974513,0.4952000379562378,0.25950002670288086,0.4553000330924988,0.5509000420570374,0.3409000039100647
2021-02-12 14:38:25,0,0.47860002517700195,0.24540002644062042,0.39580002427101135,0.5372999906539917,0.317300021648407
2021-02-12 14:52:49,-0.00010000000474974513,0.4750000238418579,0.24490001797676086,0.4418000280857086,0.5372000336647034,0.31770002841949463
2021-02-12 15:07:13,0,0.4847000241279602,0.2603999972343445,0.4020000100135803,0.5497000217437744,0.3241000175476074
2021-02-12 15:21:37,-0.00010000000474974513,0.4764000177383423,0.2506999969482422,0.4320000112056732,0.5448000431060791,0.31790000200271606
2021-02-12 15:36:01,0,0.496800035238266,0.23290002346038818,0.3993000388145447,0.5537000298500061,0.32450002431869507
2021-02-12 15:50:25,-0.00010000000474974513,0.47690001130104065,0.2506999969482422,0.3993000388145447,0.5455000400543213,0.3198000192642212
2021-02-12 16:04:49,0,0.5058000683784485,0.24210001528263092,0.4595000147819519,0.5669000744819641,0.3270000219345093
2021-02-12 16:19:13,-0.00010000000474974513,0.513700008392334,0.23510001599788666,0.3986000120639801,0.5696000456809998,0.324800044298172
2021-02-12 16:33:37,0,0.4922000467777252,0.2589000165462494,0.4367000460624695,0.5907999873161316,0.34850001335144043
2021-02-12 16:48:01,-0.00010000000474974513,0.49810004234313965,0.2597000300884247,0.41030004620552063,0.5776000618934631,0.3436000347137451
2021-02-12 17:02:25,0,0.4756000339984894,0.2468000203371048,0.3392000198364258,0.5318000316619873,0.31290000677108765
2021-02-12 17:16:49,-0.00010000000474974513,0.48100003600120544,0.26410001516342163,0.37370002269744873,0.5359000563621521,0.31220003962516785
2021-02-12 17:31:13,0,0.46880003809928894,0.2428000122308731,0.34080004692077637,0.5254999995231628,0.32280004024505615
2021-02-12 17:45:37,-0.00010000000474974513,0.4669000208377838,0.2427000105381012,0.34450000524520874,0.5243000388145447,0.31780004501342773
2021-02-12 18:00:01,0,0.47780004143714905,0.2580000162124634,0.395300030708313,0.5344000458717346,0.3238000273704529
2021-02-12 18:14:25,-0.00010000000474974513,0.4807000458240509,0.24700000882148743,0.3778000473976135,0.5354000329971313,0.31940001249313354
2021-02-12 18:28:49,0,0.4447000324726105,0.2592000365257263,0.42680004239082336,0.4862000346183777,0.32660001516342163
2021-02-12 18:43:13,-0.00010000000474974513,0.4457000195980072,0.26830002665519714,0.42760002613067627,0.4910000264644623,0.3181000351905823
2021-02-12 18:57:37,0,0.39350003004074097,0.24960002303123474,0.3785000145435333,0.4288000464439392,0.3416000306606293
2021-02-12 19:12:01,-0.00010000000474974513,0.3368000388145447,0.2547000050544739,0.421500027179718,0.42100003361701965,0.3311000168323517
2021-02-12 19:26:25,0,0.41940000653266907,0.27150002121925354,0.3776000142097473,0.13290001451969147,0.3168000280857086
2021-02-12 19:40:49,-0.00010000000474974513,0.4082000255584717,0.25220000743865967,0.4171000123023987,0.13600000739097595,0.3158999979496002
2021-02-12 19:55:13,0,0.44110003113746643,0.2737000286579132,0.3751000165939331,0.12050000578165054,0.3233000338077545
2021-02-12 20:09:37,0,0.4312000274658203,0.27650001645088196,0.36570003628730774,0.1306000053882599,0.3167000412940979
2021-02-12 20:24:01,0,0.44450002908706665,0.2543000280857086,0.3890000283718109,0.14069999754428864,0.32340002059936523
2021-02-12 20:38:25,-0.00010000000474974513,0.42250001430511475,0.24960002303123474,0.35860002040863037,0.13920000195503235,0.31860002875328064
2021-02-12 20:52:49,0,0.5080000162124634,0.2656000256538391,0.406900018453598,0.16910001635551453,0.34320002794265747
2021-02-12 21:07:13,-0.00010000000474974513,0.5023000240325928,0.2540000081062317,0.41450002789497375,0.171300008893013,0.32010000944137573
2021-02-12 21:21:37,0,0.52510005235672,0.2711000144481659,0.3564000129699707,0.16390001773834229,0.3458999991416931
2021-02-12 21:36:01,0,0.5188000202178955,0.26370003819465637,0.352400004863739,0.16500000655651093,0.34460002183914185
2021-02-12 21:50:25,0,0.49980005621910095,0.25460001826286316,0.4061000347137451,0.1697000116109848,0.31720003485679626
2021-02-12 22:04:49,-0.00010000000474974513,0.5071000456809998,0.2680000066757202,0.4231000244617462,0.16380001604557037,0.3270000219345093
2021-02-12 22:19:13,0,0.49560001492500305,0.2501000165939331,0.34950003027915955,0.1730000078678131,0.3183000385761261
2021-02-12 22:33:37,0,0.5047000646591187,0.25060001015663147,0.39990001916885376,0.17170000076293945,0.318200021982193
2021-02-12 22:48:01,0,0.48920002579689026,0.2648000419139862,0.3395000100135803,0.16450001299381256,0.32590001821517944
2021-02-12 23:02:25,0,0.47930005192756653,0.24330002069473267,0.37230002880096436,0.1657000035047531,0.31950002908706665
2021-02-12 23:16:49,0,0.49550002813339233,0.2638000249862671,0.3427000343799591,0.17350000143051147,0.33400002121925354
2021-02-12 23:31:13,0,0.4903000295162201,0.24880000948905945,0.351500004529953,0.17419999837875366,0.33260002732276917
2021-02-12 23:45:37,0,0.4775000214576721,0.26510003209114075,0.3384000062942505,0.16530001163482666,0.3530000150203705
2021-02-13 00:00:01,0,0.48760002851486206,0.25030001997947693,0.3828999996185303,0.17030000686645508,0.3418000340461731
2021-02-13 00:14:25,0,0.4724000096321106,0.2617000341415405,0.34370002150535583,0.1657000035047531,0.3176000118255615
2021-02-13 00:28:49,0,0.47520002722740173,0.24970000982284546,0.34220004081726074,0.17240001261234283,0.3238000273704529
2021-02-13 00:43:13,0,0.4881000220775604,0.2662000358104706,0.41860002279281616,0.15960001945495605,0.317300021648407
2021-02-13 00:57:37,-0.00010000000474974513,0.49550002813339233,0.2663000226020813,0.3652000427246094,0.1648000180721283,0.3181000351905823
2021-02-13 01:12:01,0,0.4776000380516052,0.2452000081539154,0.3412000238895416,0.16920000314712524,0.3247000277042389
2021-02-13 01:26:25,0,0.49310001730918884,0.2394000142812729,0.37400001287460327,0.16670000553131104,0.318200021982193
2021-02-13 01:40:49,0,0.5129000544548035,0.2608000338077545,0.33910003304481506,0.172200009226799,0.33970004320144653
2021-02-13 01:55:13,0,0.5171000361442566,0.24770000576972961,0.3441000282764435,0.17250001430511475,0.3451000154018402
2021-02-13 02:09:37,0,0.4975000321865082,0.2663000226020813,0.2891000211238861,0.1665000021457672,0.3228999972343445
2021-02-13 02:24:01,0,0.4976000189781189,0.26370003819465637,0.3144000172615051,0.17110002040863037,0.34130004048347473
2021-02-13 02:38:25,0,0.4617000222206116,0.24770000576972961,0.2827000319957733,0.16190001368522644,0.3175000250339508
2021-02-13 02:52:49,0,0.46550002694129944,0.2638000249862671,0.28780004382133484,0.16110001504421234,0.31770002841949463
2021-02-13 03:07:13,0,0.49010002613067627,0.2519000172615051,0.32360002398490906,0.17090001702308655,0.3258000314235687
2021-02-13 03:21:37,0,0.48490002751350403,0.24750001728534698,0.31280001997947693,0.17040002346038818,0.3175000250339508
2021-02-13 03:36:01,0,0.4621000289916992,0.2600000202655792,0.2852000296115875,0.1656000167131424,0.3256000280380249
2021-02-13 03:50:25,0,0.4544000029563904,0.24870000779628754,0.28710001707077026,0.15870000422000885,0.3221000134944916
2021-02-13 04:04:49,0,0.4773000478744507,0.26920002698898315,0.29600000381469727,0.1696000099182129,0.3474000096321106
2021-02-13 04:19:13,0,0.4921000301837921,0.2592000365257263,0.3174000084400177,0.16550001502037048,0.3440000116825104
2021-02-13 04:33:37,0,0.46650001406669617,0.26920002698898315,0.2866000235080719,0.17110002040863037,0.31640002131462097
2021-02-13 04:48:01,0.00010000000474974513,0.46950003504753113,0.2686000168323517,0.2856000065803528,0.1721000075340271,0.3232000172138214
2021-02-13 05:02:25,0,0.4572000205516815,0.2565000057220459,0.32830002903938293,0.15930001437664032,0.317300021648407
2021-02-13 05:16:49,0,0.503000020980835,0.2680000066757202,0.29760003089904785,0.1583000123500824,0.31720003485679626
2021-02-13 05:31:13,0,0.4044000208377838,0.2467000037431717,0.3434000015258789,0.4053000509738922,0.32440000772476196
2021-02-13 05:45:37,0,0.39590001106262207,0.24890002608299255,0.3061000108718872,0.38210001587867737,0.31800001859664917
2021-02-13 06:00:01,0,0.44190001487731934,0.2680000066757202,0.37800002098083496,0.33550000190734863,0.33430004119873047
2021-02-13 06:14:25,0,0.40710002183914185,0.25880002975463867,0.4109000265598297,0.3410000205039978,0.3215000033378601
2021-02-13 06:28:49,0,0.6467000246047974,0.23890002071857452,0.38130003213882446,0.4636000394821167,0.34540000557899475
2021-02-13 06:43:13,0,0.6254000663757324,0.24210001528263092,0.39090001583099365,0.4383000433444977,0.34200000762939453
2021-02-13 06:57:37,0,0.5925000309944153,0.2524999976158142,0.3806000351905823,0.41190001368522644,0.3168000280857086
2021-02-13 07:12:01,0,0.5884000658988953,0.23750001192092896,0.382500022649765,0.4142000377178192,0.3176000118255615
2021-02-13 07:26:25,0,0.6137000322341919,0.24880000948905945,0.4223000407218933,0.40070003271102905,0.32370004057884216
2021-02-13 07:40:49,0,0.5957000255584717,0.23730000853538513,0.4391000270843506,0.4092000424861908,0.3168000280857086
2021-02-13 07:55:13,0,0.619700014591217,0.2535000145435333,0.38020002841949463,0.398000031709671,0.32500001788139343
2021-02-13 08:09:37,-0.00010000000474974513,0.5976000428199768,0.24540002644062042,0.40640002489089966,0.4171000123023987,0.3199000060558319
2021-02-13 08:24:01,0,0.6200000047683716,0.2547000050544739,0.37810003757476807,0.40470004081726074,0.3353000283241272
2021-02-13 08:38:25,0,0.6170000433921814,0.24130001664161682,0.3775000274181366,0.412600040435791,0.35010001063346863
2021-02-13 08:52:49,0,0.5980000495910645,0.25839999318122864,0.39420002698898315,0.39890000224113464,0.33340001106262207
2021-02-13 09:07:13,0,0.5962000489234924,0.26590001583099365,0.3768000304698944,0.39590001106262207,0.3329000174999237
2021-02-13 09:21:37,0,0.6267000436782837,0.25060001015663147,0.39160001277923584,0.42520004510879517,0.3151000142097473
2021-02-13 09:36:01,0,0.6181000471115112,0.25280001759529114,0.4232000410556793,0.4248000383377075,0.3148000240325928
2021-02-13 09:50:25,0,0.5969000458717346,0.2685000002384186,0.3785000145435333,0.39910003542900085,0.32360002398490906
2021-02-13 10:04:49,0,0.6239000558853149,0.26910001039505005,0.3828999996185303,0.4148000478744507,0.3242000341415405
2021-02-13 10:19:13,0,0.6051000356674194,0.25780004262924194,0.4544000029563904,0.40080004930496216,0.3181000351905823
2021-02-13 10:33:37,-0.00010000000474974513,0.622700035572052,0.265500009059906,0.38540002703666687,0.4004000127315521,0.320900022983551
2021-02-13 10:48:01,0,0.6010000109672546,0.2531999945640564,0.4156000316143036,0.4191000163555145,0.3451000154018402
2021-02-13 11:02:25,-0.00010000000474974513,0.6101000905036926,0.266400009393692,0.41130003333091736,0.3955000042915344,0.343500018119812
2021-02-13 11:16:49,0,0.5992000699043274,0.25120002031326294,0.3792000412940979,0.40980005264282227,0.3192000389099121
2021-02-13 11:31:13,0,0.6132000684738159,0.24130001664161682,0.43070003390312195,0.41100001335144043,0.3246000111103058
2021-02-13 11:45:37,0,0.59170001745224,0.2616000175476074,0.3792000412940979,0.3963000476360321,0.3175000250339508
2021-02-13 12:00:01,-0.00010000000474974513,0.593000054359436,0.26350000500679016,0.40970003604888916,0.39520004391670227,0.3239000141620636
2021-02-13 12:14:25,0,0.6071000695228577,0.23270000517368317,0.37710002064704895,0.40710002183914185,0.31720003485679626
2021-02-13 12:28:49,-0.00010000000474974513,0.5959000587463379,0.24800001084804535,0.3778000473976135,0.40300002694129944,0.32850000262260437
2021-02-13 12:43:13,0,0.6148000359535217,0.23410001397132874,0.4028000235557556,0.41520002484321594,0.31770002841949463
2021-02-13 12:57:37,-0.00010000000474974513,0.5999000668525696,0.24540002644062042,0.37870001792907715,0.4085000157356262,0.31960001587867737
2021-02-13 13:12:01,0,0.6195000410079956,0.2225000113248825,0.40630003809928894,0.42500001192092896,0.33720001578330994
2021-02-13 13:26:25,-0.00010000000474974513,0.625,0.24460001289844513,0.40620002150535583,0.4214000105857849,0.34070003032684326
2021-02-13 13:40:49,0,0.6140000224113464,0.22580000758171082,0.3768000304698944,0.4319000244140625,0.3190000057220459
2021-02-13 13:55:13,-0.00010000000474974513,0.626300036907196,0.22770000994205475,0.4091000258922577,0.43730002641677856,0.317300021648407
2021-02-13 14:09:37,0,0.612500011920929,0.23800000548362732,0.3758000433444977,0.42100003361701965,0.3233000338077545
2021-02-13 14:24:01,-0.00010000000474974513,0.6269000768661499,0.23520000278949738,0.38280004262924194,0.4294000267982483,0.3174000084400177
2021-02-13 14:38:25,0,0.6051000356674194,0.25140002369880676,0.41440001130104065,0.4155000150203705,0.32340002059936523
2021-02-13 14:52:49,-0.00010000000474974513,0.6062999963760376,0.26410001516342163,0.42910003662109375,0.41440001130104065,0.31790000200271606
2021-02-13 15:07:13,0,0.6144000291824341,0.24290001392364502,0.3897000253200531,0.4255000054836273,0.3246000111103058
2021-02-13 15:21:37,-0.00010000000474974513,0.6214000582695007,0.26180002093315125,0.38620004057884216,0.4157000184059143,0.32750001549720764
2021-02-13 15:36:01,0,0.6051000356674194,0.2436000108718872,0.4221000373363495,0.4220000207424164,0.32020002603530884
2021-02-13 15:50:25,0,0.6052000522613525,0.26350000500679016,0.4195000231266022,0.4195000231266022,0.3247000277042389
2021-02-13 16:04:49,0,0.6305000185966492,0.2387000024318695,0.3890000283718109,0.4319000244140625,0.31700000166893005
2021-02-13 16:19:13,-0.00010000000474974513,0.6292000412940979,0.2410000115633011,0.42590001225471497,0.42430004477500916,0.3165000081062317
2021-02-13 16:33:37,0,0.6148000359535217,0.2578999996185303,0.39330002665519714,0.4320000112056732,0.32430002093315125
2021-02-13 16:48:01,-0.00010000000474974513,0.6175000071525574,0.24220000207424164,0.3945000171661377,0.419700026512146,0.3167000412940979
2021-02-13 17:02:25,0,0.6315000057220459,0.26360002160072327,0.43810003995895386,0.4359000027179718,0.3239000141620636
2021-02-13 17:16:49,-0.00010000000474974513,0.6222000122070312,0.24730001389980316,0.44360002875328064,0.4318000376224518,0.3117000162601471
2021-02-13 17:31:13,0,0.6495000123977661,0.2582000195980072,0.39680004119873047,0.4537000358104706,0.3242000341415405
2021-02-13 17:45:37,-0.00010000000474974513,0.6490000486373901,0.2467000037431717,0.43640002608299255,0.45260003209114075,0.3313000202178955
2021-02-13 18:00:01,0,0.6383000016212463,0.25880002975463867,0.3538000285625458,0.4637000262737274,0.3193000257015228
2021-02-13 18:14:25,-0.00010000000474974513,0.6498000025749207,0.2540000081062317,0.36640000343322754,0.4634000062942505,0.3253999948501587
2021-02-13 18:28:49,0,0.6267000436782837,0.23670001327991486,0.3541000187397003,0.4321000277996063,0.3168000280857086
2021-02-13 18:43:13,-0.00010000000474974513,0.631100058555603,0.24720001220703125,0.3508000373840332,0.43960002064704895,0.31690001487731934
2021-02-13 18:57:37,0,0.618600070476532,0.23180001974105835,0.3735000193119049,0.4301000237464905,0.3241000175476074
2021-02-13 19:12:01,-0.00010000000474974513,0.6342000365257263,0.23030000925064087,0.34810003638267517,0.43720003962516785,0.31700000166893005
2021-02-13 19:26:25,0,0.6198000311851501,0.2630000114440918,0.4027000367641449,0.42350003123283386,0.3273000419139862
2021-02-13 19:40:49,0,0.6181000471115112,0.2616000175476074,0.38350000977516174,0.43540000915527344,0.3181000351905823
2021-02-13 19:55:13,0,0.6362000703811646,0.24470001459121704,0.3473000228404999,0.4303000271320343,0.3286000192165375
2021-02-13 20:09:37,-0.00010000000474974513,0.63590008020401,0.2616000175476074,0.3761000335216522,0.4244000017642975,0.31960001587867737
2021-02-13 20:24:01,0,0.6173000335693359,0.2535000145435333,0.352400004863739,0.4344000220298767,0.349200040102005
2021-02-13 20:38:25,0,0.6265000104904175,0.24630001187324524,0.38540002703666687,0.43550002574920654,0.34210002422332764
2021-02-13 20:52:49,0,0.5665000081062317,0.2670000195503235,0.3475000262260437,0.4059000015258789,0.3181000351905823
2021-02-13 21:07:13,0,0.5552000403404236,0.26900002360343933,0.3466000258922577,0.4004000127315521,0.31720003485679626
2021-02-13 21:21:37,0,0.3848000466823578,0.25210002064704895,0.3752000331878662,0.3158999979496002,0.32340002059936523
2021-02-13 21:36:01,-0.00010000000474974513,0.4146000146865845,0.2606000304222107,0.40080004930496216,0.31220003962516785,0.3181000351905823
2021-02-13 21:50:25,0,0.387300044298172,0.24830001592636108,0.3207000195980072,0.3370000123977661,0.3228999972343445
2021-02-13 22:04:49,0,0.3939000070095062,0.25930002331733704,0.344400018453598,0.32590001821517944,0.3203999996185303
2021-02-13 22:19:13,0,0.4205000102519989,0.25280001759529114,0.31770002841949463,0.35200002789497375,0.3273000419139862
2021-02-13 22:33:37,0,0.4232000410556793,0.2509000301361084,0.31310001015663147,0.34850001335144043,0.32830002903938293
2021-02-13 22:48:01,0,0.3865000307559967,0.26030004024505615,0.3460000157356262,0.31690001487731934,0.3490000069141388
2021-02-13 23:02:25,0,0.40800002217292786,0.25270000100135803,0.31300002336502075,0.3378000259399414,0.3379000127315521
2021-02-13 23:16:49,0,0.38760003447532654,0.26600000262260437,0.3596000373363495,0.31230002641677856,0.3193000257015228
2021-02-13 23:31:13,-0.00010000000474974513,0.38850000500679016,0.26680001616477966,0.3505000174045563,0.30960002541542053,0.32340002059936523
2021-02-13 23:45:37,0,0.4037000238895416,0.2531000077724457,0.3153000473976135,0.33240002393722534,0.3189000189304352
2021-02-14 00:00:01,0,0.3898000419139862,0.25630003213882446,0.31550002098083496,0.333700031042099,0.320000022649765
2021-02-14 00:14:25,0,0.39890000224113464,0.2705000042915344,0.3461000323295593,0.31150001287460327,0.32750001549720764
2021-02-14 00:28:49,0,0.38870003819465637,0.26910001039505005,0.3604000210762024,0.31080004572868347,0.32100000977516174
2021-02-14 00:43:13,0,0.39890000224113464,0.25040000677108765,0.31230002641677856,0.3336000144481659,0.33320003747940063
2021-02-14 00:57:37,-0.00010000000474974513,0.3858000338077545,0.26930004358291626,0.30970001220703125,0.334600031375885,0.35030004382133484
2021-02-14 01:12:01,0,0.3993000388145447,0.25450000166893005,0.35620003938674927,0.3060000240802765,0.33000001311302185
2021-02-14 01:26:25,0,0.4053000509738922,0.26600000262260437,0.3508000373840332,0.33550000190734863,0.33340001106262207
2021-02-14 01:40:49,0,0.39030003547668457,0.2549000084400177,0.31080004572868347,0.3062000274658203,0.31770002841949463
2021-02-14 01:55:13,0,0.3919000029563904,0.2743000388145447,0.3314000070095062,0.30730003118515015,0.31940001249313354
2021-02-14 02:09:37,0,0.4223000407218933,0.24990002810955048,0.2945000231266022,0.3522000312805176,0.32739999890327454
2021-02-14 02:24:01,0,0.4157000184059143,0.26110002398490906,0.2945000231266022,0.32770001888275146,0.32350000739097595
2021-02-14 02:38:25,0,0.43650001287460327,0.24560001492500305,0.3240000009536743,0.36170002818107605,0.3193000257015228
2021-02-14 02:52:49,0,0.44620004296302795,0.2451000213623047,0.29610002040863037,0.37560001015663147,0.3206000328063965
2021-02-14 03:07:13,0,0.42730003595352173,0.2547000050544739,0.3710000216960907,0.3565000295639038,0.3282000422477722
2021-02-14 03:21:37,0,0.42490002512931824,0.24480001628398895,0.3506000339984894,0.34460002183914185,0.32350000739097595
2021-02-14 03:36:01,0,0.4418000280857086,0.26190000772476196,0.2962000370025635,0.37560001015663147,0.3428000211715698
2021-02-14 03:50:25,0,0.4214000105857849,0.26760002970695496,0.296500027179718,0.3792000412940979,0.34290000796318054
2021-02-14 04:04:49,0,0.4472000300884247,0.2543000280857086,0.3110000193119049,0.3461000323295593,0.31940001249313354
2021-02-14 04:19:13,0,0.45120003819465637,0.2534000277519226,0.3281000256538391,0.3573000431060791,0.32520002126693726
2021-02-14 04:33:37,0,0.4692000448703766,0.26489999890327454,0.296500027179718,0.4021000266075134,0.31839999556541443
2021-02-14 04:48:01,-0.00010000000474974513,0.44930005073547363,0.2510000169277191,0.2971000075340271,0.4020000100135803,0.3166000247001648
2021-02-14 05:02:25,0,0.4701000154018402,0.26580002903938293,0.35110002756118774,0.3603000342845917,0.32370004057884216
2021-02-14 05:16:49,0,0.4620000123977661,0.2617000341415405,0.3029000163078308,0.37310001254081726,0.31860002875328064
2021-02-14 05:31:13,0,0.5462000370025635,0.27000001072883606,0.334600031375885,0.44380003213882446,0.328000009059906
2021-02-14 05:45:37,0,0.5336000323295593,0.26280003786087036,0.3092000186443329,0.4319000244140625,0.3249000012874603
2021-02-14 06:00:01,0,0.5964000821113586,0.27730002999305725,0.34380003809928894,0.4865000247955322,0.3433000445365906
2021-02-14 06:14:25,0,0.5934000611305237,0.2771000266075134,0.35770002007484436,0.47940000891685486,0.3320000171661377
2021-02-14 06:28:49,0,0.62090003490448,0.2616000175476074,0.3425000309944153,0.5032000541687012,0.31800001859664917
2021-02-14 06:43:13,0,0.6292999982833862,0.2613000273704529,0.34790000319480896,0.5301000475883484,0.31690001487731934
2021-02-14 06:57:37,0,0.563200056552887,0.27170002460479736,0.4378000497817993,0.4440000355243683,0.32270002365112305
2021-02-14 07:12:01,-0.00010000000474974513,0.5656000375747681,0.2702000141143799,0.381600022315979,0.44780004024505615,0.3158000409603119
2021-02-14 07:26:25,0,0.5223000049591064,0.2436000108718872,0.435200035572052,0.39990001916885376,0.32430002093315125
2021-02-14 07:40:49,-0.00010000000474974513,0.5145000219345093,0.2550000250339508,0.38690000772476196,0.3929000198841095,0.31630003452301025
2021-02-14 07:55:13,0,0.5418000221252441,0.242000013589859,0.4180000126361847,0.4163000285625458,0.3352000415325165
2021-02-14 08:09:37,0,0.5394999980926514,0.24310001730918884,0.4214000105857849,0.41100001335144043,0.33170002698898315
2021-02-14 08:24:01,0,0.5576000809669495,0.25300002098083496,0.3889000117778778,0.43650001287460327,0.34380003809928894
2021-02-14 08:38:25,0,0.5511000752449036,0.24820001423358917,0.40470004081726074,0.43630003929138184,0.3396000266075134
2021-02-14 08:52:49,0,0.6064000725746155,0.2394000142812729,0.38780003786087036,0.4838000535964966,0.31620001792907715
2021-02-14 09:07:13,-0.00010000000474974513,0.6037000417709351,0.23720000684261322,0.41190001368522644,0.48020002245903015,0.3230000138282776
2021-02-14 09:21:37,0,0.6528000235557556,0.24730001389980316,0.38430002331733704,0.5353000164031982,0.3153000473976135
2021-02-14 09:36:01,-0.00010000000474974513,0.6479000449180603,0.2379000186920166,0.3864000141620636,0.5242000222206116,0.3157000243663788
2021-02-14 09:50:25,0,0.6216000914573669,0.2615000009536743,0.44350001215934753,0.4970000088214874,0.3263000249862671
2021-02-14 10:04:49,-0.00010000000474974513,0.6398000121116638,0.24750001728534698,0.390500009059906,0.5118000507354736,0.3183000385761261
2021-02-14 10:19:13,0,0.5545000433921814,0.26600000262260437,0.4375000298023224,0.4214000105857849,0.3396000266075134
2021-02-14 10:33:37,0,0.5517000555992126,0.25860002636909485,0.4261000156402588,0.41620004177093506,0.35030004382133484
2021-02-14 10:48:01,0,0.5754000544548035,0.26820001006126404,0.39500001072883606,0.4335000216960907,0.31780004501342773
2021-02-14 11:02:25,0,0.5677000284194946,0.26820001006126404,0.44610002636909485,0.43310001492500305,0.3165000081062317
2021-02-14 11:16:49,0,0.6490000486373901,0.2591000199317932,0.39520004391670227,0.47790002822875977,0.32440000772476196
2021-02-14 11:31:13,-0.00010000000474974513,0.5922000408172607,0.25550001859664917,0.3937000334262848,0.45740002393722534,0.317300021648407
2021-02-14 11:45:37,0,0.5460000038146973,0.2689000070095062,0.42000001668930054,0.41530004143714905,0.3228999972343445
2021-02-14 12:00:01,0,0.5674000382423401,0.2663000226020813,0.39640000462532043,0.45250001549720764,0.31620001792907715
2021-02-14 12:14:25,0,0.5905000567436218,0.255700021982193,0.4100000262260437,0.4749000072479248,0.3247000277042389
2021-02-14 12:28:49,0,0.5814000368118286,0.27140000462532043,0.3992000222206116,0.4617000222206116,0.31940001249313354
2021-02-14 12:43:13,0,0.6017000675201416,0.2459000200033188,0.4313000440597534,0.4896000325679779,0.3410000205039978
2021-02-14 12:57:37,0,0.5897000432014465,0.26250001788139343,0.39810001850128174,0.47210001945495605,0.34080004692077637
2021-02-14 13:12:01,0,0.6128000020980835,0.2468000203371048,0.42990002036094666,0.5103000402450562,0.3183000385761261
2021-02-14 13:26:25,-0.00010000000474974513,0.578700065612793,0.25380000472068787,0.45350003242492676,0.5869000554084778,0.3166000247001648
2021-02-14 13:40:49,-0.00010000000474974513,0.7249000668525696,0.2452000081539154,0.3984000086784363,0.46160003542900085,0.33320003747940063
2021-02-14 13:55:13,0,0.5806000828742981,0.24560001492500305,0.44600000977516174,0.42760002613067627,0.31800001859664917
2021-02-14 14:09:37,-0.00010000000474974513,0.6518000364303589,0.25270000100135803,0.39560002088546753,0.5341000556945801,0.3238000273704529
2021-02-14 14:24:01,0,0.6722000241279602,0.25940001010894775,0.39640000462532043,0.5445000529289246,0.3175000250339508
2021-02-14 14:38:25,0,0.6446000933647156,0.23670001327991486,0.41770002245903015,0.4854000210762024,0.32510003447532654
2021-02-14 14:52:49,0,0.8695000410079956,0.23910002410411835,0.4034000039100647,0.6599000692367554,0.3193000257015228
2021-02-14 15:07:13,0,0.5660000443458557,0.2519000172615051,0.4407000243663788,0.4035000205039978,0.3403000235557556
2021-02-14 15:21:37,-0.00010000000474974513,0.5817000269889832,0.24720001220703125,0.4564000070095062,0.4385000169277191,0.3424000144004822
2021-02-14 15:36:01,0,0.5982000231742859,0.2616000175476074,0.397100031375885,0.4645000100135803,0.31850001215934753
2021-02-14 15:50:25,0,0.5860000252723694,0.2502000033855438,0.39670002460479736,0.45900002121925354,0.32280004024505615
2021-02-14 16:04:49,0,0.6163000464439392,0.2639000117778778,0.4327000379562378,0.4791000187397003,0.31790000200271606
2021-02-14 16:19:13,0,0.6011000871658325,0.2551000118255615,0.4573000371456146,0.45410001277923584,0.32530003786087036
2021-02-14 16:33:37,0,0.6265000104904175,0.2452000081539154,0.4034000039100647,0.5075000524520874,0.3168000280857086
2021-02-14 16:48:01,-0.00010000000474974513,0.6077000498771667,0.25210002064704895,0.40310001373291016,0.45190000534057617,0.3166000247001648
2021-02-14 17:02:25,0,0.6334000825881958,0.2735000252723694,0.4602000415325165,0.5225000381469727,0.32690000534057617
2021-02-14 17:16:49,-0.00010000000474974513,0.6232000589370728,0.2711000144481659,0.3994000256061554,0.37890002131462097,0.31839999556541443
2021-02-14 17:31:13,0,0.7449000477790833,0.24660001695156097,0.4272000193595886,0.5725000500679016,0.3400000035762787
2021-02-14 17:45:37,0,0.7382000684738159,0.2506999969482422,0.4003000259399414,0.492000013589859,0.3351000249385834
2021-02-14 18:00:01,0,0.7705000638961792,0.26020002365112305,0.4637000262737274,0.5494000315666199,0.318200021982193
2021-02-14 18:14:25,-0.00010000000474974513,0.7505000233650208,0.2605000138282776,0.40050002932548523,0.5217000246047974,0.3233000338077545
2021-02-14 18:28:49,0,0.7892000675201416,0.2485000044107437,0.4513000249862671,0.5545000433921814,0.31770002841949463
2021-02-14 18:43:13,0,0.571600079536438,0.24210001528263092,0.42990002036094666,0.3305000066757202,0.3168000280857086
2021-02-14 18:57:37,0,0.8027000427246094,0.2574000060558319,0.4027000367641449,0.872700035572052,0.3240000009536743
2021-02-14 19:12:01,0,0.5374000668525696,0.2608000338077545,0.4312000274658203,0.8680000305175781,0.3183000385761261
2021-02-14 19:26:25,0,0.7981000542640686,0.24700000882148743,0.4018000364303589,0.3067000210285187,0.3257000148296356
2021-02-14 19:40:49,-0.00010000000474974513,0.7835000157356262,0.24320000410079956,0.43300002813339233,0.567300021648407,0.3453000485897064
2021-02-14 19:55:13,0,0.7618000507354736,0.2681000232696533,0.4049000144004822,0.5324000716209412,0.32260000705718994
2021-02-14 20:09:37,-0.00010000000474974513,0.7648000121116638,0.26680001616477966,0.4074000120162964,0.716200053691864,0.34450000524520874
2021-02-14 20:24:01,0,0.5509999990463257,0.25620001554489136,0.4376000165939331,0.2840000092983246,0.3168000280857086
2021-02-14 20:38:25,0,0.5573000311851501,0.25940001010894775,0.4601000249385834,0.5919000506401062,0.3255000114440918
2021-02-14 20:52:49,0,0.44930005073547363,0.2685000002384186,0.3687000274658203,0.25770002603530884,0.3175000250339508
2021-02-14 21:07:13,0,0.4540000259876251,0.25280001759529114,0.3589000105857849,0.3791000247001648,0.31620001792907715
2021-02-14 21:21:37,0,0.5537999868392944,0.26830002665519714,0.3937000334262848,0.46720004081726074,0.3241000175476074
2021-02-14 21:36:01,-0.00010000000474974513,0.565500020980835,0.27400001883506775,0.39090001583099365,0.47440001368522644,0.31690001487731934
2021-02-14 21:50:25,0,0.642300009727478,0.2524000108242035,0.34200000762939453,0.5179000496864319,0.32590001821517944
2021-02-14 22:04:49,-0.00010000000474974513,0.5938000082969666,0.2696000337600708,0.3368000388145447,0.4881000220775604,0.3257000148296356
2021-02-14 22:19:13,0,0.6193000078201294,0.2531000077724457,0.36650002002716064,0.46820002794265747,0.3378000259399414
2021-02-14 22:33:37,0,0.6226000785827637,0.26489999890327454,0.3675000071525574,0.47190001606941223,0.32500001788139343
2021-02-14 22:48:01,-0.00010000000474974513,0.6048000454902649,0.24460001289844513,0.3352000415325165,0.492900013923645,0.3167000412940979
2021-02-14 23:02:25,0,0.619700014591217,0.24320000410079956,0.36990001797676086,0.49570003151893616,0.3168000280857086
2021-02-14 23:16:49,0,0.5997000336647034,0.2574000060558319,0.33820003271102905,0.45090001821517944,0.3242000341415405
2021-02-14 23:31:13,0,0.5807999968528748,0.24460001289844513,0.3720000088214874,0.4896000325679779,0.3160000145435333
2021-02-14 23:45:37,0,0.6000000238418579,0.25519999861717224,0.3330000042915344,0.4505000114440918,0.3225000202655792
2021-02-15 00:00:01,0,0.6013000011444092,0.25860002636909485,0.3588000237941742,0.47290000319480896,0.3189000189304352
2021-02-15 00:14:25,0,0.5788000226020813,0.23520000278949738,0.3311000168323517,0.4382000267505646,0.32360002398490906
2021-02-15 00:28:49,0,0.5857000350952148,0.24810001254081726,0.3824000060558319,0.46140000224113464,0.3247000277042389
2021-02-15 00:43:13,0,0.563800036907196,0.23530001938343048,0.32440000772476196,0.4253000319004059,0.317300021648407
2021-02-15 00:57:37,0,0.571600079536438,0.23740002512931824,0.3287000358104706,0.44270002841949463,0.3166000247001648
2021-02-15 01:12:01,0,0.554900050163269,0.254800021648407,0.36240002512931824,0.4262000322341919,0.32340002059936523
2021-02-15 01:26:25,-0.00010000000474974513,0.5616000890731812,0.24700000882148743,0.33160001039505005,0.4284000098705292,0.3175000250339508
2021-02-15 01:40:49,0,0.5509000420570374,0.2590000033378601,0.39580002427101135,0.41770002245903015,0.3256000280380249
2021-02-15 01:55:13,0,0.5612000226974487,0.26010000705718994,0.37810003757476807,0.40560001134872437,0.3174000084400177
2021-02-15 02:09:37,0,0.550000011920929,0.24460001289844513,0.3233000338077545,0.4204000234603882,0.32450002431869507
2021-02-15 02:24:01,0,0.5548000335693359,0.2614000141620636,0.3199000060558319,0.41450002789497375,0.31700000166893005
2021-02-15 02:38:25,0,0.5177000164985657,0.24340002238750458,0.34130004048347473,0.383400022983551,0.3230000138282776
2021-02-15 02:52:49,-0.00010000000474974513,0.5244000554084778,0.2540000081062317,0.31870001554489136,0.4010000228881836,0.2759000062942505
2021-02-15 03:07:13,0,0.5109000205993652,0.32760003209114075,0.3498000204563141,0.3769000172615051,0.35280004143714905
2021-02-15 03:21:37,0,0.5111000537872314,0.271200031042099,0.3506000339984894,0.40070003271102905,0.2957000136375427
2021-02-15 03:36:01,0,0.5260000228881836,0.3094000220298767,0.318200021982193,0.38050001859664917,0.33240002393722534
2021-02-15 03:50:25,0,0.5228000283241272,0.30960002541542053,0.3199000060558319,0.4003000259399414,0.32750001549720764
2021-02-15 04:04:49,0,0.5087000131607056,0.2915000021457672,0.3521000146865845,0.3766000270843506,0.33720001578330994
2021-02-15 04:19:13,0,0.5115000009536743,0.30410000681877136,0.3225000202655792,0.37880003452301025,0.336899995803833
2021-02-15 04:33:37,0,0.5240000486373901,0.2881000339984894,0.38930004835128784,0.3995000123977661,0.3224000036716461
2021-02-15 04:48:01,0,0.524600088596344,0.30730003118515015,0.32260000705718994,0.3947000205516815,0.3223000466823578
2021-02-15 05:02:25,0,0.5081000328063965,0.2880000174045563,0.37560001015663147,0.37790000438690186,0.3314000070095062
2021-02-15 05:16:49,0,0.5245000123977661,0.28690001368522644,0.3273000419139862,0.3769000172615051,0.3247000277042389
2021-02-15 05:31:13,0,0.5077000260353088,0.302700012922287,0.4004000127315521,0.3970000147819519,0.3311000168323517
2021-02-15 05:45:37,0,0.5042000412940979,0.2898000180721283,0.3717000186443329,0.37550002336502075,0.328000009059906
2021-02-15 06:00:01,0,0.5170000195503235,0.30730003118515015,0.4115000069141388,0.3997000455856323,0.3353000283241272
2021-02-15 06:14:25,0,0.5149000287055969,0.3140000104904175,0.4011000394821167,0.3778000473976135,0.32760003209114075
2021-02-15 06:28:49,0,0.49480003118515015,0.2979000210762024,0.4272000193595886,0.39490002393722534,0.4277000427246094
2021-02-15 06:43:13,0,0.5023000240325928,0.3777000308036804,0.4027000367641449,0.3660000264644623,0.3367000222206116
2021-02-15 06:57:37,0,0.4911000430583954,0.2979000210762024,0.4490000307559967,0.39090001583099365,0.37139999866485596
2021-02-15 07:12:01,0,0.4846000373363495,0.3020000159740448,0.4497000277042389,0.3830000162124634,0.3353000283241272
2021-02-15 07:26:25,0,0.5037000179290771,0.3921000361442566,0.40400001406669617,0.3555000126361847,0.37210002541542053
2021-02-15 07:40:49,-0.00010000000474974513,0.47930005192756653,0.417900025844574,0.4466000199317932,0.3541000187397003,0.3800000250339508
2021-02-15 07:55:13,0,0.49830004572868347,0.3233000338077545,0.3946000337600708,0.38770002126693726,0.3433000445365906
2021-02-15 08:09:37,0,0.4984000027179718,0.3168000280857086,0.4205000102519989,0.3622000217437744,0.3401000201702118
2021-02-15 08:24:01,0,0.48830005526542664,0.2873000204563141,0.3932000398635864,0.3783000409603119,0.3133000433444977
2021-02-15 08:38:25,0,0.4902000427246094,0.30010002851486206,0.38600000739097595,0.36640000343322754,0.3143000304698944
2021-02-15 08:52:49,0,0.5027000308036804,0.2802000343799591,0.4213000237941742,0.3881000280380249,0.3046000301837921
2021-02-15 09:07:13,0,0.4942000210285187,0.28550001978874207,0.438400000333786,0.3695000112056732,0.3034000098705292
2021-02-15 09:21:37,0,0.5120000243186951,0.2589000165462494,0.39160001277923584,0.40160003304481506,0.31130003929138184
2021-02-15 09:36:01,-0.00010000000474974513,0.49960002303123474,0.24210001528263092,0.41520002484321594,0.39490002393722534,0.3034000098705292
2021-02-15 09:50:25,0,0.5182000398635864,0.2639000117778778,0.3866000175476074,0.3765000104904175,0.3119000196456909
2021-02-15 10:04:49,-0.00010000000474974513,0.5045000314712524,0.2403000146150589,0.40940001606941223,0.37880003452301025,0.305400013923645
2021-02-15 10:19:13,0,0.5204000473022461,0.26030004024505615,0.38700002431869507,0.40290001034736633,0.31300002336502075
2021-02-15 10:33:37,0,0.5263000130653381,0.24240002036094666,0.4146000146865845,0.3911000192165375,0.3013000190258026
2021-02-15 10:48:01,0,0.5154000520706177,0.26270002126693726,0.3896000385284424,0.40540000796318054,0.30730003118515015
2021-02-15 11:02:25,-0.00010000000474974513,0.5186000466346741,0.23770001530647278,0.38750001788139343,0.4041000306606293,0.30250000953674316
2021-02-15 11:16:49,0,0.5387000441551208,0.2581000328063965,0.42660003900527954,0.4254000186920166,0.3100000023841858
2021-02-15 11:31:13,-0.00010000000474974513,0.5325000286102295,0.2476000189781189,0.42920002341270447,0.42730003595352173,0.30140000581741333
2021-02-15 11:45:37,0,0.5489000678062439,0.2689000070095062,0.3938000500202179,0.4148000478744507,0.3068999946117401
2021-02-15 12:00:01,-0.00010000000474974513,0.5475000143051147,0.24790002405643463,0.39500001072883606,0.4223000407218933,0.30230003595352173
2021-02-15 12:14:25,0,0.5667000412940979,0.2787000238895416,0.43970003724098206,0.4520000219345093,0.30970001220703125
2021-02-15 12:28:49,0,0.5575000047683716,0.2753000259399414,0.4248000383377075,0.44280004501342773,0.3087000250816345
2021-02-15 12:43:13,0,0.5685000419616699,0.26250001788139343,0.397100031375885,0.4700000286102295,0.30090001225471497
2021-02-15 12:57:37,-0.00010000000474974513,0.5710000395774841,0.27650001645088196,0.38930004835128784,0.4556000232696533,0.3087000250816345
2021-02-15 13:12:01,0,0.5910000205039978,0.2614000141620636,0.41600000858306885,0.4750000238418579,0.3004000186920166
2021-02-15 13:26:25,-0.00010000000474974513,0.5822000503540039,0.27010002732276917,0.3932000398635864,0.47190001606941223,0.3088000416755676
2021-02-15 13:40:49,0,0.782200038433075,0.2613000273704529,0.43790000677108765,0.5782999992370605,0.30090001225471497
2021-02-15 13:55:13,0,0.7208000421524048,0.2736000120639801,0.39250001311302185,0.5815000534057617,0.3059000074863434
2021-02-15 14:09:37,0,0.5516000390052795,0.2519000172615051,0.42570003867149353,0.5099000334739685,0.3003000319004059
2021-02-15 14:24:01,-0.00010000000474974513,0.5850000381469727,0.2616000175476074,0.41590002179145813,0.5599000453948975,0.2994000017642975
2021-02-15 14:38:25,0,0.6901000738143921,0.2531000077724457,0.38680005073547363,0.24050001800060272,0.30660003423690796
2021-02-15 14:52:49,-0.00010000000474974513,0.6947000622749329,0.24960002303123474,0.38750001788139343,0.28050002455711365,0.30810001492500305
2021-02-15 15:07:13,0,0.5873000025749207,0.26180002093315125,0.42270001769065857,0.10860000550746918,0.3002000153064728
2021-02-15 15:21:37,0,0.6111000776290894,0.26340001821517944,0.38590002059936523,0.12400000542402267,0.29930004477500916
2021-02-15 15:36:01,0,0.670400083065033,0.2476000189781189,0.4229000210762024,0.13040001690387726,0.3067000210285187
2021-02-15 15:50:25,-0.00010000000474974513,0.6706000566482544,0.25930002331733704,0.4442000389099121,0.12320000678300858,0.30080002546310425
2021-02-15 16:04:49,0,0.6370000243186951,0.24080000817775726,0.39510002732276917,0.13460001349449158,0.3095000088214874
2021-02-15 16:19:13,-0.00010000000474974513,0.6437000632286072,0.234700009226799,0.42510002851486206,0.13360001146793365,0.2996000349521637
2021-02-15 16:33:37,0,0.6919000744819641,0.26020002365112305,0.38530004024505615,0.13940002024173737,0.3043000400066376
2021-02-15 16:48:01,-0.00010000000474974513,0.687000036239624,0.248400017619133,0.3904000222682953,0.13190001249313354,0.2998000383377075
2021-02-15 17:02:25,0,0.7251001000404358,0.2590000033378601,0.44520002603530884,0.14080001413822174,0.30730003118515015
2021-02-15 17:16:49,-0.00010000000474974513,0.718500018119812,0.25620001554489136,0.38930004835128784,0.14020000398159027,0.3071000277996063
2021-02-15 17:31:13,0,0.7376000881195068,0.24180001020431519,0.44360002875328064,0.13410000503063202,0.30000001192092896
2021-02-15 17:45:37,0,0.756100058555603,0.2492000013589859,0.3963000476360321,0.1306000053882599,0.30820003151893616
2021-02-15 18:00:01,0,0.595300018787384,0.2672000229358673,0.4391000270843506,0.41290000081062317,0.3012000322341919
2021-02-15 18:14:25,0,0.5758000016212463,0.25460001826286316,0.4978000521659851,0.4196000397205353,0.3012000322341919
2021-02-15 18:28:49,0,0.6877000331878662,0.27160000801086426,0.40290001034736633,0.5481000542640686,0.30800002813339233
2021-02-15 18:43:13,0,0.6788000464439392,0.2574000060558319,0.396200031042099,0.5315000414848328,0.29910001158714294
2021-02-15 18:57:37,0,0.6401000618934631,0.2768999934196472,0.4148000478744507,0.48890000581741333,0.3063000440597534
2021-02-15 19:12:01,0,0.6416000723838806,0.26750001311302185,0.4293000400066376,0.4903000295162201,0.3068000376224518
2021-02-15 19:26:25,0,0.6073000431060791,0.2567000389099121,0.3970000147819519,0.4554000198841095,0.2998000383377075
2021-02-15 19:40:49,0,0.6098000407218933,0.2673000395298004,0.42600002884864807,0.45650002360343933,0.29830002784729004
2021-02-15 19:55:13,0,0.5776000618934631,0.2550000250339508,0.39730003476142883,0.4278000295162201,0.3087000250816345
2021-02-15 20:09:37,-0.00010000000474974513,0.5897000432014465,0.27390000224113464,0.39750000834465027,0.4353000521659851,0.30790001153945923
2021-02-15 20:24:01,0,0.5750000476837158,0.25300002098083496,0.4456000328063965,0.4247000217437744,0.30010002851486206
2021-02-15 20:38:25,-0.00010000000474974513,0.5740000009536743,0.25540003180503845,0.39810001850128174,0.4327000379562378,0.30800002813339233
2021-02-15 20:52:49,0,0.5857000350952148,0.2673000395298004,0.43400001525878906,0.42260003089904785,0.30080002546310425
2021-02-15 21:07:13,-0.00010000000474974513,0.5829000473022461,0.2713000178337097,0.39400002360343933,0.4279000163078308,0.2994000017642975
2021-02-15 21:21:37,0,0.5689000487327576,0.25630003213882446,0.4505000114440918,0.41850000619888306,0.30490002036094666
2021-02-15 21:36:01,-0.00010000000474974513,0.5649000406265259,0.25220000743865967,0.4205000102519989,0.42670002579689026,0.30010002851486206
2021-02-15 21:50:25,0,0.5776000618934631,0.278300017118454,0.39160001277923584,0.41430002450942993,0.3110000193119049
2021-02-15 22:04:49,-0.00010000000474974513,0.5680000185966492,0.26360002160072327,0.41850000619888306,0.41850000619888306,0.3068999946117401
2021-02-15 22:19:13,0,0.5867000222206116,0.2799000144004822,0.3872000277042389,0.42990002036094666,0.3002000153064728
2021-02-15 22:33:37,-0.00010000000474974513,0.5839000344276428,0.26989999413490295,0.421500027179718,0.429500013589859,0.2987000346183777
2021-02-15 22:48:01,0,0.5656000375747681,0.25860002636909485,0.38930004835128784,0.4035000205039978,0.3061000108718872
2021-02-15 23:02:25,-0.00010000000474974513,0.5722000598907471,0.2533000111579895,0.41760003566741943,0.42100003361701965,0.2982000410556793
2021-02-15 23:16:49,0,0.5885000228881836,0.2697000205516815,0.3889000117778778,0.43560001254081726,0.30580002069473267
2021-02-15 23:31:13,-0.00010000000474974513,0.588200032711029,0.25270000100135803,0.3880000114440918,0.43320003151893616,0.2970000207424164
2021-02-15 23:45:37,0,0.5771000385284424,0.266400009393692,0.44290000200271606,0.41880002617836,0.3070000112056732
2021-02-16 00:00:01,0,0.5890000462532043,0.2671000063419342,0.4133000373840332,0.43320003151893616,0.30560001730918884
2021-02-16 00:14:25,0,0.5494000315666199,0.25060001015663147,0.38690000772476196,0.395300030708313,0.30000001192092896
2021-02-16 00:28:49,-0.00010000000474974513,0.5485000014305115,0.24470001459121704,0.38610002398490906,0.4012000262737274,0.2987000346183777
2021-02-16 00:43:13,0,0.557900071144104,0.2591000199317932,0.41060003638267517,0.39260002970695496,0.30720001459121704
2021-02-16 00:57:37,0,0.560200035572052,0.24500000476837158,0.4115000069141388,0.39660003781318665,0.2996000349521637
2021-02-16 01:12:01,-0.00010000000474974513,0.5448000431060791,0.26910001039505005,0.38540002703666687,0.40320003032684326,0.3059000074863434
2021-02-16 01:26:25,-0.00010000000474974513,0.5455000400543213,0.27170002460479736,0.40630003809928894,0.4004000127315521,0.3051000237464905
2021-02-16 01:40:49,0,0.5656000375747681,0.2540000081062317,0.3833000361919403,0.4132000207901001,0.29530003666877747
2021-02-16 01:55:13,-0.00010000000474974513,0.5640000104904175,0.2704000174999237,0.4078000485897064,0.4059000015258789,0.30400002002716064
2021-02-16 02:09:37,0,0.5490000247955322,0.2534000277519226,0.3160000145435333,0.41530004143714905,0.2979000210762024
2021-02-16 02:24:01,0,0.5656000375747681,0.26920002698898315,0.35760003328323364,0.4134000241756439,0.2998000383377075
2021-02-16 02:38:25,0,0.552600085735321,0.2556000053882599,0.3143000304698944,0.4075000286102295,0.30650001764297485
2021-02-16 02:52:49,0,0.5586000680923462,0.2638000249862671,0.3158000409603119,0.411700040102005,0.30640000104904175
2021-02-16 03:07:13,0,0.5446000695228577,0.2775000035762787,0.3393000364303589,0.4050000309944153,0.2981000244617462
2021-02-16 03:21:37,-0.00010000000474974513,0.5458000302314758,0.2835000157356262,0.3410000205039978,0.40890002250671387,0.30570003390312195
2021-02-16 03:36:01,0,0.5825000405311584,0.26190000772476196,0.3099000155925751,0.4158000349998474,0.29530003666877747
2021-02-16 03:50:25,-0.00010000000474974513,0.5807999968528748,0.2923000454902649,0.30889999866485596,0.4181000292301178,0.30720001459121704
2021-02-16 04:04:49,-0.00010000000474974513,0.6282000541687012,0.2639999985694885,0.33810001611709595,0.453900009393692,0.2981000244617462
2021-02-16 04:19:13,0,0.6266000866889954,0.2841000258922577,0.31150001287460327,0.4504000246524811,0.2978000342845917
2021-02-16 04:33:37,-0.00010000000474974513,0.6601000428199768,0.2608000338077545,0.342600017786026,0.48360002040863037,0.30660003423690796
2021-02-16 04:48:01,-0.00010000000474974513,0.6647000312805176,0.26360002160072327,0.342600017786026,0.3307000398635864,0.29910001158714294
2021-02-16 05:02:25,0,0.6227999925613403,0.28380003571510315,0.31290000677108765,0.526900053024292,0.30790001153945923
2021-02-16 05:16:49,-0.00010000000474974513,0.6242000460624695,0.28040000796318054,0.3175000250339508,0.46640002727508545,0.2996000349521637
2021-02-16 05:31:13,0,0.5728000402450562,0.2565000057220459,0.39080002903938293,0.42900002002716064,0.3078000247478485
2021-02-16 05:45:37,-0.00010000000474974513,0.5746000409126282,0.2509000301361084,0.35840001702308655,0.4385000169277191,0.2996000349521637
2021-02-16 06:00:01,0,0.5511000752449036,0.2777000367641449,0.4034000039100647,0.42830005288124084,0.3059000074863434
2021-02-16 06:14:25,-0.00010000000474974513,0.5590000152587891,0.2656000256538391,0.3874000012874603,0.42730003595352173,0.30550000071525574
2021-02-16 06:28:49,0,0.5434000492095947,0.24550001323223114,0.4163000285625458,0.4344000220298767,0.2973000407218933
2021-02-16 06:43:13,0,0.553100049495697,0.2638000249862671,0.39090001583099365,0.4366000294685364,0.2985000014305115
2021-02-16 06:57:37,0,0.5309000611305237,0.23890002071857452,0.438400000333786,0.42900002002716064,0.3050000071525574
2021-02-16 07:12:01,0,0.5426000356674194,0.2624000012874603,0.43710002303123474,0.428600013256073,0.30740001797676086
2021-02-16 07:26:25,0,0.5294000506401062,0.2297000139951706,0.3888000249862671,0.4050000309944153,0.2979000210762024
2021-02-16 07:40:49,0,0.540600061416626,0.22620001435279846,0.38440001010894775,0.40960001945495605,0.2982000410556793
2021-02-16 07:55:13,0,0.5232000350952148,0.2617000341415405,0.4141000211238861,0.4163000285625458,0.30470001697540283
2021-02-16 08:09:37,-0.00010000000474974513,0.5504000782966614,0.23340001702308655,0.4134000241756439,0.4350000321865082,0.2996000349521637
2021-02-16 08:24:01,0,0.516700029373169,0.2687000334262848,0.38380002975463867,0.3744000196456909,0.3075000047683716
2021-02-16 08:38:25,0,0.5259000658988953,0.23730000853538513,0.40390002727508545,0.3684000074863434,0.3004000186920166
2021-02-16 08:52:49,0,0.497700035572052,0.29360002279281616,0.38190001249313354,0.37550002336502075,0.3068000376224518
2021-02-16 09:07:13,0,0.523900032043457,0.2524999976158142,0.3799000084400177,0.37300002574920654,0.2989000082015991
2021-02-16 09:21:37,0,0.5020000338554382,0.2761000096797943,0.40870001912117004,0.36500000953674316,0.3059000074863434
2021-02-16 09:36:01,0,0.5020000338554382,0.25280001759529114,0.41880002617836,0.3621000349521637,0.30420002341270447
2021-02-16 09:50:25,0,0.5217000246047974,0.278300017118454,0.38020002841949463,0.3686000108718872,0.29660001397132874
2021-02-16 10:04:49,-0.00010000000474974513,0.5262000560760498,0.28440001606941223,0.4066000282764435,0.36560001969337463,0.2997000217437744
2021-02-16 10:19:13,0,0.5088000297546387,0.2617000341415405,0.3792000412940979,0.3728000223636627,0.29510003328323364
2021-02-16 10:33:37,0,0.5080000162124634,0.2777000367641449,0.3783000409603119,0.37220004200935364,0.30100002884864807
2021-02-16 10:48:01,0,0.5294000506401062,0.24640001356601715,0.4049000144004822,0.35930004715919495,0.294700026512146
2021-02-16 11:02:25,-0.00010000000474974513,0.523400068283081,0.271200031042099,0.37890002131462097,0.3573000431060791,0.2941000163555145
2021-02-16 11:16:49,0,0.5391000509262085,0.2443000078201294,0.406000018119812,0.366100013256073,0.30010002851486206
2021-02-16 11:31:13,0,0.5399000644683838,0.2753000259399414,0.3823000490665436,0.36740002036094666,0.29580003023147583
2021-02-16 11:45:37,0,0.5247000455856323,0.24800001084804535,0.4280000329017639,0.36000001430511475,0.30170002579689026
2021-02-16 12:00:01,0,0.5237000584602356,0.2564000189304352,0.381600022315979,0.35850000381469727,0.2939000129699707
2021-02-16 12:14:25,0,0.536300003528595,0.27800002694129944,0.46080005168914795,0.3694000244140625,0.3013000190258026
2021-02-16 12:28:49,0,0.5397999882698059,0.2680000066757202,0.42750000953674316,0.3720000088214874,0.29250001907348633
2021-02-16 12:43:13,0,0.5297999978065491,0.2509000301361084,0.38360002636909485,0.36560001969337463,0.29830002784729004
2021-02-16 12:57:37,0,0.5370000004768372,0.2461000233888626,0.40450000762939453,0.3612000346183777,0.30000001192092896
2021-02-16 13:12:01,0,0.5472000241279602,0.2720000147819519,0.37960001826286316,0.3735000193119049,0.2924000024795532
2021-02-16 13:26:25,0.00010000000474974513,0.5422000288963318,0.27549999952316284,0.391400009393692,0.36900001764297485,0.2930000126361847
2021-02-16 13:40:49,0,0.5667999982833862,0.24800001084804535,0.38020002841949463,0.38360002636909485,0.2982000410556793
2021-02-16 13:55:13,0,0.5600000023841858,0.25370001792907715,0.3783999979496002,0.3782000243663788,0.29280003905296326
2021-02-16 14:09:37,0,0.5756000876426697,0.26580002903938293,0.42650002241134644,0.3937000334262848,0.30010002851486206
2021-02-16 14:24:01,-0.00010000000474974513,0.5701000690460205,0.2665000259876251,0.37880003452301025,0.3911000192165375,0.2897000312805176
2021-02-16 14:38:25,0,0.5952000617980957,0.25300002098083496,0.4220000207424164,0.4082000255584717,0.2985000014305115
2021-02-16 14:52:49,0,0.5936000943183899,0.2713000178337097,0.40950003266334534,0.4078000485897064,0.2897000312805176
2021-02-16 15:07:13,0,0.5742999911308289,0.25530001521110535,0.3809000253677368,0.39900001883506775,0.2980000078678131
2021-02-16 15:21:37,-0.00010000000474974513,0.5895000100135803,0.25220000743865967,0.3791000247001648,0.3976000249385834,0.30000001192092896
2021-02-16 15:36:01,0,0.5782999992370605,0.26370003819465637,0.41270002722740173,0.4021000266075134,0.29250001907348633
2021-02-16 15:50:25,0,0.585900068283081,0.2534000277519226,0.4109000265598297,0.40400001406669617,0.2917000353336334
2021-02-16 16:04:49,0,0.5740000009536743,0.270300030708313,0.3831000328063965,0.395300030708313,0.30090001225471497
2021-02-16 16:19:13,-0.00010000000474974513,0.57340008020401,0.25110000371932983,0.3824000060558319,0.38920003175735474,0.29350000619888306
2021-02-16 16:33:37,0,0.5834000706672668,0.26680001616477966,0.42570003867149353,0.4013000428676605,0.2997000217437744
2021-02-16 16:48:01,0,0.5778000354766846,0.2526000142097473,0.3809000253677368,0.40400001406669617,0.2987000346183777
2021-02-16 17:02:25,0,0.5919000506401062,0.26670002937316895,0.4172000288963318,0.3977000415325165,0.2931000292301178
2021-02-16 17:16:49,0,0.5788000226020813,0.2516000270843506,0.3849000036716461,0.398000031709671,0.29180002212524414
2021-02-16 17:31:13,0,0.6442000269889832,0.2671000063419342,0.44060003757476807,0.4759000241756439,0.2994000017642975
2021-02-16 17:45:37,0,0.64000004529953,0.25380000472068787,0.3879000246524811,0.4771000146865845,0.29350000619888306
2021-02-16 18:00:01,0,0.6637000441551208,0.278300017118454,0.4183000326156616,0.4978000521659851,0.29920002818107605
2021-02-16 18:14:25,-0.00010000000474974513,0.6746000647544861,0.2852000296115875,0.38989999890327454,0.49660003185272217,0.2917000353336334
2021-02-16 18:28:49,0,0.6569000482559204,0.27090001106262207,0.41940000653266907,0.5124000310897827,0.3002000153064728
2021-02-16 18:43:13,-0.00010000000474974513,0.6612000465393066,0.28700000047683716,0.44040000438690186,0.5011000037193298,0.2932000160217285
2021-02-16 18:57:37,-0.00010000000474974513,0.6472000479698181,0.270300030708313,0.39000001549720764,0.477400004863739,0.2996000349521637
2021-02-16 19:12:01,0,0.6569000482559204,0.26030004024505615,0.4019000232219696,0.4798000454902649,0.29100000858306885
2021-02-16 19:26:25,-0.00010000000474974513,0.639400064945221,0.27920001745224,0.3883000314235687,0.49080005288124084,0.29910001158714294
2021-02-16 19:40:49,0,0.646600067615509,0.27410000562667847,0.4205000102519989,0.4853000342845917,0.2905000150203705
2021-02-16 19:55:13,0,0.634100079536438,0.2628999948501587,0.38850000500679016,0.4708000421524048,0.2998000383377075
2021-02-16 20:09:37,0,0.6344000697135925,0.2768999934196472,0.38910001516342163,0.4708000421524048,0.29190000891685486
2021-02-16 20:24:01,0,0.650700032711029,0.255700021982193,0.42680004239082336,0.4838000535964966,0.30160000920295715
2021-02-16 20:38:25,-0.00010000000474974513,0.6522000432014465,0.24990002810955048,0.45510002970695496,0.4772000312805176,0.2971000075340271
2021-02-16 20:52:49,0,0.6367999911308289,0.2612000107765198,0.38430002331733704,0.48520004749298096,0.2914000153541565
2021-02-16 21:07:13,-0.00010000000474974513,0.6527000665664673,0.26420003175735474,0.45090001821517944,0.49390003085136414,0.29030004143714905
2021-02-16 21:21:37,0,0.6424000263214111,0.25630003213882446,0.3841000199317932,0.4797000288963318,0.29840001463890076
2021-02-16 21:36:01,-0.00010000000474974513,0.6420000195503235,0.2506999969482422,0.38110002875328064,0.4792000353336334,0.2980000078678131
2021-02-16 21:50:25,0,0.6605000495910645,0.2736000120639801,0.39350003004074097,0.5008000135421753,0.2917000353336334
2021-02-16 22:04:49,-0.00010000000474974513,0.6562000513076782,0.27900001406669617,0.3775000274181366,0.4909000098705292,0.2916000187397003
2021-02-16 22:19:13,0,0.6685000061988831,0.2581000328063965,0.40220004320144653,0.5015000104904175,0.30070003867149353
2021-02-16 22:33:37,-0.00010000000474974513,0.6736000776290894,0.25850000977516174,0.4601000249385834,0.513700008392334,0.2916000187397003
2021-02-16 22:48:01,0,0.6504000425338745,0.2746000289916992,0.3839000165462494,0.4927000403404236,0.2995000183582306
2021-02-16 23:02:25,-0.00010000000474974513,0.662600040435791,0.2581000328063965,0.3895000219345093,0.4970000088214874,0.2906000316143036
2021-02-16 23:16:49,0,0.6431000828742981,0.2836000323295593,0.4312000274658203,0.4781000316143036,0.29590001702308655
2021-02-16 23:31:13,-0.00010000000474974513,0.6379000544548035,0.2817000150680542,0.41280004382133484,0.4871000349521637,0.289900004863739
2021-02-16 23:45:37,0,0.6495000123977661,0.26489999890327454,0.3793000280857086,0.47620004415512085,0.2988000214099884
2021-02-17 00:00:01,-0.00010000000474974513,0.646600067615509,0.2653999924659729,0.3768000304698944,0.4808000326156616,0.29270002245903015
2021-02-17 00:14:25,0,0.6579000353813171,0.281900018453598,0.4277000427246094,0.49820002913475037,0.2998000383377075
2021-02-17 00:28:49,-0.00010000000474974513,0.6449000835418701,0.28120002150535583,0.4132000207901001,0.49830004572868347,0.2969000041484833
2021-02-17 00:43:13,0,0.659000039100647,0.26670002937316895,0.37050002813339233,0.4830000102519989,0.2908000349998474
2021-02-17 00:57:37,0,0.6620000600814819,0.2836000323295593,0.3751000165939331,0.4895000159740448,0.2907000184059143
2021-02-17 01:12:01,0,0.6506000757217407,0.27330002188682556,0.4068000316619873,0.5042000412940979,0.2998000383377075
2021-02-17 01:26:25,0,0.649600088596344,0.27720001339912415,0.41850000619888306,0.499500036239624,0.2970000207424164
2021-02-17 01:40:49,0,0.6657000184059143,0.2524999976158142,0.3712000250816345,0.48930004239082336,0.2892000377178192
2021-02-17 01:55:13,-0.00010000000474974513,0.6511000394821167,0.2559000253677368,0.3961000144481659,0.49080005288124084,0.2908000349998474
2021-02-17 02:09:37,0,0.6807000637054443,0.2645000219345093,0.3006000220775604,0.5139000415802002,0.2987000346183777
2021-02-17 02:24:01,-0.00010000000474974513,0.6827000379562378,0.26600000262260437,0.30080002546310425,0.511400043964386,0.2969000041484833
2021-02-17 02:38:25,0,0.7017000317573547,0.2597000300884247,0.3290000259876251,0.5467000603675842,0.2898000180721283
2021-02-17 02:52:49,-0.00010000000474974513,0.7110000252723694,0.2547000050544739,0.3004000186920166,0.5731000900268555,0.2930000126361847
2021-02-17 03:07:13,0,0.6226000785827637,0.2704000174999237,0.3433000445365906,0.48420003056526184,0.29739999771118164
2021-02-17 03:21:37,0,0.6304000616073608,0.2677000164985657,0.3717000186443329,0.47860002517700195,0.2905000150203705
2021-02-17 03:36:01,0,0.5705000162124634,0.26010000705718994,0.30230003595352173,0.381600022315979,0.2978000342845917
2021-02-17 03:50:25,0,0.6011000871658325,0.25610002875328064,0.30330002307891846,0.4221000373363495,0.28950002789497375
2021-02-17 04:04:49,0,0.5443000197410583,0.27180004119873047,0.3367000222206116,0.33720001578330994,0.2971000075340271
2021-02-17 04:19:13,-0.00010000000474974513,0.5404000282287598,0.2686000168323517,0.3409000039100647,0.332800030708313,0.29180002212524414
2021-02-17 04:33:37,0,0.5619000792503357,0.2946000099182129,0.3061000108718872,0.3505000174045563,0.29910001158714294
2021-02-17 04:48:01,0,0.5683000087738037,0.2698000371456146,0.3086000084877014,0.359000027179718,0.2973000407218933
2021-02-17 05:02:25,0,0.5443000197410583,0.29500001668930054,0.363800048828125,0.3347000181674957,0.2892000377178192
2021-02-17 05:16:49,0,0.5472000241279602,0.2997000217437744,0.3136000335216522,0.3368000388145447,0.2962000370025635
2021-02-17 05:31:13,0,0.5596000552177429,0.2850000262260437,0.3726000189781189,0.35120001435279846,0.29030004143714905
2021-02-17 05:45:37,0,0.5515000224113464,0.2827000319957733,0.3476000130176544,0.3363000452518463,0.28930002450942993
2021-02-17 06:00:01,0,0.5755000114440918,0.30740001797676086,0.4067000448703766,0.35440000891685486,0.296500027179718
2021-02-17 06:14:25,0,0.5582000613212585,0.2979000210762024,0.37540000677108765,0.343500018119812,0.2900000214576721
2021-02-17 06:28:49,0,0.5764999985694885,0.2729000151157379,0.39990001916885376,0.36490002274513245,0.29680004715919495
2021-02-17 06:43:13,0,0.5701000690460205,0.2827000319957733,0.3865000307559967,0.36090001463890076,0.2997000217437744
2021-02-17 06:57:37,0,0.5934000611305237,0.26489999890327454,0.41380003094673157,0.3871000111103058,0.2916000187397003
2021-02-17 07:12:01,0,0.579200029373169,0.28120002150535583,0.3915000259876251,0.3790000081062317,0.29770001769065857
2021-02-17 07:26:25,0,0.5494000315666199,0.25300002098083496,0.4240000247955322,0.35030004382133484,0.2906000316143036
2021-02-17 07:40:49,0,0.5532000660896301,0.24870000779628754,0.3842000365257263,0.3476000130176544,0.2892000377178192
2021-02-17 07:55:13,0,0.5352000594139099,0.27090001106262207,0.43310001492500305,0.3323000371456146,0.2997000217437744
2021-02-17 08:09:37,-0.00010000000474974513,0.5382000207901001,0.24420000612735748,0.3872000277042389,0.3273000419139862,0.2900000214576721
2021-02-17 08:24:01,0,0.5652000308036804,0.2592000365257263,0.4472000300884247,0.35510003566741943,0.30000001192092896
2021-02-17 08:38:25,0,0.5396000742912292,0.24420000612735748,0.41880002617836,0.3246000111103058,0.28710001707077026
2021-02-17 08:52:49,0,0.5679000616073608,0.25940001010894775,0.3841000199317932,0.3540000021457672,0.2995000183582306
2021-02-17 09:07:13,0,0.5609000325202942,0.24650001525878906,0.44370004534721375,0.3509000241756439,0.2896000146865845
2021-02-17 09:21:37,0,0.5459000468254089,0.27170002460479736,0.3842000365257263,0.328900009393692,0.2989000082015991
2021-02-17 09:36:01,0,0.5592000484466553,0.28290000557899475,0.381600022315979,0.3499000072479248,0.2905000150203705
2021-02-17 09:50:25,0,0.5480000376701355,0.2589000165462494,0.4130000174045563,0.3294000029563904,0.3004000186920166
2021-02-17 10:04:49,0,0.5594000220298767,0.2580000162124634,0.42740002274513245,0.32930004596710205,0.2908000349998474
2021-02-17 10:19:13,0,0.5421000719070435,0.278300017118454,0.3773000240325928,0.3466000258922577,0.30070003867149353
2021-02-17 10:33:37,-0.00010000000474974513,0.5412000417709351,0.2768000364303589,0.41100001335144043,0.3258000314235687,0.29090002179145813
2021-02-17 10:48:01,0,0.5557000637054443,0.26420003175735474,0.3765000104904175,0.34170001745224,0.296500027179718
2021-02-17 11:02:25,0,0.5405000448226929,0.2689000070095062,0.4116000235080719,0.31860002875328064,0.2996000349521637
2021-02-17 11:16:49,0,0.5596000552177429,0.28050002455711365,0.37720003724098206,0.3370000123977661,0.29260000586509705
2021-02-17 11:31:13,0,0.5596000552177429,0.2799000144004822,0.3936000168323517,0.332800030708313,0.2969000041484833
2021-02-17 11:45:37,0,0.5416000485420227,0.26370003819465637,0.3783999979496002,0.3466000258922577,0.28770002722740173
2021-02-17 12:00:01,0,0.5600000023841858,0.26830002665519714,0.37040001153945923,0.32770001888275146,0.28930002450942993
2021-02-17 12:14:25,0,0.5013999938964844,0.2510000169277191,0.4268999993801117,0.41360002756118774,0.2980000078678131
2021-02-17 12:28:49,-0.00010000000474974513,0.5481000542640686,0.2670000195503235,0.37380003929138184,0.333700031042099,0.3004000186920166
2021-02-17 12:43:13,0,0.44130003452301025,0.25140002369880676,0.44780004024505615,0.4467000365257263,0.29190000891685486
2021-02-17 12:57:37,0,0.4628000259399414,0.24950000643730164,0.37210002541542053,0.4499000012874603,0.29830002784729004
2021-02-17 13:12:01,0,0.4480000138282776,0.26180002093315125,0.4666000306606293,0.4312000274658203,0.29280003905296326
2021-02-17 13:26:25,0,0.4392000436782837,0.25390002131462097,0.4219000041484833,0.4195000231266022,0.2995000183582306
2021-02-17 13:40:49,0,0.4700000286102295,0.2680000066757202,0.37139999866485596,0.4553000330924988,0.28770002722740173
2021-02-17 13:55:13,-0.00010000000474974513,0.4467000365257263,0.26110002398490906,0.3696000277996063,0.43320003151893616,0.2891000211238861
2021-02-17 14:09:37,0,0.4724000096321106,0.24180001020431519,0.40139999985694885,0.45180004835128784,0.29760003089904785
2021-02-17 14:24:01,-0.00010000000474974513,0.4700000286102295,0.24290001392364502,0.3725000321865082,0.453900009393692,0.289900004863739
2021-02-17 14:38:25,0,0.44930005073547363,0.26360002160072327,0.40320003032684326,0.42520004510879517,0.2973000407218933
2021-02-17 14:52:49,-0.00010000000474974513,0.4594000279903412,0.2510000169277191,0.40330004692077637,0.45340001583099365,0.2892000377178192
2021-02-17 15:07:13,0,0.43460002541542053,0.2612000107765198,0.37330004572868347,0.41750001907348633,0.29920002818107605
2021-02-17 15:21:37,-0.00010000000474974513,0.4553000330924988,0.2542000114917755,0.3726000189781189,0.421500027179718,0.28940001130104065
2021-02-17 15:36:01,0,0.19540001451969147,0.27070003747940063,0.4359000027179718,0.6521000862121582,0.2994000017642975
2021-02-17 15:50:25,-0.00010000000474974513,0.195700004696846,0.25050002336502075,0.3742000162601471,0.8464000821113586,0.2933000326156616
2021-02-17 16:04:49,0,0.42110002040863037,0.27560001611709595,0.4034000039100647,0.603100061416626,0.3005000054836273
2021-02-17 16:19:13,-0.00010000000474974513,0.41200003027915955,0.2633000314235687,0.37860003113746643,0.7522000670433044,0.29180002212524414
2021-02-17 16:33:37,0,0.2831000089645386,0.24860002100467682,0.474200040102005,0.5562999844551086,0.3011000156402588
2021-02-17 16:48:01,-0.00010000000474974513,0.38590002059936523,0.25220000743865967,0.3817000389099121,0.5623000264167786,0.29280003905296326
2021-02-17 17:02:25,0,0.40810003876686096,0.26350000500679016,0.4114000201225281,0.6835000514984131,0.2998000383377075
2021-02-17 17:16:49,-0.00010000000474974513,0.40640002489089966,0.2597000300884247,0.38130003213882446,0.548799991607666,0.29280003905296326
2021-02-17 17:31:13,0,0.2354000210762024,0.27250000834465027,0.4107000231742859,0.6866000890731812,0.2985000014305115
2021-02-17 17:45:37,-0.00010000000474974513,0.23850001394748688,0.26280003786087036,0.4236000180244446,0.5906000733375549,0.3006000220775604
2021-02-17 18:00:01,0,0.2492000013589859,0.2842000126838684,0.38110002875328064,0.5616000890731812,0.2941000163555145
2021-02-17 18:14:25,0,0.25040000677108765,0.2630000114440918,0.3977000415325165,0.5867000222206116,0.2923000454902649
2021-02-17 18:28:49,0,0.23820000886917114,0.2840000092983246,0.383400022983551,0.5491000413894653,0.3012000322341919
2021-02-17 18:43:13,-0.00010000000474974513,0.24160002171993256,0.27549999952316284,0.38350000977516174,0.5397999882698059,0.29200002551078796
2021-02-17 18:57:37,0,0.25110000371932983,0.2645000219345093,0.4196000397205353,0.5576000809669495,0.29760003089904785
2021-02-17 19:12:01,0,0.24090002477169037,0.2662000358104706,0.41610002517700195,0.5318000316619873,0.28880003094673157
2021-02-17 19:26:25,0,0.25110000371932983,0.29030004143714905,0.38270002603530884,0.5577000379562378,0.2962000370025635
2021-02-17 19:40:49,0,0.25050002336502075,0.27980002760887146,0.3815000057220459,0.54830002784729,0.28770002722740173
2021-02-17 19:55:13,0,0.2419000267982483,0.26520001888275146,0.4093000292778015,0.564300000667572,0.29530003666877747
2021-02-17 20:09:37,0,0.24290001392364502,0.28200000524520874,0.4222000241279602,0.5601000785827637,0.2873000204563141
2021-02-17 20:24:01,0,0.25360003113746643,0.26840001344680786,0.38380002975463867,0.5313000082969666,0.2930000126361847
2021-02-17 20:38:25,0,0.25360003113746643,0.2775000035762787,0.41360002756118774,0.5341000556945801,0.2874000072479248
2021-02-17 20:52:49,0,0.2412000149488449,0.26520001888275146,0.37800002098083496,0.5601000785827637,0.2932000160217285
2021-02-17 21:07:13,0.00010000000474974513,0.24230001866817474,0.2751000225543976,0.4262000322341919,0.5573000311851501,0.2941000163555145
2021-02-17 21:21:37,0,0.2524000108242035,0.2613000273704529,0.3761000335216522,0.537600040435791,0.2866000235080719
2021-02-17 21:36:01,0,0.249300017952919,0.2556000053882599,0.3915000259876251,0.5416000485420227,0.2868000268936157
2021-02-17 21:50:25,0,0.24080000817775726,0.27310001850128174,0.372700035572052,0.5083000659942627,0.2939000129699707
2021-02-17 22:04:49,0,0.24370001256465912,0.2677000164985657,0.37060001492500305,0.5370000004768372,0.28870001435279846
2021-02-17 22:19:13,0,0.2533000111579895,0.2531000077724457,0.4010000228881836,0.5658000111579895,0.2931000292301178
2021-02-17 22:33:37,0,0.25060001015663147,0.2580000162124634,0.37080004811286926,0.5621000528335571,0.29580003023147583
2021-02-17 22:48:01,0,0.23900000751018524,0.2737000286579132,0.39990001916885376,0.5773000121116638,0.286700040102005
2021-02-17 23:02:25,0,0.24330002069473267,0.26190000772476196,0.39830005168914795,0.5850000381469727,0.2941000163555145
2021-02-17 23:16:49,0,0.25300002098083496,0.28230002522468567,0.3688000440597534,0.5169000625610352,0.28720003366470337
2021-02-17 23:31:13,-0.00010000000474974513,0.2501000165939331,0.2852000296115875,0.39020001888275146,0.5307999849319458,0.2955000102519989
2021-02-17 23:45:37,0,0.24150000512599945,0.2631000280380249,0.36570003628730774,0.5076000094413757,0.28610002994537354
2021-02-18 00:00:01,0,0.24830001592636108,0.2663000226020813,0.36970004439353943,0.5127000212669373,0.2903999984264374