DateTime,"HARRIS_HE3_ACTIVE_POWER","HARRIS_HE4_ACTIVE_POWER","HARRIS_HE5_ACTIVE_POWER","HARRIS_HW3_ACTIVE_POWER","HARRIS_HW4_ACTIVE_POWER","HARRIS_HW5_ACTIVE_POWER"
2021-08-12 00:00:01,0.9118000268936157,0.8279000520706177,3.4088001251220703,0.6905885934829712,-0.0010231283959001303,1.9035508632659912
2021-08-12 00:14:25,0.7836000919342041,0.7819000482559204,3.439500093460083,0.660243034362793,-0.00233863084577024,1.9156062602996826
2021-08-12 00:28:49,0.9427000284194946,0.7795000076293945,3.413400411605835,0.6595134735107422,-0.0026875659823417664,1.9002611637115479
2021-08-12 00:43:13,0.8317000269889832,0.8085000514984131,3.437500238418579,0.6945745348930359,-0.000851801538374275,1.9095600843429565
2021-08-12 00:57:37,0.7951000928878784,0.8127000331878662,3.4098002910614014,0.6885659098625183,-0.001214915537275374,1.9126185178756714
2021-08-12 01:12:01,0.8622000813484192,0.7729000449180603,3.444200038909912,0.6635986566543579,-0.0024807893205434084,1.9000625610351562
2021-08-12 01:26:25,0.8624000549316406,0.8163000345230103,3.4511003494262695,0.6639659404754639,-0.0025175176560878754,1.9003651142120361
2021-08-12 01:40:49,0.7597000598907471,0.7710000276565552,3.417300224304199,0.7092978954315186,-0.0010513699380680919,1.9138153791427612
2021-08-12 01:55:13,0.870400071144104,0.7851001024246216,3.418800115585327,0.6759248971939087,-0.0007472480647265911,1.9164718389511108
2021-08-12 02:09:37,0.7847000360488892,0.7622000575065613,3.4618000984191895,0.6385970711708069,-0.0025543593801558018,1.8990122079849243
2021-08-12 02:24:01,0.7888000011444092,0.759100079536438,3.4499003887176514,0.6592751145362854,-0.001314666005782783,1.9140515327453613
2021-08-12 02:38:25,0.8349000811576843,0.7907000780105591,3.4879002571105957,0.6335051655769348,-0.0023069290909916162,1.902148723602295
2021-08-12 02:52:49,0.7677000761032104,0.7605000138282776,3.4765002727508545,0.6629692912101746,-0.0012522874167189002,1.9147945642471313
2021-08-12 03:07:13,0.8848000168800354,0.7783000469207764,3.5156002044677734,0.635582685470581,-0.0023079856764525175,1.8988978862762451
2021-08-12 03:21:37,0.8791000843048096,0.7560000419616699,3.5178003311157227,0.6715573668479919,-0.0006051902892068028,1.9116122722625732
2021-08-12 03:36:01,0.7648000121116638,0.7738000154495239,3.4999003410339355,0.6378681063652039,-0.0022417125292122364,1.9000118970870972
2021-08-12 03:50:25,0.7946000695228577,0.7551000714302063,3.5139002799987793,0.7038203477859497,-0.002797920722514391,1.9093027114868164
2021-08-12 04:04:49,0.8492000699043274,0.773300051689148,3.239100217819214,0.6401984691619873,-0.0013021667255088687,1.34135103225708
2021-08-12 04:19:13,0.8351000547409058,0.7829000353813171,3.2651002407073975,0.6408929824829102,-0.0026524141430854797,0.028352923691272736
2021-08-12 04:33:37,0.7725000381469727,0.7520000338554382,0.16620001196861267,0.6749222874641418,-0.0009986672084778547,0.02595193311572075
2021-08-12 04:48:01,0.7928000092506409,0.7484000325202942,0.18850000202655792,0.6605514883995056,-0.002321744104847312,0.026164952665567398
2021-08-12 05:02:25,0.8777000308036804,0.7759000658988953,0.09850000590085983,0.8565239310264587,-0.0007662763819098473,0.02930431254208088
2021-08-12 05:16:49,0.8145000338554382,0.7534000873565674,0.11910000443458557,0.8300513625144958,-0.0029500038363039494,0.028796987608075142
2021-08-12 05:31:13,0.9265000224113464,0.7711000442504883,0.09940000623464584,0.7180629968643188,-0.0012850644998252392,0.025620726868510246
2021-08-12 05:45:37,0.8211000561714172,0.7529000639915466,0.09870000928640366,0.7132012844085693,-0.0028296667151153088,0.025518694892525673
2021-08-12 06:00:01,0.9262000322341919,0.8387000560760498,2.571200132369995,0.7965373396873474,-0.0011974858352914453,0.028001349419355392
2021-08-12 06:14:25,0.8135000467300415,0.8178000450134277,2.307300090789795,0.7151850461959839,-0.0007321643061004579,0.028930259868502617
2021-08-12 06:28:49,0.9741000533103943,0.8791000843048096,2.529100179672241,0.7823231220245361,-0.0028734225779771805,0.025696851313114166
2021-08-12 06:43:13,0.967400074005127,0.8547000288963318,2.5029003620147705,0.7535975575447083,-0.001308705541305244,0.02897442691028118
2021-08-12 06:57:37,0.8557000756263733,0.8245000243186951,2.527900218963623,0.6214845180511475,-0.0028685072902590036,0.026652930304408073
2021-08-12 07:12:01,0.829300045967102,0.8029000759124756,2.5026001930236816,0.645476758480072,-0.0026001580990850925,0.02576530911028385
2021-08-12 07:26:25,1.090000033378601,0.8761000633239746,2.518400192260742,0.7374406456947327,-0.0011140189599245787,0.029220478609204292
2021-08-12 07:40:49,0.8721000552177429,0.8334000706672668,2.530100107192993,0.6500370502471924,-0.0012777963420376182,0.02906714752316475
2021-08-12 07:55:13,1.1361000537872314,0.888200044631958,2.4991002082824707,0.7805389761924744,-0.002594703808426857,0.02607196941971779
2021-08-12 08:09:37,1.1647001504898071,0.8413000106811523,2.524900197982788,0.9339773654937744,-0.000945107196457684,0.02557602897286415
2021-08-12 08:24:01,0.876800000667572,0.9131000638008118,2.4954001903533936,0.6392853260040283,-0.002499963389709592,0.02854354865849018
2021-08-12 08:38:25,0.8742000460624695,0.903700053691864,2.4999003410339355,0.703931450843811,-0.0013531543081626296,0.028447184711694717
2021-08-12 08:52:49,1.1384000778198242,0.8364000916481018,2.5288002490997314,0.61440509557724,-0.0024442148860543966,0.025465909391641617
2021-08-12 09:07:13,0.8597000241279602,0.845300018787384,2.496300220489502,0.6596097350120544,-0.002419284777715802,0.02640814147889614
2021-08-12 09:21:37,1.1352001428604126,0.9098000526428223,2.525700092315674,0.7430718541145325,-0.001143279136158526,0.029000762850046158
2021-08-12 09:36:01,0.8607000708580017,0.8494000434875488,2.5011003017425537,0.6823537945747375,-0.0013066437095403671,0.02859906293451786
2021-08-12 09:50:25,1.107300043106079,0.957800030708313,2.524700164794922,0.8262892365455627,-0.002594549208879471,0.025788383558392525
2021-08-12 10:04:49,0.8560000658035278,0.943600058555603,2.4989001750946045,0.8208837509155273,-0.0009131213300861418,0.025900449603796005
2021-08-12 10:19:13,1.081300139427185,0.8880000710487366,2.534900188446045,0.6945761442184448,-0.0028085203375667334,0.0291157029569149
2021-08-12 10:33:37,0.848300039768219,0.9015000462532043,2.5315001010894775,0.7859651446342468,-0.0012131213443353772,0.029226893559098244
2021-08-12 10:48:01,1.2125000953674316,0.9884000420570374,2.504500150680542,0.6819746494293213,-0.0028011619579046965,0.02602953091263771
2021-08-12 11:02:25,0.8847000598907471,0.9899000525474548,2.5323002338409424,0.7646135091781616,-0.003229898400604725,0.026223689317703247
2021-08-12 11:16:49,1.1308001279830933,0.8997000455856323,2.5061001777648926,0.6712571382522583,-0.0016310198698192835,0.028948651626706123
2021-08-12 11:31:13,1.1369000673294067,0.8929000496864319,2.5093002319335938,0.6831487417221069,-0.0012535821879282594,0.028887595981359482
2021-08-12 11:45:37,0.8981000781059265,0.9795000553131104,2.5383002758026123,0.7802622318267822,-0.0025880313478410244,0.02600906975567341
2021-08-12 12:00:01,0.8875000476837158,0.9038000106811523,2.5313000679016113,0.7684404850006104,-0.0026043185498565435,0.025819992646574974
2021-08-12 12:14:25,1.108700156211853,0.9903000593185425,2.505500078201294,0.6771173477172852,-0.0009444340830668807,0.02847970463335514
2021-08-12 12:28:49,0.8957000374794006,0.9592000842094421,2.5069003105163574,0.7706004977226257,-0.002908980008214712,0.029208866879343987
2021-08-12 12:43:13,1.1287001371383667,0.8955000638961792,2.533600330352783,0.6859292387962341,-0.0011046058498322964,0.025923827663064003
2021-08-12 12:57:37,0.8617000579833984,0.9822000861167908,2.5119001865386963,0.6913297772407532,-0.00137512746732682,0.029105717316269875
2021-08-12 13:12:01,1.197100043296814,0.9120000600814819,2.6556003093719482,0.7872545719146729,-0.0024546890053898096,0.026221366599202156
2021-08-12 13:26:25,0.900700032711029,0.8997000455856323,2.649199962615967,0.8017385005950928,-0.002583705587312579,0.026013609021902084
2021-08-12 13:40:49,1.2192001342773438,0.9698000550270081,2.677300214767456,0.7020680904388428,-0.0010449866531416774,0.02836434543132782
2021-08-12 13:55:13,0.9313000440597534,0.969200074672699,2.665800094604492,0.7110732197761536,-0.0025748638436198235,0.026407312601804733
2021-08-12 14:09:37,1.2908000946044922,0.8860000371932983,2.692800283432007,0.9562564492225647,-0.0014066437724977732,0.02899077720940113
2021-08-12 14:24:01,0.9615000486373901,0.8896000981330872,2.658100128173828,0.9920952320098877,-0.001509169233031571,0.0254905354231596
2021-08-12 14:38:25,1.407400131225586,0.9851000905036926,2.684800148010254,0.6946031451225281,-0.0028069005347788334,0.029347382485866547
2021-08-12 14:52:49,1.297800064086914,0.8870000243186951,2.686500072479248,0.7919106483459473,-0.001599688082933426,0.02849384769797325
2021-08-12 15:07:13,1.0205000638961792,0.9455000162124634,2.658100128173828,0.7063652873039246,-0.002651084214448929,0.026628755033016205
2021-08-12 15:21:37,0.9816001057624817,0.9420000314712524,2.6847000122070312,0.7819796800613403,-0.001099374727346003,0.029198825359344482
2021-08-12 15:36:01,1.325600028038025,0.886400043964386,2.6660001277923584,0.6953673362731934,-0.002479042625054717,0.026685846969485283
2021-08-12 15:50:25,1.3356000185012817,0.8833000063896179,2.6583001613616943,0.7702105045318604,-0.002869234187528491,0.026234492659568787
2021-08-12 16:04:49,0.998400092124939,0.9612000584602356,2.681300163269043,0.6825615167617798,-0.001477396348491311,0.02883637510240078
2021-08-12 16:19:13,1.1317001581192017,0.9407000541687012,2.6720001697540283,0.7529512643814087,-0.0011947540333494544,0.029155798256397247
2021-08-12 16:33:37,0.9402000308036804,0.8754000663757324,2.650700092315674,0.6758012771606445,-0.0027689614798873663,0.02619457058608532
2021-08-12 16:48:01,1.105200171470642,0.8847000598907471,2.6812000274658203,0.6593637466430664,-0.0009186252136714756,0.029126672074198723
2021-08-12 17:02:25,0.9254000782966614,0.9383000135421753,2.6321001052856445,0.7310653328895569,-0.00274190423078835,0.024861106649041176
2021-08-12 17:16:49,1.1991000175476074,0.9499000906944275,2.6556003093719482,0.7446121573448181,-0.0012972308322787285,0.025729110464453697
2021-08-12 17:31:13,0.9203000068664551,0.8532000780105591,2.6301002502441406,0.6639824509620667,-0.0023918121587485075,0.02894878387451172
2021-08-12 17:45:37,1.0764000415802002,0.8692000508308411,2.613300085067749,0.657396137714386,-0.0013604387640953064,0.028499456122517586
2021-08-12 18:00:01,0.9432000517845154,0.9337000846862793,2.633200168609619,0.7476785778999329,-0.0026896060444414616,0.02581516094505787
2021-08-12 18:14:25,0.9416000843048096,0.9372000694274902,2.6361002922058105,0.7238238453865051,-0.0014236846473067999,0.028706928715109825
2021-08-12 18:28:49,1.05020010471344,0.8797000646591187,2.611800193786621,0.6565666198730469,-0.0028419052250683308,0.02579505927860737
2021-08-12 18:43:13,1.085900068283081,0.9664000868797302,2.6401002407073975,0.6755450367927551,-0.003430877812206745,0.025906497612595558
2021-08-12 18:57:37,0.9734000563621521,0.8654000759124756,2.6169002056121826,0.734581708908081,-0.0011494409991428256,0.029247960075736046
2021-08-12 19:12:01,1.0833001136779785,0.8613000512123108,2.6164002418518066,0.7119441032409668,-0.0010662354761734605,0.029511259868741035
2021-08-12 19:26:25,0.9334000945091248,0.9285000562667847,2.512700080871582,0.6551162600517273,-0.0030709458515048027,0.026216691359877586
2021-08-12 19:40:49,0.9219000935554504,0.8726000785827637,2.5320000648498535,0.6587222218513489,-0.001160151557996869,0.026467639952898026
2021-08-12 19:55:13,1.0674000978469849,0.9433000087738037,2.5084002017974854,0.8205984830856323,-0.002681256737560034,0.029030129313468933
2021-08-12 20:09:37,1.0764000415802002,0.9323000311851501,2.5059003829956055,0.8112214803695679,-0.0027712963055819273,0.0261627659201622
2021-08-12 20:24:01,0.9501000642776489,0.8759000897407532,2.5293002128601074,0.7383909821510315,-0.0011979230912402272,0.02842538058757782
2021-08-12 20:38:25,0.9089000821113586,0.9304000735282898,2.50570011138916,0.843491792678833,-0.0010898001492023468,0.026602888479828835
2021-08-12 20:52:49,1.110300064086914,0.8609000444412231,2.5370001792907715,0.7158240675926208,-0.002392265945672989,0.028656842187047005
2021-08-12 21:07:13,1.0518001317977905,0.8944000601768494,2.507500171661377,0.7528618574142456,-0.0006729495944455266,0.026409417390823364
2021-08-12 21:21:37,0.9145000576972961,0.857900083065033,2.5870001316070557,0.6911824941635132,-0.0027395449578762054,0.028692441061139107
2021-08-12 21:36:01,0.9905000329017639,0.8961001038551331,2.603300094604492,0.7432453036308289,-0.002527971286326647,0.028393620625138283
2021-08-12 21:50:25,0.8824000954627991,0.8184000849723816,2.570700168609619,0.6993045210838318,-0.00100053776986897,0.026204438880085945
2021-08-12 22:04:49,0.8836000561714172,0.7976000905036926,2.569000005722046,0.7496197819709778,-0.0011092107743024826,0.0261527169495821
2021-08-12 22:19:13,1.0141000747680664,0.8456000685691833,2.5970001220703125,0.6851221323013306,-0.0024443964939564466,0.028716832399368286
2021-08-12 22:33:37,0.9876000881195068,0.8232000470161438,2.576500177383423,0.6906369924545288,-0.0010579032823443413,0.025543078780174255
2021-08-12 22:48:01,0.8588000535964966,0.7972000241279602,2.596100330352783,0.7254627346992493,-0.002542387694120407,0.029610050842165947
2021-08-12 23:02:25,0.8270000219345093,0.7830000519752502,2.573000192642212,0.6729375123977661,-0.00267503852955997,0.028960954397916794
2021-08-12 23:16:49,0.8825000524520874,0.8660000562667847,2.5995001792907715,0.7270681858062744,-0.0009737334330566227,0.026231827214360237
2021-08-12 23:31:13,0.9086000919342041,0.848300039768219,2.573199987411499,0.6989077925682068,-0.0012178708566352725,0.02957071177661419
2021-08-12 23:45:37,0.8077000379562378,0.7925000190734863,2.614800214767456,0.6717158555984497,-0.0023555620573461056,0.02631671167910099
2021-08-13 00:00:01,0.8814000487327576,0.8321000933647156,2.5723001956939697,0.6524949073791504,-0.0012578408932313323,0.02933734841644764
2021-08-13 00:14:25,0.7631000876426697,0.7808000445365906,2.5967001914978027,0.689153790473938,-0.0024991303216665983,0.026341311633586884
2021-08-13 00:28:49,0.8802000284194946,0.8335000276565552,2.606900215148926,0.689015805721283,-0.001024639350362122,0.026710757985711098
2021-08-13 00:43:13,0.7898000478744507,0.7515000104904175,2.572000026702881,0.6674968600273132,-0.0025694218929857016,0.029356997460126877
2021-08-13 00:57:37,0.7723000049591064,0.7626000642776489,2.6002001762390137,0.6959254741668701,-0.0011802486842498183,0.028714550659060478
2021-08-13 01:12:01,0.8685000538825989,0.8177000284194946,2.564300060272217,0.6575443744659424,-0.002651222748681903,0.025942906737327576
2021-08-13 01:26:25,0.7819000482559204,0.7607000470161438,2.5724003314971924,0.648971676826477,-0.002434622962027788,0.03002004697918892
2021-08-13 01:40:49,0.8648000359535217,0.8175000548362732,2.603100299835205,0.6814034581184387,-0.0012054495746269822,0.026860538870096207
2021-08-13 01:55:13,0.8667000532150269,0.7711000442504883,2.5703001022338867,0.6421247720718384,-0.0013264400186017156,0.026254085823893547
2021-08-13 02:09:37,0.7964000701904297,0.8338000178337097,2.5972001552581787,0.6797564029693604,-0.0025779264979064465,0.029010921716690063
2021-08-13 02:24:01,0.8308000564575195,0.7628000378608704,2.5701003074645996,0.6445217728614807,-0.002336769597604871,0.02633945271372795
2021-08-13 02:38:25,0.7514000535011292,0.7993000149726868,2.615600109100342,0.6678591370582581,-0.000974245835095644,0.02886793203651905
2021-08-13 02:52:49,0.761400043964386,0.7558000087738037,2.618300199508667,0.6407901644706726,-0.002641754923388362,0.025417421013116837
2021-08-13 03:07:13,0.8618000149726868,0.780500054359436,2.5896999835968018,0.668750524520874,-0.001242166617885232,0.02872958965599537
2021-08-13 03:21:37,0.7626000642776489,0.7565000653266907,2.6135001182556152,0.6430220603942871,-0.0023427780251950026,0.026403380557894707
2021-08-13 03:36:01,0.8426000475883484,0.7788000106811523,2.5906002521514893,0.7083420753479004,-0.0008230734965763986,0.029086938127875328
2021-08-13 03:50:25,0.7416000962257385,0.7522000670433044,2.6107001304626465,0.6429392695426941,-0.0011619856813922524,0.025363769382238388
2021-08-13 04:04:49,0.843000054359436,0.7710000276565552,2.593400239944458,0.6880282759666443,-0.002265371149405837,0.02886509895324707
2021-08-13 04:19:13,0.839400053024292,0.7527000308036804,2.61680006980896,0.6500782370567322,-0.002762146759778261,0.025383692234754562
2021-08-13 04:33:37,0.7537000775337219,0.7725000381469727,2.5876002311706543,0.7074766755104065,-0.0011029687011614442,0.029104027897119522
2021-08-13 04:48:01,0.7681000828742981,0.7503000497817993,2.6267001628875732,0.6586903929710388,-0.0023018892388790846,0.02594989910721779
2021-08-13 05:02:25,0.8772000670433044,0.7737000584602356,2.5741002559661865,0.8312462568283081,-0.0009151336853392422,0.029428815469145775
2021-08-13 05:16:49,0.8210000395774841,0.7491000890731812,2.578000068664551,0.7820373177528381,-0.0009722840622998774,0.028875257819890976
2021-08-13 05:31:13,0.8971000909805298,0.7656000852584839,2.4967000484466553,0.7270888686180115,-0.0020809972193092108,0.026115531101822853
2021-08-13 05:45:37,0.9006000757217407,0.754800021648407,2.4952001571655273,0.7650463581085205,-0.001106589799746871,0.028747975826263428
2021-08-13 06:00:01,0.806100070476532,0.8461000919342041,2.529900312423706,0.7142683863639832,-0.0024095659609884024,0.025937624275684357
2021-08-13 06:14:25,0.9281001091003418,0.8688000440597534,2.4971001148223877,0.8163630366325378,-0.0011319686891511083,0.02668672241270542
2021-08-13 06:28:49,0.8152000308036804,0.8237000703811646,2.5225000381469727,0.6981227397918701,-0.0023395013995468616,0.028955504298210144
2021-08-13 06:43:13,0.9271000623703003,0.8391000628471375,2.496500015258789,0.7988678216934204,-0.0024058420676738024,0.02942384034395218
2021-08-13 06:57:37,0.8318000435829163,0.8233000040054321,2.524900197982788,0.6235071420669556,-0.0008259204332716763,0.025633402168750763
2021-08-13 07:12:01,0.8973000049591064,0.800000011920929,2.501500129699707,0.8069487810134888,-0.0022056885063648224,0.026331836357712746
2021-08-13 07:26:25,0.8301000595092773,0.8772000670433044,2.528700113296509,0.6385082006454468,-0.0005134958773851395,0.029455415904521942
2021-08-13 07:40:49,0.838200032711029,0.8201000690460205,2.503000020980835,0.6288613080978394,-0.002499287948012352,0.029538031667470932
2021-08-13 07:55:13,1.0361000299453735,0.8657000660896301,2.5352001190185547,0.6977068781852722,-0.0011243841145187616,0.02712157368659973
2021-08-13 08:09:37,0.8315000534057617,0.815500020980835,2.502200126647949,0.7470045685768127,-0.0025048209354281425,0.029409194365143776
2021-08-13 08:24:01,1.0583001375198364,0.8593000173568726,2.525900363922119,0.6310089826583862,-0.001228736829943955,0.02685444988310337
2021-08-13 08:38:25,0.8563000559806824,0.8212000727653503,2.5280001163482666,0.7482135891914368,-0.0030370038002729416,0.028854280710220337
2021-08-13 08:52:49,1.0665000677108765,0.8903000354766846,2.498800277709961,0.6248828768730164,-0.0011842381209135056,0.026343995705246925
2021-08-13 09:07:13,1.1771000623703003,0.8282999992370605,2.5231001377105713,0.6745389699935913,-0.001444981899112463,0.02605486661195755
2021-08-13 09:21:37,0.8933000564575195,0.8970000147819519,2.4966001510620117,0.7407335042953491,-0.0025598483625799417,0.028181109577417374
2021-08-13 09:36:01,0.8201000690460205,0.9219000935554504,2.5256001949310303,0.8001360893249512,-0.0012214641319587827,0.026368146762251854
2021-08-13 09:50:25,1.0523000955581665,0.854900062084198,2.494300127029419,0.6633272767066956,-0.0025483521167188883,0.028782891109585762
2021-08-13 10:04:49,1.1404000520706177,0.8593000173568726,2.493000030517578,0.7835990786552429,-0.0027713843155652285,0.02871190942823887
2021-08-13 10:19:13,0.8783000111579895,0.9336000680923462,2.5265002250671387,0.6597890257835388,-0.0010667399037629366,0.026124734431505203
2021-08-13 10:33:37,1.115200161933899,0.9481000900268555,2.5044002532958984,0.8032401204109192,-0.001053747721016407,0.026344558224081993
2021-08-13 10:48:01,0.8318000435829163,0.8655000329017639,2.531400203704834,0.7008451819419861,-0.002456245943903923,0.028806954622268677
2021-08-13 11:02:25,0.8682000637054443,0.8718000054359436,2.501199960708618,0.7917857766151428,-0.0028555013705044985,0.02861744910478592
2021-08-13 11:16:49,1.1583001613616943,0.9106000661849976,2.5273001194000244,0.7072552442550659,-0.0009716413333080709,0.026095757260918617
2021-08-13 11:31:13,0.8694000840187073,0.8698000311851501,2.535400152206421,0.6987684965133667,-0.0012601356720551848,0.0289510115981102
2021-08-13 11:45:37,1.084800124168396,0.9460000395774841,2.505300283432007,0.8106949329376221,-0.0026722997426986694,0.026973528787493706
2021-08-13 12:00:01,1.0591000318527222,0.8749000430107117,2.506200075149536,0.7959734797477722,-0.001259879907593131,0.029284808784723282
2021-08-13 12:14:25,0.8713000416755676,0.9353000521659851,2.665400266647339,0.7137132287025452,-0.002606442430987954,0.026694726198911667
2021-08-13 12:28:49,1.079300045967102,0.8711000680923462,2.668400287628174,0.735866367816925,-0.0011508692987263203,0.02636105939745903
2021-08-13 12:43:13,0.8668000102043152,0.9488000273704529,2.6411001682281494,0.8130717277526855,-0.0026850150898098946,0.028625698760151863
2021-08-13 12:57:37,0.8720000386238098,0.9211000800132751,2.663600206375122,0.8016299605369568,-0.002527659758925438,0.028889698907732964
2021-08-13 13:12:01,1.0814000368118286,0.8741000890731812,2.641500234603882,0.7248451113700867,-0.001428118092007935,0.025738371536135674
2021-08-13 13:26:25,1.172200083732605,0.8850000500679016,2.6411001682281494,0.7872661352157593,-0.0026803440414369106,0.024598823860287666
2021-08-13 13:40:49,0.9050000309944153,0.9430000185966492,2.6667001247406006,0.7180813550949097,-0.0008513727807439864,0.02840401604771614
2021-08-13 13:55:13,1.2262001037597656,0.8866000771522522,2.6389002799987793,0.7028851509094238,-0.002885071560740471,0.02610473707318306
2021-08-13 14:09:37,0.9326000809669495,0.9523000121116638,2.6598002910614014,0.7866373658180237,-0.0012964532943442464,0.028487522155046463
2021-08-13 14:24:01,0.9900000691413879,0.8995000720024109,2.6391003131866455,0.8179140090942383,-0.0024429354816675186,0.025608526542782784
2021-08-13 14:38:25,1.2524000406265259,0.9583000540733337,2.664400339126587,0.6905451416969299,-0.0015606870874762535,0.028345996513962746
2021-08-13 14:52:49,1.3089001178741455,0.8972000479698181,2.6394002437591553,0.6964887976646423,-0.0014860181836411357,0.025804299861192703
2021-08-13 15:07:13,0.9916000962257385,0.9882000684738159,2.666900157928467,0.8004253506660461,-0.002348346635699272,0.028803706169128418
2021-08-13 15:21:37,1.0054000616073608,0.8933000564575195,2.6399002075195312,0.7855520248413086,-0.0003267071442678571,0.02542661316692829
2021-08-13 15:36:01,1.30840003490448,0.9470000267028809,2.661100149154663,0.7124183773994446,-0.0026464248076081276,0.028876155614852905
2021-08-13 15:50:25,1.2095000743865967,0.875700056552887,2.6383001804351807,0.8055670857429504,-0.0024842896964401007,0.028448447585105896
2021-08-13 16:04:49,0.951900064945221,0.9952000379562378,2.6621999740600586,0.6870393753051758,-0.0012536213034763932,0.025450339540839195
2021-08-13 16:19:13,1.0564000606536865,0.9547000527381897,2.6717000007629395,0.6976698637008667,-0.0011607474880293012,0.028534049168229103
2021-08-13 16:33:37,0.9364000558853149,0.8702000379562378,2.6438002586364746,0.7894484400749207,-0.0025315964594483376,0.02526853419840336
2021-08-13 16:48:01,1.0770000219345093,0.9048000574111938,2.680100202560425,0.6815540790557861,-0.002743731951341033,0.029000159353017807
2021-08-13 17:02:25,0.920400083065033,0.8561000823974609,2.6339001655578613,0.7814620137214661,-0.001484616775996983,0.026355890557169914
2021-08-13 17:16:49,1.0603001117706299,0.8461000919342041,2.6643002033233643,0.7642673254013062,-0.0013265417655929923,0.02858167700469494
2021-08-13 17:31:13,0.9562000632286072,0.9410000443458557,2.632000207901001,0.6989455819129944,-0.002647858113050461,0.026193346828222275
2021-08-13 17:45:37,0.9380000233650208,0.9203000068664551,2.637200117111206,0.6945908665657043,-0.002675090916454792,0.025362594053149223
2021-08-13 18:00:01,1.51010000705719,0.8503000140190125,2.6647000312805176,0.7684508562088013,-0.0009582509519532323,0.02881987951695919
2021-08-13 18:14:25,1.3888001441955566,0.8517000675201416,2.66260027885437,0.762418806552887,-0.0014405836118385196,0.029153993353247643
2021-08-13 18:28:49,1.4809000492095947,0.9147000312805176,2.6338002681732178,0.6887733936309814,-0.0026901864912360907,0.026031987741589546
2021-08-13 18:43:13,1.3700001239776611,0.9253000020980835,2.659400224685669,0.6944287419319153,-0.0014441267121583223,0.02671956643462181
2021-08-13 18:57:37,1.4818000793457031,0.8546000719070435,2.613800287246704,0.766495406627655,-0.0027759948279708624,0.029665261507034302
2021-08-13 19:12:01,1.4397001266479492,0.8393000364303589,2.626300096511841,0.747885525226593,-0.0013091329019516706,0.03016170859336853
2021-08-13 19:26:25,1.362200140953064,0.9122000336647034,2.513200044631958,0.6808164715766907,-0.002530473517253995,0.026390671730041504
2021-08-13 19:40:49,1.5074001550674438,0.9017000794410706,2.5353002548217773,0.6876335144042969,-0.002410111716017127,0.029947374016046524
2021-08-13 19:55:13,1.3642001152038574,0.8441000580787659,2.5141003131866455,0.8520161509513855,-0.0010164049454033375,0.02649923786520958
2021-08-13 20:09:37,1.3321000337600708,0.8615000247955322,2.5375001430511475,0.7577100992202759,-0.002869846299290657,0.030074136331677437
2021-08-13 20:24:01,1.4481000900268555,0.9447000622749329,2.5109002590179443,0.8231639862060547,-0.001433056895621121,0.026746002957224846
2021-08-13 20:38:25,1.3291000127792358,0.8616001009941101,2.489800214767456,0.7348125576972961,-0.0012245619436725974,0.026839977130293846
2021-08-13 20:52:49,1.4525001049041748,0.8970000147819519,2.660100221633911,0.79486083984375,-0.0027066897600889206,0.02930748276412487
2021-08-13 21:07:13,1.4306000471115112,0.9027000665664673,2.6349003314971924,0.7838315367698669,-0.002408364787697792,0.029162246733903885
2021-08-13 21:21:37,1.306800127029419,0.8589000701904297,2.715200185775757,0.7190077900886536,-0.0010512355947867036,0.02543564885854721
2021-08-13 21:36:01,1.3912001848220825,0.8913000226020813,2.729800224304199,0.7503707408905029,-0.002504968550056219,0.02985571138560772
2021-08-13 21:50:25,1.2725000381469727,0.8229000568389893,2.6867001056671143,0.6925719380378723,-0.0013576173223555088,0.02672629989683628
2021-08-13 22:04:49,1.2803001403808594,0.8476001024246216,2.6923000812530518,0.7632299065589905,-0.0009565844666212797,0.029361382126808167
2021-08-13 22:19:13,1.4361000061035156,0.8115000128746033,2.720900297164917,0.692035436630249,-0.0026675090193748474,0.026472197845578194
2021-08-13 22:33:37,1.27180016040802,0.8377000689506531,2.729800224304199,0.6871320009231567,-0.0014454276533797383,0.030801905319094658
2021-08-13 22:48:01,1.428200125694275,0.7972000241279602,2.7013001441955566,0.734850287437439,-0.00263009499758482,0.026477793231606483
2021-08-13 23:02:25,1.2355000972747803,0.8475000262260437,2.7317001819610596,0.7339618802070618,-0.001326682511717081,0.03019626997411251
2021-08-13 23:16:49,1.3824000358581543,0.7912000417709351,2.704200029373169,0.6928310990333557,-0.0027269278652966022,0.026610594242811203
2021-08-13 23:31:13,1.365800142288208,0.8332000374794006,2.7039003372192383,0.7221018075942993,-0.002800449263304472,0.02627878077328205
2021-08-13 23:45:37,0.8420000672340393,0.797700047492981,2.7372000217437744,0.6792150139808655,-0.0011148874182254076,0.028992436826229095
2021-08-14 00:00:01,0.9081000685691833,0.8490000367164612,2.712900161743164,0.6993976831436157,-0.0013223072746768594,0.029432035982608795
2021-08-14 00:14:25,0.7981000542640686,0.7744000554084778,2.7380001544952393,0.6770996451377869,-0.0028530557174235582,0.02619803510606289
2021-08-14 00:28:49,0.8989000916481018,0.7691000699996948,2.7223002910614014,0.6965794563293457,-0.001458421815186739,0.025910023599863052
2021-08-14 00:43:13,0.8055000305175781,0.7990000247955322,2.744500160217285,0.6590326428413391,-0.003909005317837,0.02931249514222145
2021-08-14 00:57:37,0.8766000866889954,0.8009000420570374,2.721600294113159,0.6745452284812927,-0.0011451325844973326,0.029200641438364983
2021-08-14 01:12:01,0.7856000661849976,0.7701000571250916,2.746500015258789,0.6446642279624939,-0.002561899833381176,0.026169560849666595
2021-08-14 01:26:25,0.8639000654220581,0.8072000741958618,2.7069003582000732,0.7193337082862854,-0.000951411493588239,0.02554216794669628
2021-08-14 01:40:49,0.7864000797271729,0.7735000252723694,2.7504003047943115,0.6427752375602722,-0.0027807585429400206,0.029074417427182198
2021-08-14 01:55:13,0.8712000250816345,0.7966001033782959,2.7476999759674072,0.6940038800239563,-0.0011212045792490244,0.02601446397602558
2021-08-14 02:09:37,0.8043000102043152,0.7645000219345093,2.7128002643585205,0.6422913670539856,-0.002734237117692828,0.029438551515340805
2021-08-14 02:24:01,0.8356000781059265,0.7581000924110413,2.752200126647949,0.6701241135597229,-0.002462340984493494,0.026650456711649895
2021-08-14 02:38:25,0.7607000470161438,0.7795000076293945,2.730800151824951,0.6484808921813965,-0.0012290497543290257,0.02923264354467392
2021-08-14 02:52:49,0.864300012588501,0.7536000609397888,2.750500202178955,0.6383873224258423,-0.0032875912729650736,0.029896646738052368
2021-08-14 03:07:13,0.7704000473022461,0.8211000561714172,2.723100185394287,0.6816571950912476,-0.0011069210013374686,0.025958742946386337
2021-08-14 03:21:37,0.7795000076293945,0.7515000104904175,2.728900194168091,0.7199053168296814,-0.002549065975472331,0.028445621952414513
2021-08-14 03:36:01,0.8642000555992126,0.7712000608444214,2.7546002864837646,0.6426979899406433,-0.001165016321465373,0.0266485083848238
2021-08-14 03:50:25,0.8831000924110413,0.7497000694274902,2.745000123977661,0.7243919968605042,-0.0009808448376134038,0.025025809183716774
2021-08-14 04:04:49,0.7482000589370728,0.7720000147819519,2.7776002883911133,0.6491276025772095,-0.0023408818524330854,0.028776805847883224
2021-08-14 04:19:13,0.7435000538825989,0.773300051689148,2.789900302886963,0.6324060559272766,-0.002413066802546382,0.029401252046227455
2021-08-14 04:33:37,0.8354000449180603,0.7445000410079956,2.4160001277923584,0.6695868968963623,-0.0007495669997297227,0.026365097612142563
2021-08-14 04:48:01,0.7559000849723816,0.7656000852584839,2.438300132751465,0.6584014892578125,-0.0026015283074229956,0.029709264636039734
2021-08-14 05:02:25,0.8669000864028931,0.7457000613212585,2.543400287628174,0.7880271077156067,-0.0010688224574550986,0.026761088520288467
2021-08-14 05:16:49,0.8569000363349915,0.7612000703811646,2.494300127029419,0.8152525424957275,-0.002722191158682108,0.026206765323877335
2021-08-14 05:31:13,0.7919000387191772,0.7398000359535217,2.526700019836426,0.7184944748878479,-0.0012443715240806341,0.028792863711714745
2021-08-14 05:45:37,0.7955000400543213,0.7417000532150269,2.5191001892089844,0.7468211650848389,-0.0011581114958971739,0.026371801272034645
2021-08-14 06:00:01,0.9494000673294067,0.8431000709533691,2.493500232696533,0.6876118183135986,-0.0031269921455532312,0.0290357768535614
2021-08-14 06:14:25,0.8856000900268555,0.8410000205039978,2.5283002853393555,0.7531608939170837,-0.0026087157893925905,0.02586241066455841
2021-08-14 06:28:49,0.7976000905036926,0.8208000063896179,2.4899003505706787,0.6886642575263977,-0.0010927899274975061,0.028804132714867592
2021-08-14 06:43:13,1.0149000883102417,0.8404000401496887,2.5220000743865967,0.7689328789710999,-0.0029763265047222376,0.02906402014195919
2021-08-14 06:57:37,0.7601000666618347,0.8089000582695007,2.4929003715515137,0.6001811027526855,-0.000707859406247735,0.026577023789286613
2021-08-14 07:12:01,0.7647000551223755,0.7911000847816467,2.4939002990722656,0.5903936624526978,-0.002617441350594163,0.026703322306275368
2021-08-14 07:26:25,0.9876000881195068,0.8345000147819519,2.517699956893921,0.6924628019332886,-0.0013879475882276893,0.029102908447384834
2021-08-14 07:40:49,0.7485000491142273,0.8241000771522522,2.496000051498413,0.5693042278289795,-0.002659592777490616,0.025865482166409492
2021-08-14 07:55:13,0.9872000813484192,0.8047000765800476,2.519900321960449,0.7072108387947083,-0.0009984225034713745,0.028597844764590263
2021-08-14 08:09:37,0.9932000637054443,0.8259000778198242,2.5216002464294434,0.6160320043563843,-0.0010631380137056112,0.028152963146567345
2021-08-14 08:24:01,0.7450000643730164,0.8080000281333923,2.4874002933502197,0.7337249517440796,-0.0024806326255202293,0.02632102370262146
2021-08-14 08:38:25,0.7680000066757202,0.8078000545501709,2.523200035095215,0.7481525540351868,-0.002591456286609173,0.028263485059142113
2021-08-14 08:52:49,1.068600058555603,0.8377000689506531,2.491600275039673,0.6317790150642395,-0.0010106574045494199,0.026187727227807045
2021-08-14 09:07:13,0.7497000694274902,0.813800036907196,2.493500232696533,0.6542529463768005,-0.0013014993164688349,0.029027821496129036
2021-08-14 09:21:37,0.9514000415802002,0.8329000473022461,2.5275001525878906,0.7527322769165039,-0.002698437077924609,0.026112034916877747
2021-08-14 09:36:01,0.9742000699043274,0.8210000395774841,2.4944002628326416,0.7730567455291748,-0.0013631479814648628,0.029475288465619087
2021-08-14 09:50:25,0.7259000539779663,0.8478000164031982,2.5236001014709473,0.6625852584838867,-0.0030727777630090714,0.025970788672566414
2021-08-14 10:04:49,0.7332000732421875,0.8260000348091125,2.5271999835968018,0.6419349312782288,-0.002482067560777068,0.02870289236307144
2021-08-14 10:19:13,0.9039000868797302,0.844700038433075,2.497000217437744,0.773910641670227,-0.001320763025432825,0.025441449135541916
2021-08-14 10:33:37,0.7502000331878662,0.825200080871582,2.5220000743865967,0.7274344563484192,-0.00100878591183573,0.029069093987345695
2021-08-14 10:48:01,1.0618001222610474,0.8405000567436218,2.4979002475738525,0.6567741632461548,-0.002373723778873682,0.02613779716193676
2021-08-14 11:02:25,1.0160000324249268,0.8256000876426697,2.4976999759674072,0.7777823805809021,-0.0024732504971325397,0.026092026382684708
2021-08-14 11:16:49,0.7569000720977783,0.8683000206947327,2.530400276184082,0.6551070213317871,-0.0012692419113591313,0.028921281918883324
2021-08-14 11:31:13,1.0139000415802002,0.8787000775337219,2.5001001358032227,0.6549384593963623,-0.0011314062867313623,0.025954632088541985
2021-08-14 11:45:37,0.74590003490448,0.8309000730514526,2.5245001316070557,0.7536424994468689,-0.0028462798800319433,0.028371421620249748
2021-08-14 12:00:01,0.969700038433075,0.8743000030517578,2.5073001384735107,0.7313421368598938,-0.0012361272238194942,0.028213348239660263
2021-08-14 12:14:25,0.7274000644683838,0.82340008020401,2.530900239944458,0.6701276898384094,-0.0025454123970121145,0.025891242548823357
2021-08-14 12:28:49,0.9881001114845276,0.8664000630378723,2.5273001194000244,0.7118033766746521,-0.002301872940734029,0.02897166647017002
2021-08-14 12:43:13,0.7362000346183777,0.8262000679969788,2.503000020980835,0.6316885948181152,-0.0008179452270269394,0.026569074019789696
2021-08-14 12:57:37,0.737000048160553,0.8231000900268555,2.5016002655029297,0.6322356462478638,-0.0009153802529908717,0.0263822078704834
2021-08-14 13:12:01,0.9064000844955444,0.8490000367164612,2.5275001525878906,0.7429798245429993,-0.0024766698479652405,0.02826923131942749
2021-08-14 13:26:25,0.7895000576972961,0.8294000625610352,2.530400276184082,0.7489878535270691,-0.001227700151503086,0.025615336373448372
2021-08-14 13:40:49,1.0378000736236572,0.8530000448226929,2.5019001960754395,0.6606528759002686,-0.0026005322579294443,0.029923979192972183
2021-08-14 13:55:13,0.8241000771522522,0.8319000601768494,2.5061001777648926,0.6651157736778259,-0.0009936847491189837,0.02968311309814453
2021-08-14 14:09:37,1.1385999917984009,0.8525000214576721,2.5313000679016113,0.7305223941802979,-0.002424658741801977,0.026662511751055717
2021-08-14 14:24:01,1.128600001335144,0.862500011920929,2.5128002166748047,0.7127424478530884,-0.002914869925007224,0.0285850428044796
2021-08-14 14:38:25,0.8322000503540039,0.8256000876426697,2.651400327682495,0.6418046355247498,-0.0012298239162191749,0.0258968323469162
2021-08-14 14:52:49,1.0486000776290894,0.8665000200271606,2.639700174331665,0.6406921744346619,-0.0010379074374213815,0.026815714314579964
2021-08-14 15:07:13,0.8456000685691833,0.8274000883102417,2.672100305557251,0.71328204870224,-0.002597900340333581,0.02952583134174347
2021-08-14 15:21:37,1.0227000713348389,0.8347000479698181,2.655400276184082,0.7242630124092102,-0.002533204387873411,0.028849730268120766
2021-08-14 15:36:01,0.8095000386238098,0.9008000493049622,2.691200017929077,0.6171895265579224,-0.0009903962491080165,0.02573000080883503
2021-08-14 15:50:25,0.8318000435829163,0.8497000336647034,2.7021002769470215,0.6377710700035095,-0.0028167858254164457,0.028724679723381996
2021-08-14 16:04:49,0.9553000330924988,0.8307000398635864,2.647900342941284,0.6975640654563904,-0.0014468884328380227,0.02478851191699505
2021-08-14 16:19:13,1.0270999670028687,0.875700056552887,2.6513001918792725,0.6595647931098938,-0.0026582616847008467,0.025617286562919617
2021-08-14 16:33:37,0.9061000943183899,0.8288000226020813,2.6686999797821045,0.7192640900611877,-0.0014147699112072587,0.0281540434807539
2021-08-14 16:48:01,0.9220000505447388,0.8607000708580017,2.6760001182556152,0.706489086151123,-0.002711269073188305,0.026001347228884697
2021-08-14 17:02:25,1.0735000371932983,0.810900092124939,2.6470000743865967,0.646056056022644,-0.0009642266668379307,0.028349043801426888
2021-08-14 17:16:49,1.1298000812530518,0.863800048828125,2.664100170135498,0.6340749859809875,-0.0012825480662286282,0.028574835509061813
2021-08-14 17:31:13,1,0.8224000930786133,2.62280011177063,0.7034788131713867,-0.002504018833860755,0.02585497684776783
2021-08-14 17:45:37,0.9472000598907471,0.8660000562667847,2.645900249481201,0.7160042524337769,-0.0010536574991419911,0.026012573391199112
2021-08-14 18:00:01,1.095400094985962,0.8202000260353088,2.6234002113342285,0.6489766836166382,-0.002776706824079156,0.028458284214138985
2021-08-14 18:14:25,0.957800030708313,0.8095000386238098,2.6095001697540283,0.6605735421180725,-0.0011689142556861043,0.025817355141043663
2021-08-14 18:28:49,1.0992001295089722,0.865600049495697,2.6448001861572266,0.8843070268630981,-0.002458827802911401,0.028739603236317635
2021-08-14 18:43:13,1.109800100326538,0.8470000624656677,2.6456003189086914,0.8335736393928528,-0.002861954504624009,0.0289472546428442
2021-08-14 18:57:37,0.954200029373169,0.8256000876426697,2.5153002738952637,0.889975368976593,-0.0013192193582654,0.025945371016860008
2021-08-14 19:12:01,1.0594000816345215,0.8108000159263611,2.509700059890747,0.842111349105835,-0.0029314521234482527,0.02903357334434986
2021-08-14 19:26:25,0.9025000333786011,0.8517000675201416,2.528900384902954,0.9443656802177429,-0.001445017522200942,0.02687905542552471
2021-08-14 19:40:49,1.0169000625610352,0.8211000561714172,2.5084002017974854,0.9345560073852539,-0.0027270792052149773,0.026364831253886223
2021-08-14 19:55:13,0.886400043964386,0.8670000433921814,2.5363001823425293,0.8398731350898743,-0.001342105446383357,0.028992867097258568
2021-08-14 20:09:37,0.8903000354766846,0.8814000487327576,2.5387001037597656,0.8829014897346497,-0.0011957729002460837,0.026126179844141006
2021-08-14 20:24:01,0.999500036239624,0.8342000246047974,2.5049002170562744,0.8358122706413269,-0.0027499862480908632,0.02880491502583027
2021-08-14 20:38:25,0.8964000940322876,0.8433000445365906,2.508200168609619,0.8052399754524231,-0.0009956960566341877,0.026009541004896164
2021-08-14 20:52:49,0.9923000335693359,0.8650000691413879,2.5963001251220703,0.8572831749916077,-0.002456127665936947,0.029609784483909607
2021-08-14 21:07:13,0.9952000379562378,0.9063000082969666,2.572700023651123,0.8355132341384888,-0.0024918289855122566,0.026129405945539474
2021-08-14 21:21:37,0.865600049495697,0.8437000513076782,2.602400302886963,0.7056045532226562,-0.0013489080592989922,0.02939331717789173
2021-08-14 21:36:01,0.8460000157356262,0.8705000281333923,2.5774002075195312,0.7224779725074768,-0.0028336800169199705,0.02664368785917759
2021-08-14 21:50:25,0.9659000635147095,0.8103000521659851,2.606600284576416,0.6806658506393433,-0.0011436098720878363,0.030067216604948044
2021-08-14 22:04:49,0.8439000844955444,0.8249000906944275,2.5753002166748047,0.7180941104888916,-0.0014015579363331199,0.02556866779923439
2021-08-14 22:19:13,0.9076001048088074,0.8033000230789185,2.604400157928467,0.6734489798545837,-0.0026254632975906134,0.028753353282809258
2021-08-14 22:33:37,0.920400083065033,0.8145000338554382,2.587400197982788,0.691311240196228,-0.0010573501931503415,0.026200836524367332
2021-08-14 22:48:01,0.8397000432014465,0.7957000732421875,2.6132001876831055,0.6600519418716431,-0.002767111174762249,0.028740473091602325
2021-08-14 23:02:25,0.9237000346183777,0.8052999973297119,2.5818002223968506,0.6618533134460449,-0.0027333032339811325,0.029342656955122948
2021-08-14 23:16:49,0.8041000962257385,0.7867000699043274,2.6247000694274902,0.7078306674957275,-0.0014244316844269633,0.026490280404686928
2021-08-14 23:31:13,0.8144000768661499,0.8039000630378723,2.631700038909912,0.6854798197746277,-0.0026149770710617304,0.02922726422548294
2021-08-14 23:45:37,0.8851000666618347,0.7837000489234924,2.599600315093994,0.6653830409049988,-0.0013444521464407444,0.026861418038606644
2021-08-15 00:00:01,0.8738000392913818,0.8056000471115112,2.5993001461029053,0.6616090536117554,-0.002749927341938019,0.029228772968053818
2021-08-15 00:14:25,0.7936000823974609,0.7625000476837158,2.6515002250671387,0.6901251077651978,-0.0015530011150985956,0.026286132633686066
2021-08-15 00:28:49,0.862500011920929,0.7777000665664673,2.6471002101898193,0.6931857466697693,-0.0012663218658417463,0.026148995384573936
2021-08-15 00:43:13,0.7885000109672546,0.7584000825881958,2.403700113296509,0.6560913324356079,-0.0026985888835042715,0.02916579321026802
2021-08-15 00:57:37,0.8879000544548035,0.7480000257492065,2.495500087738037,0.6608847379684448,-0.0013032536953687668,0.026478445157408714
2021-08-15 01:12:01,0.8095000386238098,0.837100088596344,0.10360000282526016,0.6841174364089966,-0.0027491783257573843,0.029015855863690376
2021-08-15 01:26:25,0.8680000305175781,0.7517000436782837,0.11970000714063644,0.6692821383476257,-0.0012667560949921608,0.029054058715701103
2021-08-15 01:40:49,0.7522000670433044,0.7854000329971313,0.09720000624656677,0.6947889924049377,-0.0027365495916455984,0.025686180219054222
2021-08-15 01:55:13,0.8472000360488892,0.7489000558853149,0.13500000536441803,0.6878498792648315,-0.0023861611261963844,0.029491836205124855
2021-08-15 02:09:37,0.7550000548362732,0.781000018119812,0.09220001101493835,0.6551390886306763,-0.0010212413035333157,0.026711050420999527
2021-08-15 02:24:01,0.8546000719070435,0.7699000835418701,0.09520000964403152,0.6934924125671387,-0.0011488021118566394,0.02901911735534668
2021-08-15 02:38:25,0.7628000378608704,0.7461000680923462,0.11910000443458557,0.6534633636474609,-0.0025464175269007683,0.026149792596697807
2021-08-15 02:52:49,0.7357000708580017,0.7672000527381897,0.09450000524520874,0.6559182405471802,-0.0030040168203413486,0.02632019855082035
2021-08-15 03:07:13,0.8548000454902649,0.7488000392913818,0.1161000058054924,0.6919661164283752,-0.0011322281789034605,0.02902393229305744
2021-08-15 03:21:37,0.8278000354766846,0.7588000297546387,0.09220001101493835,0.6520333886146545,-0.0008787347469478846,0.029305821284651756
2021-08-15 03:36:01,0.7499000430107117,0.7398000359535217,0.14320001006126404,0.6784023642539978,-0.0025492964778095484,0.02653784677386284
2021-08-15 03:50:25,0.843500018119812,0.7859000563621521,0.09640000760555267,0.7044932842254639,-0.0010810329113155603,0.028837956488132477
2021-08-15 04:04:49,0.7627000212669373,0.7356000542640686,0.12060000747442245,0.6508489847183228,-0.002615459030494094,0.02650505118072033
2021-08-15 04:19:13,0.7615000605583191,0.7366001009941101,0.11990001052618027,0.6705420613288879,-0.0013171568280085921,0.029092129319906235
2021-08-15 04:33:37,0.8397000432014465,0.7563000321388245,0.0925000011920929,0.6964928507804871,-0.0033039096742868423,0.026913132518529892
2021-08-15 04:48:01,0.7709000706672668,0.7550000548362732,0.1137000098824501,0.6949305534362793,-0.000924066174775362,0.02880350686609745
2021-08-15 05:02:25,0.8781000971794128,0.7353000044822693,0.09750000387430191,0.6662381291389465,-0.0026772450655698776,0.026138238608837128
2021-08-15 05:16:49,0.8946000933647156,0.7565000653266907,0.12520000338554382,0.6951307654380798,-0.0026548593305051327,0.02679900825023651
2021-08-15 05:31:13,0.8119000792503357,0.738800048828125,0.09700000286102295,0.6639523506164551,-0.0011646057246252894,0.028851334005594254
2021-08-15 05:45:37,0.784000039100647,0.7398000359535217,0.09200000762939453,0.6642466187477112,-0.002515562577173114,0.02632048912346363
2021-08-15 06:00:01,0.8905000686645508,0.8300000429153442,0.11350000649690628,0.6881904602050781,-0.0011844958644360304,0.029185215011239052
2021-08-15 06:14:25,0.8895000219345093,0.8135000467300415,0.09590000659227371,0.7298921942710876,-0.002506039571017027,0.028826164081692696
2021-08-15 06:28:49,0.7772000432014465,0.8314000368118286,0.12680001556873322,0.6642818450927734,-0.0012337114894762635,0.02606574259698391
2021-08-15 06:43:13,0.922700047492981,0.8361001014709473,0.09440000355243683,0.6876367330551147,-0.001263319980353117,0.025831691920757294
2021-08-15 06:57:37,0.759600043296814,0.8003000020980835,0.12190000712871552,0.5635225772857666,-0.0026557387318462133,0.028882836923003197
2021-08-15 07:12:01,0.7763000130653381,0.7830000519752502,0.11560000479221344,0.553606390953064,-0.0010122765088453889,0.025508714839816093
2021-08-15 07:26:25,0.8418000340461731,0.8289000391960144,0.09270001202821732,0.5806055665016174,-0.0025636055506765842,0.02930017188191414
2021-08-15 07:40:49,0.9123000502586365,0.8051000833511353,0.11910000443458557,0.5582305788993835,-0.0015424316516146064,0.0262625552713871
2021-08-15 07:55:13,0.7412000298500061,0.8354000449180603,0.09810000658035278,0.6005570888519287,-0.0028634073678404093,0.028454089537262917
2021-08-15 08:09:37,0.8619000911712646,0.8414000868797302,0.09670001268386841,0.5552163124084473,-0.0012788951862603426,0.02832196280360222
2021-08-15 08:24:01,0.7351000905036926,0.8010000586509705,0.12849999964237213,0.6054105162620544,-0.0026020249351859093,0.026035936549305916
2021-08-15 08:38:25,0.8331000804901123,0.8280000686645508,0.0917000100016594,0.6189166307449341,-0.002431333065032959,0.025854941457509995
2021-08-15 08:52:49,0.7191000580787659,0.8027999997138977,2.39840030670166,0.5599256157875061,-0.0007342216558754444,0.028049195185303688
2021-08-15 09:07:13,0.8846001029014587,0.8104000687599182,2.3906002044677734,0.5724952220916748,-0.002785242162644863,0.02591514401137829
2021-08-15 09:21:37,0.7634000778198242,0.8339000344276428,2.479600191116333,0.6057470440864563,-0.0012600141344591975,0.02859482727944851
2021-08-15 09:36:01,0.7590000629425049,0.8498000502586365,2.47760009765625,0.5549301505088806,-0.002863104920834303,0.028546223416924477
2021-08-15 09:50:25,0.858500063419342,0.8139000535011292,2.4508001804351807,0.6316477060317993,-0.0011476915096864104,0.025820735841989517
2021-08-15 10:04:49,0.8858000040054321,0.8251000642776489,2.4451003074645996,0.666420578956604,-0.0009539660532027483,0.02895425632596016
2021-08-15 10:19:13,0.7759000658988953,0.8523000478744507,2.605900287628174,0.5751441121101379,-0.0025951601564884186,0.026096558198332787
2021-08-15 10:33:37,0.8614000678062439,0.8187000751495361,2.5744001865386963,0.5609946250915527,-0.0025460815522819757,0.02857390232384205
2021-08-15 10:48:01,0.7681000828742981,0.8816000819206238,2.6055002212524414,0.6521010994911194,-0.001414970145560801,0.026395272463560104
2021-08-15 11:02:25,0.9482000470161438,0.8294000625610352,2.605300188064575,0.5967870950698853,-0.0012268462451174855,0.026142094284296036
2021-08-15 11:16:49,0.735200047492981,0.8627000451087952,2.578700065612793,0.5686554908752441,-0.0025600562803447247,0.029055971652269363
2021-08-15 11:31:13,0.7934000492095947,0.8379000425338745,2.584900379180908,0.6084797382354736,-0.001138625550083816,0.025227664038538933
2021-08-15 11:45:37,0.9508000612258911,0.8836000561714172,2.723600149154663,0.5592082738876343,-0.002580179600045085,0.0284033864736557
2021-08-15 12:00:01,0.7545000314712524,0.8634000420570374,2.7069003582000732,0.5560036301612854,-0.0025800149887800217,0.02798939123749733
2021-08-15 12:14:25,0.8964000940322876,0.8299000859260559,2.741300106048584,0.6018986701965332,-0.0011846742127090693,0.025905922055244446
2021-08-15 12:28:49,0.7641000747680664,0.8411000967025757,2.722100257873535,0.5689907073974609,-0.0029245815239846706,0.028046468272805214
2021-08-15 12:43:13,0.9656000733375549,0.882900059223175,2.741600275039673,0.6490394473075867,-0.0013071512803435326,0.025843847543001175
2021-08-15 12:57:37,0.8624000549316406,0.8672000765800476,2.7136001586914062,0.5822848677635193,-0.0027788132429122925,0.026414932683110237
2021-08-15 13:12:01,1.0157999992370605,0.8372000455856323,2.739000082015991,0.5393365025520325,-0.0010852367850020528,0.028684528544545174
2021-08-15 13:26:25,0.8675000667572021,0.8695000410079956,2.745800256729126,0.5710628628730774,-0.0009104856289923191,0.026139527559280396
2021-08-15 13:40:49,0.7856000661849976,0.8117000460624695,2.7121002674102783,0.5434146523475647,-0.002480842173099518,0.029706956818699837
2021-08-15 13:55:13,0.8860000371932983,0.8788000345230103,2.7325000762939453,0.5340211391448975,-0.00110323925036937,0.028753094375133514
2021-08-15 14:09:37,0.7802000641822815,0.8477000594139099,2.7120001316070557,0.5625925660133362,-0.00255789328366518,0.026772571727633476
2021-08-15 14:24:01,0.7806000709533691,0.8421000838279724,2.7141001224517822,0.5654365420341492,-0.0013310210779309273,0.025908738374710083
2021-08-15 14:38:25,0.8609000444412231,0.8795000314712524,2.63100004196167,0.54331374168396,-0.002442714525386691,0.029245804995298386
2021-08-15 14:52:49,0.7812000513076782,0.9012000560760498,2.6836001873016357,0.540140688419342,-0.0027851383201777935,0.029137691482901573
2021-08-15 15:07:13,0.9120000600814819,0.8303000330924988,0.20520000159740448,0.5725418925285339,-0.0014783565420657396,0.02621966414153576
2021-08-15 15:21:37,0.937000036239624,0.8223000168800354,0.2428000122308731,0.5469064712524414,-0.002754111075773835,0.029751988127827644
2021-08-15 15:36:01,0.7900000214576721,0.8659000396728516,0.28230002522468567,0.578978419303894,-0.0014417424099519849,0.02700549177825451
2021-08-15 15:50:25,0.8746000528335571,0.8439000844955444,0.29989999532699585,0.5729305148124695,-0.0014128420734778047,0.026761062443256378
2021-08-15 16:04:49,0.7540000081062317,0.8095000386238098,0.22430001199245453,0.5343396067619324,-0.0027791569009423256,0.029249444603919983
2021-08-15 16:19:13,0.8383000493049622,0.8575000166893005,0.25760000944137573,0.5381971001625061,-0.0008834344916976988,0.026007026433944702
2021-08-15 16:33:37,0.7291000485420227,0.8071000576019287,0.2232000082731247,0.5744961500167847,-0.002821281086653471,0.02908417209982872
2021-08-15 16:48:01,0.7137000560760498,0.8437000513076782,0.22520001232624054,0.5863223075866699,-0.002956632524728775,0.02948157675564289
2021-08-15 17:02:25,0.8276000618934631,0.8114000558853149,0.19500000774860382,0.5545599460601807,-0.0011687107617035508,0.025998691096901894
2021-08-15 17:16:49,0.8200000524520874,0.8381000757217407,0.21300001442432404,0.5995051860809326,-0.0008723718347027898,0.025962550193071365
2021-08-15 17:31:13,0.7390000224113464,0.8146000504493713,0.18700000643730164,0.5588135123252869,-0.0025330549106001854,0.029796607792377472
2021-08-15 17:45:37,0.8210000395774841,0.8192000389099121,0.20980001986026764,0.5867667198181152,-0.002527031349018216,0.029013339430093765
2021-08-15 18:00:01,0.7541000843048096,0.8743000030517578,0.1810000091791153,0.5579259395599365,-0.001336510293185711,0.02604196034371853
2021-08-15 18:14:25,0.7411000728607178,0.8248000144958496,0.20500001311302185,0.5914134979248047,-0.002692155772820115,0.026440631598234177
2021-08-15 18:28:49,0.8340000510215759,0.8508000373840332,0.18070000410079956,0.5524827241897583,-0.0012302350951358676,0.028773264959454536
2021-08-15 18:43:13,0.8556000590324402,0.8557000756263733,0.20419999957084656,0.5980675220489502,-0.002728512743487954,0.02842276357114315
2021-08-15 18:57:37,0.745400071144104,0.8175000548362732,0.09780000895261765,0.5694970488548279,-0.0009552769479341805,0.026014016941189766
2021-08-15 19:12:01,0.8385000228881836,0.7990000247955322,0.11260000616312027,0.5869259834289551,-0.001318628084845841,0.026099367067217827
2021-08-15 19:26:25,0.7633000016212463,0.870400071144104,0.09120000898838043,0.56141597032547,-0.002579284366220236,0.029536137357354164
2021-08-15 19:40:49,0.737000048160553,0.8157000541687012,0.09790000319480896,0.5619283318519592,-0.0013395759742707014,0.029418421909213066
2021-08-15 19:55:13,0.8414000868797302,0.8754000663757324,0.16950000822544098,0.6093242764472961,-0.002790179569274187,0.02625705860555172
2021-08-15 20:09:37,0.8436000943183899,0.8036000728607178,0.17390002310276031,0.595382571220398,-0.002563290996477008,0.025430012494325638
2021-08-15 20:24:01,0.7566000819206238,0.8621000647544861,0.14970000088214874,0.562724232673645,-0.0015767809236422181,0.02958061918616295
2021-08-15 20:38:25,0.8666000962257385,0.9085000157356262,0.1503000110387802,0.5693169236183167,-0.0013438514433801174,0.02591991052031517
2021-08-15 20:52:49,0.7422000765800476,0.8308000564575195,0.17830000817775726,0.598564624786377,-0.0028644599951803684,0.02841103821992874
2021-08-15 21:07:13,0.7768000364303589,0.8673000335693359,0.15800000727176666,0.5826613903045654,-0.0026210295036435127,0.029497312381863594
2021-08-15 21:21:37,0.8718000054359436,0.8274000883102417,0.18490001559257507,0.6136282682418823,-0.0013579349033534527,0.025729674845933914
2021-08-15 21:36:01,0.8206000924110413,0.8545000553131104,0.18550001084804535,0.576816201210022,-0.0026718827430158854,0.026093069463968277
2021-08-15 21:50:25,0.7349000573158264,0.8008000254631042,0.1657000035047531,0.616379976272583,-0.0012591656995937228,0.02963360771536827
2021-08-15 22:04:49,0.7990000247955322,0.830500066280365,0.171300008893013,0.5828495025634766,-0.0010743452003225684,0.02867928519845009
2021-08-15 22:19:13,0.7384000420570374,0.786300003528595,0.22430001199245453,0.6296202540397644,-0.0024825637228786945,0.025953589007258415
2021-08-15 22:33:37,0.7172000408172607,0.7770000100135803,0.19600000977516174,0.5988101363182068,-0.001379681401886046,0.02882188931107521
2021-08-15 22:48:01,0.8082000613212585,0.8037000298500061,0.23830001056194305,0.6349022388458252,-0.0024169492535293102,0.025975031778216362
2021-08-15 23:02:25,0.7345000505447388,0.7779000401496887,0.22360001504421234,0.5947914719581604,-0.0009415203821845353,0.024829737842082977
2021-08-15 23:16:49,0.8070000410079956,0.818100094795227,0.2516000270843506,0.6313461661338806,-0.002957037417218089,0.028837408870458603
2021-08-15 23:31:13,0.7362000346183777,0.8027000427246094,0.25760000944137573,0.5891081690788269,-0.002836422063410282,0.026509899646043777
2021-08-15 23:45:37,0.8422000408172607,0.7758000493049622,0.23510001599788666,0.621059000492096,-0.0011810811702162027,0.029358353465795517
2021-08-16 00:00:01,0.8073000311851501,0.8009000420570374,0.26270002126693726,0.6071487069129944,-0.0011719793546944857,0.028990818187594414
2021-08-16 00:14:25,0.7262000441551208,0.7558000087738037,0.23610001802444458,0.6404628157615662,-0.0027325537521392107,0.026647327467799187
2021-08-16 00:28:49,0.804900050163269,0.7701000571250916,0.23600001633167267,0.6061620712280273,-0.002599423984065652,0.02675524540245533
2021-08-16 00:43:13,0.6748000383377075,0.7517000436782837,0.25760000944137573,0.6361243724822998,-0.0010677020763978362,0.02894281968474388
2021-08-16 00:57:37,0.8048000335693359,0.7779000401496887,0.27730002999305725,0.6026411056518555,-0.0033434072975069284,0.02639329992234707
2021-08-16 01:12:01,0.7249000668525696,0.7448000311851501,0.21120001375675201,0.6388531923294067,-0.0011588491033762693,0.02938147634267807
2021-08-16 01:26:25,0.718000054359436,0.766200065612793,0.21450001001358032,0.6372779607772827,-0.0024612986017018557,0.029573624953627586
2021-08-16 01:40:49,0.8130000233650208,0.7414000630378723,0.0942000076174736,0.5960347652435303,-0.0010285454336553812,0.02624882385134697
2021-08-16 01:55:13,0.8146000504493713,0.7741000652313232,0.11290000379085541,0.6048010587692261,-0.002796208020299673,0.029017535969614983
2021-08-16 02:09:37,0.7120000123977661,0.728100061416626,0.08680000901222229,0.6520261168479919,-0.00086724862921983,0.025446100160479546
2021-08-16 02:24:01,0.7860000133514404,0.7252000570297241,0.12250000238418579,0.6028987765312195,-0.0027857962995767593,0.02918129228055477
2021-08-16 02:38:25,0.7035000324249268,0.7418000102043152,0.09200000762939453,0.6413334012031555,-0.0013055738527327776,0.02589697204530239
2021-08-16 02:52:49,0.7893000245094299,0.7298000454902649,0.11340000480413437,0.6011621356010437,-0.0014689982635900378,0.028806107118725777
2021-08-16 03:07:13,0.6940000057220459,0.7699000835418701,0.09230000525712967,0.6417839527130127,-0.0025063708890229464,0.025831054896116257
2021-08-16 03:21:37,0.7750000357627869,0.7365000247955322,0.08940000832080841,0.6318050622940063,-0.0010462194913998246,0.02918068878352642
2021-08-16 03:36:01,0.6959000825881958,0.7575000524520874,0.10920000821352005,0.5931400060653687,-0.00274387514218688,0.026121992617845535
2021-08-16 03:50:25,0.810200035572052,0.7552000284194946,0.09050000458955765,0.6402279734611511,-0.001183811342343688,0.02616726979613304
2021-08-16 04:04:49,0.7270000576972961,0.738800048828125,0.11090000718832016,0.5929383039474487,-0.0027964136097580194,0.029155360534787178
2021-08-16 04:19:13,0.8003000020980835,0.7374000549316406,0.11510000377893448,0.6287978887557983,-0.0028946513775736094,0.025766048580408096
2021-08-16 04:33:37,0.6914000511169434,0.7606000900268555,0.08810000121593475,0.5957746505737305,-0.0014146252069622278,0.02954021841287613
2021-08-16 04:48:01,0.6939000487327576,0.7575000524520874,0.08960000425577164,0.5993061065673828,-0.0025678060483187437,0.028728531673550606
2021-08-16 05:02:25,0.8876000642776489,0.7374000549316406,0.11700000613927841,0.8117319345474243,-0.0014002142706885934,0.025851834565401077
2021-08-16 05:16:49,0.8627000451087952,0.7527000308036804,0.08740000426769257,0.7607230544090271,-0.0027307281270623207,0.028068527579307556
2021-08-16 05:31:13,0.7728000283241272,0.7359000444412231,0.11240001022815704,0.6660267114639282,-0.0009246128029190004,0.026292851194739342
2021-08-16 05:45:37,0.8432000279426575,0.7409000396728516,0.08730001002550125,0.7211704254150391,-0.00278118415735662,0.028673171997070312
2021-08-16 06:00:01,0.7772000432014465,0.8584000468254089,0.28370001912117004,0.673213541507721,-0.001190770766697824,0.025353893637657166
2021-08-16 06:14:25,0.7765000462532043,0.8029000759124756,0.2710000276565552,0.6699762344360352,-0.0013909668195992708,0.025565819814801216
2021-08-16 06:28:49,0.8979000449180603,0.8762000799179077,0.28790000081062317,0.7490509748458862,-0.0029707755893468857,0.02904619835317135
2021-08-16 06:43:13,0.9333000183105469,0.8443000316619873,0.29490000009536743,0.6594842672348022,-0.002604080829769373,0.02580122835934162
2021-08-16 06:57:37,0.7835000157356262,0.7994000911712646,0.27090001106262207,0.780705451965332,-0.001509730238467455,0.028888730332255363
2021-08-16 07:12:01,0.8902000784873962,0.8015000224113464,0.266400009393692,0.7147998809814453,-0.002613424090668559,0.02604682371020317
2021-08-16 07:26:25,0.7852000594139099,0.8576000928878784,0.2868000268936157,0.9239360690116882,-0.0013438501628115773,0.02892649918794632
2021-08-16 07:40:49,0.9217000603675842,0.8632000684738159,0.29510003328323364,0.7031335234642029,-0.0008006349671632051,0.0259185079485178
2021-08-16 07:55:13,0.796500027179718,0.8127000331878662,0.2704000174999237,0.8030547499656677,-0.0030119591392576694,0.028591062873601913
2021-08-16 08:09:37,0.8111000657081604,0.8665000200271606,0.2908000349998474,0.714616596698761,-0.0012799870455637574,0.02834903448820114
2021-08-16 08:24:01,0.9488000273704529,0.8201000690460205,0.2727000117301941,0.8029419183731079,-0.0026773998979479074,0.025729624554514885
2021-08-16 08:38:25,0.812000036239624,0.8221001029014587,0.29590001702308655,0.754157304763794,-0.0013852549018338323,0.02608266845345497
2021-08-16 08:52:49,0.9027000665664673,0.8932000398635864,0.2680000066757202,0.8800271153450012,-0.0025087723042815924,0.029194196686148643
2021-08-16 09:07:13,0.829300045967102,0.8314000368118286,0.29500001668930054,0.7740130424499512,-0.0009172990685328841,0.026588741689920425
2021-08-16 09:21:37,1.042700171470642,0.887700080871582,0.27170002460479736,0.8815870881080627,-0.0028442624025046825,0.029174773022532463
2021-08-16 09:36:01,1.1069999933242798,0.8503000140190125,0.29420003294944763,0.8749843239784241,-0.0026741400361061096,0.028687212616205215
2021-08-16 09:50:25,0.7851001024246216,0.9346000552177429,0.2696000337600708,0.7951475977897644,-0.0011447641300037503,0.025937573984265327
2021-08-16 10:04:49,0.8321000933647156,0.8673000335693359,0.27080002427101135,0.8790493607521057,-0.0026782064232975245,0.028416406363248825
2021-08-16 10:19:13,1.0668001174926758,0.9679000973701477,0.29910001158714294,0.7303017377853394,-0.001231326605193317,0.025833675637841225
2021-08-16 10:33:37,0.8070000410079956,0.963200032711029,0.2760000228881836,0.8210312724113464,-0.0011831213487312198,0.025658676400780678
2021-08-16 10:48:01,1.0500999689102173,0.8845000267028809,0.3881000280380249,0.7201462388038635,-0.002673604292795062,0.028790784999728203
2021-08-16 11:02:25,0.8629000782966614,0.8776000738143921,0.37210002541542053,0.694593071937561,-0.001260170596651733,0.025081492960453033
2021-08-16 11:16:49,1.1226000785827637,0.9223000407218933,0.42240002751350403,0.8139976859092712,-0.0027949067298322916,0.028278591111302376
2021-08-16 11:31:13,0.9900000691413879,0.872200071811676,0.39990001916885376,0.8454645872116089,-0.0009417903493158519,0.025260256603360176
2021-08-16 11:45:37,0.8663000464439392,0.9455000162124634,2.697500228881836,0.7583411931991577,-0.002982259262353182,0.028935113921761513
2021-08-16 12:00:01,0.8459000587463379,0.8725000619888306,2.401700019836426,0.8595106601715088,-0.00302851852029562,0.02587106265127659
2021-08-16 12:14:25,1.0957001447677612,0.9279000759124756,2.638500213623047,0.7797941565513611,0.000025064422516152263,0.028505906462669373
2021-08-16 12:28:49,0.8940000534057617,0.8694000840187073,2.585700035095215,0.7735041379928589,-0.0010974316392093897,0.02531675063073635
2021-08-16 12:43:13,1.0607001781463623,0.9325000643730164,2.6204001903533936,0.8669561147689819,-0.00249195727519691,0.028598444536328316
2021-08-16 12:57:37,0.9831000566482544,0.8726000785827637,2.61460018157959,0.7621328234672546,-0.002691711997613311,0.026118190959095955
2021-08-16 13:12:01,0.8706001043319702,0.9463000297546387,2.5701003074645996,0.8438263535499573,-0.0011729005491361022,0.028479229658842087
2021-08-16 13:26:25,0.8764000535011292,0.9494000673294067,2.561300277709961,0.7565256357192993,-0.0012373379431664944,0.028784802183508873
2021-08-16 13:40:49,1.1886000633239746,0.884100079536438,2.590700149536133,0.8539310693740845,-0.0025328686460852623,0.026462242007255554
2021-08-16 13:55:13,0.9165000319480896,0.8849000930786133,2.5898001194000244,0.7531442046165466,-0.0014644002076238394,0.029085811227560043
2021-08-16 14:09:37,1.15910005569458,0.9457000494003296,2.566699981689453,0.8594962358474731,-0.0029336793813854456,0.026165900751948357
2021-08-16 14:24:01,1.2294000387191772,0.8824000954627991,2.5661001205444336,0.8484491109848022,-0.003183437045663595,0.0266510508954525
2021-08-16 14:38:25,0.901400089263916,0.9123000502586365,2.593900203704834,0.7453470230102539,-0.0006066582864150405,0.029811879619956017
2021-08-16 14:52:49,0.9363000392913818,0.8560000658035278,2.592400312423706,0.8464137315750122,-0.002519790083169937,0.028814129531383514
2021-08-16 15:07:13,1.1945000886917114,0.9325000643730164,2.571200132369995,0.7329556345939636,-0.0010607553413137794,0.02620667964220047
2021-08-16 15:21:37,1.1877001523971558,0.9284000396728516,2.5925002098083496,0.7123572826385498,-0.0030231792479753494,0.02660396136343479
2021-08-16 15:36:01,0.969700038433075,0.8685000538825989,2.5696001052856445,0.8015760183334351,-0.001013783854432404,0.028898628428578377
2021-08-16 15:50:25,0.9625000357627869,0.8750000596046448,2.566699981689453,0.7419876456260681,-0.0010123613756150007,0.028098391368985176
2021-08-16 16:04:49,1.0700000524520874,0.9462000727653503,2.593900203704834,0.690537691116333,-0.0025742093566805124,0.026007676497101784
2021-08-16 16:19:13,0.921000063419342,0.8655000329017639,2.5937001705169678,0.7337581515312195,-0.0011019933735951781,0.026273179799318314
2021-08-16 16:33:37,1.2568000555038452,0.9269000887870789,2.566200017929077,0.6895750164985657,-0.0026864539831876755,0.02906898222863674
2021-08-16 16:48:01,1.2317001819610596,0.9546000957489014,2.588400363922119,0.753170371055603,-0.001121880835853517,0.025757480412721634
2021-08-16 17:02:25,0.9310000538825989,0.8677000403404236,2.5631003379821777,0.6717435121536255,-0.0027002862188965082,0.02947959490120411
2021-08-16 17:16:49,0.9904000759124756,0.8634000420570374,2.5728001594543457,0.6647385954856873,-0.0011860945960506797,0.0284323301166296
2021-08-16 17:31:13,0.8835000395774841,0.935900092124939,2.5910000801086426,0.7374828457832336,-0.002509180223569274,0.025878090411424637
2021-08-16 17:45:37,0.9050000309944153,0.8527000546455383,2.5987000465393066,0.7160661220550537,-0.0013376208953559399,0.026600487530231476
2021-08-16 18:00:01,1.1391000747680664,0.9042000770568848,2.575700044631958,0.6864136457443237,-0.0025521405041217804,0.029023097828030586
2021-08-16 18:14:25,0.9086000919342041,0.9207000732421875,2.5992000102996826,0.6835711002349854,-0.0026957306545227766,0.025842081755399704
2021-08-16 18:28:49,1.006700038909912,0.8499000668525696,2.5684003829956055,0.7202444076538086,-0.0013471035053953528,0.02931358851492405
2021-08-16 18:43:13,0.9073000550270081,0.9170000553131104,2.602900266647339,0.7155447602272034,-0.001040441682562232,0.02886195108294487
2021-08-16 18:57:37,1.0092999935150146,0.841200053691864,2.550100326538086,0.6721060872077942,-0.002477121539413929,0.026386672630906105
2021-08-16 19:12:01,1.0745000839233398,0.9185000658035278,2.526900291442871,0.6803281903266907,-0.002521102549508214,0.026882853358983994
2021-08-16 19:26:25,0.9053000211715698,0.8352000713348389,3.316200017929077,0.6358458995819092,-0.0011815085308626294,1.8920276165008545
2021-08-16 19:40:49,1.0017000436782837,0.8396000862121582,3.2915000915527344,0.6722373962402344,-0.0012829999905079603,1.9151777029037476
2021-08-16 19:55:13,0.9043000340461731,0.895300030708313,3.315300226211548,0.7691258192062378,-0.002544197952374816,1.9039932489395142
2021-08-16 20:09:37,1.006700038909912,0.8677000403404236,3.2838001251220703,0.7856247425079346,-0.002655811607837677,1.9133862257003784
2021-08-16 20:24:01,0.8789000511169434,0.9155000448226929,3.3122000694274902,0.7379197478294373,-0.0007995448540896177,1.9025123119354248
2021-08-16 20:38:25,0.9648000597953796,0.8601000905036926,3.290600299835205,0.7261110544204712,-0.0028964243829250336,1.9130231142044067
2021-08-16 20:52:49,0.8627000451087952,0.891800045967102,3.312500238418579,0.7606570720672607,-0.0012736805947497487,1.900880217552185
2021-08-16 21:07:13,0.8530000448226929,0.9106000661849976,3.292800188064575,0.7208987474441528,-0.0011783374939113855,1.896191120147705
2021-08-16 21:21:37,0.9302000403404236,0.8711000680923462,3.382000207901001,0.7570603489875793,-0.0025019608438014984,1.9164379835128784
2021-08-16 21:36:01,0.949600100517273,0.901900053024292,3.3552000522613525,0.7524471879005432,-0.0011099936673417687,1.915185570716858
2021-08-16 21:50:25,0.8314000368118286,0.8334000706672668,3.3818001747131348,0.729126513004303,-0.0024706185795366764,1.9001978635787964
2021-08-16 22:04:49,0.8149000406265259,0.8596000671386719,3.3538002967834473,0.7595191597938538,-0.0026371364947408438,1.9015588760375977
2021-08-16 22:19:13,0.9970000386238098,0.7984000444412231,3.3883001804351807,0.7259197235107422,-0.0012015295214951038,1.9147120714187622
2021-08-16 22:33:37,1.0088000297546387,0.8479000926017761,3.3707001209259033,0.7908268570899963,-0.0008421341772191226,1.904781460762024
2021-08-16 22:48:01,0.8563000559806824,0.8149000406265259,3.3978002071380615,0.7244702577590942,-0.002470795763656497,1.9148783683776855
2021-08-16 23:02:25,0.9495000243186951,0.8106001019477844,3.3761003017425537,0.7487599849700928,-0.0010050019482150674,1.9161003828048706
2021-08-16 23:16:49,0.8198000192642212,0.8626000881195068,3.4001002311706543,0.7202768921852112,-0.0028517860919237137,1.90346097946167
2021-08-16 23:31:13,0.8174000382423401,0.8335000276565552,3.3996002674102783,0.7675471305847168,-0.0027671493589878082,1.9166373014450073
2021-08-16 23:45:37,0.9020000696182251,0.8039000630378723,3.3625001907348633,0.7165741324424744,-0.0012074377154931426,1.8976199626922607
2021-08-17 00:00:01,0.8195000290870667,0.8166000843048096,3.3973002433776855,0.7234542965888977,-0.000956808915361762,1.9020049571990967
2021-08-17 00:14:25,0.8911001086235046,0.7868000268936157,3.37280011177063,0.7494338750839233,-0.002562827430665493,1.9114646911621094
2021-08-17 00:28:49,0.8626000881195068,0.7825000286102295,3.398200035095215,0.7617415189743042,-0.0013616009382531047,1.9125463962554932
2021-08-17 00:43:13,0.7649000883102417,0.8415000438690186,3.365300178527832,0.736767053604126,-0.002392466412857175,1.8948001861572266
2021-08-17 00:57:37,0.844700038433075,0.7775000333786011,3.3674004077911377,0.7574218511581421,-0.0025952032301574945,1.9087638854980469
2021-08-17 01:12:01,0.7637000679969788,0.7953000068664551,3.4013001918792725,0.7107337117195129,-0.0014315620064735413,1.8997042179107666
2021-08-17 01:26:25,0.7707000374794006,0.7802000641822815,3.365800142288208,0.7424514889717102,-0.0023702895268797874,1.910061240196228
2021-08-17 01:40:49,0.8409000635147095,0.7986000776290894,3.4005000591278076,0.7119908928871155,-0.0013041102793067694,1.8991152048110962
2021-08-17 01:55:13,0.8475000262260437,0.7952000498771667,3.3766002655029297,0.7298644781112671,-0.001022888463921845,1.8987537622451782
2021-08-17 02:09:37,0.7678000330924988,0.7559000849723816,3.35010027885437,0.6996580958366394,-0.002428977517411113,1.9098021984100342
2021-08-17 02:24:01,0.7509000897407532,0.765500009059906,3.3823001384735107,0.7058107852935791,-0.0010466024978086352,1.9101003408432007
2021-08-17 02:38:25,0.8407000303268433,0.7511000633239746,3.351900339126587,0.7274883389472961,-0.002729682018980384,1.8776687383651733
2021-08-17 02:52:49,0.759100079536438,0.74590003490448,3.35040020942688,0.7068840265274048,-0.002478592796251178,1.8537359237670898
2021-08-17 03:07:13,0.8380000591278076,0.7691000699996948,3.3906002044677734,0.7301921248435974,-0.0007830425165593624,1.9110661745071411
2021-08-17 03:21:37,0.8458000421524048,0.7715000510215759,3.3722000122070312,0.725715160369873,-0.0026110736653208733,1.9094183444976807
2021-08-17 03:36:01,0.7488000392913818,0.7442000508308411,3.4108002185821533,0.7079334855079651,-0.0008462467230856419,1.897325038909912
2021-08-17 03:50:25,0.7524000406265259,0.7654000520706177,3.39840030670166,0.7626027464866638,-0.0010840898612514138,1.9054194688796997
2021-08-17 04:04:49,0.862000048160553,0.7465000152587891,3.353100299835205,0.7142089009284973,-0.002343724714592099,1.6358253955841064
2021-08-17 04:19:13,0.8255000114440918,0.7657000422477722,3.356900215148926,0.7092298269271851,-0.0011976727982982993,1.6367722749710083
2021-08-17 04:33:37,0.762100100517273,0.737500011920929,3.2788002490997314,0.7385265827178955,-0.002771149855107069,1.7884324789047241
2021-08-17 04:48:01,0.7549000382423401,0.7615000605583191,3.3106002807617188,0.7172021865844727,-0.0011791230645030737,1.7905112504959106
2021-08-17 05:02:25,0.8860000371932983,0.7386000752449036,3.2761001586914062,0.9263957142829895,-0.002569592325016856,1.761222243309021
2021-08-17 05:16:49,0.7797999978065491,0.7576000690460205,3.296400308609009,0.8936752676963806,-0.0024214917793869972,1.7821142673492432
2021-08-17 05:31:13,0.8901000618934631,0.7394000887870789,3.2750000953674316,0.7800737619400024,-0.0010984644759446383,1.8331010341644287
2021-08-17 05:45:37,0.803100049495697,0.8604000806808472,3.2751002311706543,0.7761412858963013,-0.0011881819227710366,1.8491562604904175
2021-08-17 06:00:01,0.9155000448226929,0.7235000133514404,3.3077001571655273,0.8828060030937195,-0.0029978761449456215,1.7915245294570923
2021-08-17 06:14:25,0.815000057220459,0.8170000314712524,3.3049004077911377,0.7651606202125549,-0.0009112883126363158,1.7980685234069824
2021-08-17 06:28:49,0.9394000768661499,0.9377000331878662,3.2745001316070557,0.8394913077354431,-0.003296901471912861,1.9081363677978516
2021-08-17 06:43:13,1.0011000633239746,0.868100106716156,3.29610013961792,0.8683700561523438,-0.0025833328254520893,1.8818072080612183
2021-08-17 06:57:37,0.8222000598907471,0.8089000582695007,3.2731001377105713,0.6797488927841187,-0.0013794067781418562,1.9130194187164307
2021-08-17 07:12:01,0.9451000690460205,0.7993000149726868,3.2989003658294678,0.6895197033882141,-0.002461401280015707,1.909123420715332
2021-08-17 07:26:25,0.8268000483512878,0.8440000414848328,3.268700122833252,0.7519408464431763,-0.0011060463730245829,1.8997153043746948
2021-08-17 07:40:49,0.8634000420570374,0.8801000714302063,3.2761001586914062,0.7130445241928101,-0.002730877371504903,1.9087817668914795
2021-08-17 07:55:13,1.1188000440597534,0.8163000345230103,3.300600290298462,0.8406451344490051,-0.0012837540125474334,1.8961927890777588
2021-08-17 08:09:37,1.1263000965118408,0.8219000697135925,3.270900249481201,0.8347216248512268,-0.0012224476085975766,1.9078445434570312
2021-08-17 08:24:01,0.8365000486373901,0.9272000789642334,3.306300163269043,0.7634907364845276,-0.00269358791410923,1.89714777469635
2021-08-17 08:38:25,0.889400064945221,0.8284000754356384,3.301300287246704,0.8297502398490906,-0.00268085696734488,1.907012701034546
2021-08-17 08:52:49,1.116300106048584,0.9048000574111938,0.8030000329017639,0.7449593544006348,-0.001307203434407711,0.025118375197052956
2021-08-17 09:07:13,1.1733001470565796,0.8459000587463379,2.177300214767456,0.7448537349700928,-0.002585062989965081,0.028657935559749603
2021-08-17 09:21:37,0.8969000577926636,0.907200038433075,2.4824001789093018,0.8765423893928528,-0.0014675770653411746,0.02581755816936493
2021-08-17 09:36:01,1.1220000982284546,0.8627000451087952,2.4394001960754395,0.752522885799408,-0.002711582463234663,0.028843890875577927
2021-08-17 09:50:25,0.868600070476532,0.9670000672340393,2.5810000896453857,0.9055951237678528,-0.0012267825659364462,0.025849390774965286
2021-08-17 10:04:49,0.8512000441551208,0.8825000524520874,2.5721001625061035,0.8699666857719421,-0.0028296606615185738,0.03003642149269581
2021-08-17 10:19:13,1.1019001007080078,0.9607000350952148,2.540800094604492,0.7516657710075378,-0.0013102705124765635,0.02583680860698223
2021-08-17 10:33:37,1.0683001279830933,0.8867000341415405,2.5316002368927,0.8960590958595276,-0.0026488753501325846,0.025171972811222076
2021-08-17 10:48:01,0.889400064945221,0.938800036907196,2.5681002140045166,0.7664364576339722,-0.0012200475903227925,0.02858111821115017
2021-08-17 11:02:25,0.8657000660896301,0.8963000178337097,2.538400173187256,0.8219877481460571,-0.0008657520520500839,0.028432831168174744
2021-08-17 11:16:49,1.156599998474121,0.95250004529953,2.5639002323150635,0.7487664818763733,-0.0025089201517403126,0.02558322250843048
2021-08-17 11:31:13,0.8737000823020935,0.9843000173568726,2.5676002502441406,0.7740339636802673,-0.0008822695817798376,0.025771137326955795
2021-08-17 11:45:37,1.1161000728607178,0.8880000710487366,2.5460000038146973,0.8737592697143555,-0.002354589756578207,0.028999382629990578
2021-08-17 12:00:01,1.1636000871658325,0.8981000781059265,2.5510001182556152,0.89165198802948,-0.002756634959951043,0.026342475786805153
2021-08-17 12:14:25,0.9053000211715698,0.9727000594139099,2.598400354385376,0.759201169013977,-0.0012403068831190467,0.028942035511136055
2021-08-17 12:28:49,0.8920000195503235,0.9671000838279724,2.5861001014709473,0.7847877144813538,-0.0025290679186582565,0.025854116305708885
2021-08-17 12:43:13,1.0868000984191895,0.9002000689506531,2.568000078201294,0.8671059608459473,-0.0011551997158676386,0.02868937887251377
2021-08-17 12:57:37,0.9340000152587891,0.8907000422477722,2.6030001640319824,0.8724586367607117,-0.002372634131461382,0.028797514736652374
2021-08-17 13:12:01,1.154900074005127,0.9669000506401062,2.571500062942505,0.7660619020462036,-0.0009256913908757269,0.025995779782533646
2021-08-17 13:26:25,0.9549000859260559,0.9698000550270081,2.5992000102996826,0.7729517817497253,-0.0023679339792579412,0.02548367902636528
2021-08-17 13:40:49,1.256500005722046,0.8978000283241272,2.570700168609619,0.8560943603515625,-0.0013137654168531299,0.028522081673145294
2021-08-17 13:55:13,1.1874001026153564,0.9386000633239746,2.599400281906128,0.7798464894294739,-0.0023381931241601706,0.025828098878264427
2021-08-17 14:09:37,0.9433000087738037,0.9057000279426575,2.5738000869750977,0.8717749714851379,-0.0011194221442565322,0.028075121343135834
2021-08-17 14:24:01,0.9511001110076904,0.8782000541687012,2.598600149154663,0.779358983039856,-0.0007603898993693292,0.025354532524943352
2021-08-17 14:38:25,1.2444000244140625,0.9473000168800354,2.5708000659942627,0.8810549378395081,-0.002590849297121167,0.028327737003564835
2021-08-17 14:52:49,1.2727001905441284,0.963200032711029,2.6090002059936523,0.870742917060852,-0.002480151131749153,0.025221651419997215
2021-08-17 15:07:13,0.9173000454902649,0.8954000473022461,2.5831003189086914,0.7687609791755676,-0.0011369859566912055,0.02893287129700184
2021-08-17 15:21:37,1.0090000629425049,0.9422000646591187,2.6212000846862793,0.7758917808532715,-0.0012424866436049342,0.028827093541622162
2021-08-17 15:36:01,1.2700001001358032,0.8874000906944275,2.579200029373169,0.9329590201377869,-0.0027321733068674803,0.025954434648156166
2021-08-17 15:50:25,1.2544001340866089,0.8857000470161438,2.5805001258850098,0.8486018180847168,-0.0014536069938912988,0.025619378313422203
2021-08-17 16:04:49,0.9761000871658325,0.9426000714302063,2.6226999759674072,0.7572268843650818,-0.0028311044443398714,0.028400136157870293
2021-08-17 16:19:13,1.2529001235961914,0.9485000371932983,2.6057000160217285,0.7584310173988342,-0.0027024976443499327,0.0283657219260931
2021-08-17 16:33:37,0.9979000687599182,0.8826000690460205,2.6413002014160156,0.8473796248435974,-0.0009443277376703918,0.025757750496268272
2021-08-17 16:48:01,1.169100046157837,0.9354000687599182,2.603800058364868,0.8415232300758362,-0.0025347929913550615,0.028583666309714317
2021-08-17 17:02:25,0.8944000601768494,0.8866000771522522,2.639000177383423,0.7451534271240234,-0.0013336697593331337,0.025428155437111855
2021-08-17 17:16:49,1.1362000703811646,0.9223000407218933,2.632000207901001,0.7417917251586914,-0.002740313299000263,0.02883715182542801
2021-08-17 17:31:13,0.9310000538825989,0.8737000823020935,2.5649001598358154,0.8135054707527161,-0.001490892842411995,0.02629585564136505
2021-08-17 17:45:37,1.0335999727249146,0.8583000302314758,2.5918002128601074,0.7489928603172302,-0.002303129294887185,0.029795531183481216
2021-08-17 18:00:01,0.9084000587463379,0.9283000230789185,2.567000150680542,0.8368179798126221,-0.0015184114454314113,0.024968789890408516
2021-08-17 18:14:25,0.9040000438690186,0.9294000864028931,2.5941002368927,0.7525175213813782,-0.0028665221761912107,0.028494108468294144
2021-08-17 18:28:49,1.0130000114440918,0.8692000508308411,2.563199996948242,0.8574538230895996,-0.0010921406792476773,0.025564854964613914
2021-08-17 18:43:13,0.8791000843048096,0.9061000943183899,2.5785000324249268,0.7133514881134033,-0.002875176491215825,0.025386953726410866
2021-08-17 18:57:37,1.0161000490188599,0.8492000699043274,2.4519002437591553,0.8504593968391418,-0.0013881790218874812,0.029547233134508133
2021-08-17 19:12:01,0.8832000494003296,0.839400053024292,2.4524002075195312,0.7382011413574219,-0.002570078708231449,0.02858131192624569
2021-08-17 19:26:25,0.9468000531196594,0.9321000576019287,2.539100170135498,0.8625065684318542,-0.001330032479017973,0.02576972171664238
2021-08-17 19:40:49,1.0420000553131104,0.9169000387191772,2.5235002040863037,0.9570464491844177,-0.0007294457755051553,0.02569451928138733
2021-08-17 19:55:13,0.893500030040741,0.8642000555992126,2.6670000553131104,0.8260694146156311,-0.002646039240062237,0.029028646647930145
2021-08-17 20:09:37,1.0712001323699951,0.8617000579833984,2.642900228500366,0.9755757451057434,-0.002785222604870796,0.02882058545947075
2021-08-17 20:24:01,0.8568000197410583,0.9131000638008118,2.6760001182556152,0.8275551199913025,-0.0011689293896779418,0.026353809982538223
2021-08-17 20:38:25,0.8863000273704529,0.8698000311851501,2.6588001251220703,0.9625982642173767,-0.0028672111220657825,0.02548280544579029
2021-08-17 20:52:49,1.082900047302246,0.9123000502586365,2.6849002838134766,0.8418442606925964,-0.0013056558091193438,0.028891459107398987
2021-08-17 21:07:13,1.0754001140594482,0.917400062084198,2.652700185775757,0.9655388593673706,-0.002779089380055666,0.029189471155405045
2021-08-17 21:21:37,0.8916000723838806,0.868100106716156,2.692200183868408,0.8373425006866455,-0.0013877779711037874,0.026235347613692284
2021-08-17 21:36:01,1.0262001752853394,0.8956000804901123,2.7985000610351562,0.9407395720481873,-0.0013144101249054074,0.025836260989308357
2021-08-17 21:50:25,0.8595000505447388,0.8318000435829163,2.7711002826690674,0.8254339098930359,-0.0032399101182818413,0.029403995722532272
2021-08-17 22:04:49,0.9672000408172607,0.8642000555992126,2.7677001953125,0.8341158628463745,-0.0011939661344513297,0.02962437830865383
2021-08-17 22:19:13,0.8446000814437866,0.828700065612793,2.7962000370025635,0.9685722589492798,-0.002701391698792577,0.025388427078723907
2021-08-17 22:33:37,0.898300051689148,0.870400071144104,2.801500082015991,0.962762176990509,-0.0011955751106142998,0.026195881888270378
2021-08-17 22:48:01,0.8232000470161438,0.8095000386238098,2.7611002922058105,0.8111409544944763,-0.002777968067675829,0.02876501902937889
2021-08-17 23:02:25,0.8198000192642212,0.8169000744819641,2.805000066757202,0.7989374995231628,-0.0013399197487160563,0.02582138404250145
2021-08-17 23:16:49,0.8895000219345093,0.8735000491142273,2.770900249481201,0.8519693613052368,-0.002612215233966708,0.028397148475050926
2021-08-17 23:31:13,0.8045000433921814,0.8933000564575195,2.804500102996826,0.8463666439056396,-0.002535570412874222,0.028649887070059776
2021-08-17 23:45:37,0.8867000341415405,0.8163000345230103,2.7720000743865967,0.7839064002037048,-0.0015829476760700345,0.026445331051945686
2021-08-18 00:00:01,0.8443000316619873,0.8414000868797302,2.7940001487731934,0.7953141927719116,-0.0018583916826173663,0.026982124894857407